step,type,amount,nameOrig,oldbalanceOrg,newbalanceOrig,nameDest,oldbalanceDest,newbalanceDest,isFraud,isFlaggedFraud
259,CASH-OUT,49515.56,C2930429,2381183.88,2331668.32,C5904399,1115789.46,1165305.02,0,0
149,CASH-OUT,194779.96,C1040704,141756.23,0,C5696621,1914351.86,2109131.82,0,0
196,CASH-OUT,325084.08,C4068117,1607411.36,1282327.28,C6561463,174364.71,499448.79,0,0
547,CASH-OUT,46019.63,C2205999,4226966.84,4180947.21,C2358098,1394460.87,1440480.5,0,0
610,PAYMENT,14286.0,C4557389,1644380.76,1630094.76,M879232,175531.37,189817.37,0,0
591,CASH-OUT,14877.87,C2786380,2223791.39,2208913.52,C5562123,1553683.56,1568561.43,0,0
125,CASH-OUT,135797.91,C7779203,1239026.31,1103228.4,C9908172,1145326.73,1281124.64,0,0
142,PAYMENT,87307.36,C1588829,2479061.62,2391754.26,M154769,78914.49,166221.85,0,0
367,PAYMENT,102069.64,C5295628,4525592.05,4423522.41,M628497,1376547.09,1478616.73,0,0
58,PAYMENT,311279.08,C2597049,1491175.31,1179896.23,M254570,183649.93,494929.01,0,0
498,TRANSFER,463068.0,C7970568,310991.25,0,C1011927,962846.55,1425914.55,0,1
28,PAYMENT,49376.34,C8822626,4320282.91,4270906.57,M218966,1948918.81,1998295.15,0,0
106,TRANSFER,26234.7,C5387707,3859641.84,3833407.14,C4522083,171918.16,198152.86,0,0
26,CASH-IN,363473.04,C9413969,4834639.28,4471166.24,C7361326,1153115.1,1516588.14,0,0
616,CASH-OUT,127081.86,C2728987,3108928.48,2981846.62,C8909761,590085.54,717167.4,0,0
465,TRANSFER,3324.79,C9162298,178258.83,174934.04,C2186990,1470240.45,1470240.45,1,0
675,TRANSFER,128548.09,C2393930,826741.61,698193.52,C8133080,1902691.9,2031239.99,0,0
472,TRANSFER,136875.27,C7748642,4386421.25,4249545.98,C4254683,1299917.09,1436792.36,0,0
291,TRANSFER,370035.23,C9784818,1575065.33,1205030.1,C6426987,387654.54,757689.77,0,1
378,PAYMENT,1527335.5,C9020727,3838569.4,2311233.9,M885639,1310945.0,2838280.5,0,0
404,CASH-OUT,92072.19,C5276647,4852155.59,4760083.4,C7350686,1750757.29,1842829.48,0,0
675,CASH-OUT,14791.57,C2729965,687826.59,673035.02,C3433313,1859002.69,1873794.26,0,0
218,TRANSFER,159989.99,C1955654,110571.71,0,C9853487,1441139.85,1601129.84,0,0
655,PAYMENT,24618.69,C3700238,4844589.58,4819970.89,M784397,120956.95,145575.64,0,0
529,PAYMENT,157394.46,C7323459,4398696.71,4241302.25,M190857,600849.73,758244.19,0,0
369,CASH-OUT,174249.35,C1085302,2249246.19,2074996.84,C1791175,1686929.51,1861178.86,0,0
546,TRANSFER,14360.42,C1076853,157327.74,142967.32,C2838286,1561730.09,1561730.09,1,0
653,PAYMENT,306277.1,C5279882,4532107.56,4225830.46,M763929,348926.57,655203.67,0,0
685,CASH-IN,8300.39,C7511745,3573822.53,3565522.14,C9583501,356690.84,364991.23,0,0
494,CASH-IN,150998.32,C6410157,2343841.39,2192843.07,C6446837,379779.23,530777.55,0,0
592,CASH-OUT,150083.1,C4281977,3481852.38,3331769.28,C7742961,423394.63,573477.73,0,0
663,CASH-OUT,198814.7,C6697162,956609.38,757794.68,C8202792,1001351.54,1200166.24,0,0
219,CASH-OUT,286514.65,C3652497,3350847.03,3064332.38,C6783670,1662607.38,1949122.03,0,0
458,CASH-OUT,122126.06,C2577453,2938233.56,2816107.5,C9050574,135938.11,258064.17,0,0
10,TRANSFER,157127.56,C8247664,2624772.85,2467645.29,C9745237,844742.28,1001869.84,0,0
105,PAYMENT,294049.31,C6968200,2450710.49,2156661.18,M595703,765384.63,1059433.94,0,0
174,CASH-OUT,363614.47,C8207388,120942.03,0,C5380944,1189437.51,1553051.98,0,0
450,CASH-OUT,104951.64,C1342790,1941428.53,1836476.89,C2283319,1812868.77,1917820.41,0,0
273,CASH-OUT,353851.74,C6875484,730778.51,376926.77,C6977126,891564.93,1245416.67,0,0
170,CASH-IN,154924.11,C6762918,4738881.81,4583957.7,C6994040,1765603.05,1920527.16,0,0
680,CASH-OUT,280155.59,C3902281,2132098.55,1851942.96,C6522443,48815.9,328971.49,0,0
522,DEBIT,47432.15,C1597482,535822.16,488390.01,C9101905,1994960.87,2042393.02,0,0
23,CASH-IN,10773.87,C7013217,2338543.58,2327769.71,C9163338,811534.07,822307.94,0,0
79,TRANSFER,128313.34,C9695836,2921300.38,2792987.04,C4868719,1747172.49,1747172.49,1,0
680,PAYMENT,548013.39,C3765891,4143723.87,3595710.48,M287697,1587202.51,2135215.9,0,0
285,CASH-OUT,65321.51,C9978579,2609791.54,2544470.03,C2451101,732195.0,797516.51,0,0
675,CASH-OUT,50621.61,C9044721,3661069.59,3610447.98,C8523838,1452232.81,1502854.42,0,0
99,CASH-OUT,23502.63,C9336448,1419470.6,1395967.97,C4918973,1585908.42,1609411.05,0,0
270,CASH-OUT,116541.64,C6278724,4511723.96,4395182.32,C4842949,59192.29,59192.29,1,0
571,CASH-IN,610204.88,C1421518,4311258.42,3701053.54,C8098722,1898035.99,2508240.87,0,0
692,TRANSFER,46592.9,C9167709,1524323.76,1477730.86,C5145304,471053.76,517646.66,0,0
120,DEBIT,120752.03,C9334681,4744157.96,4623405.93,C4031110,967434.93,1088186.96,0,0
419,CASH-IN,5451.28,C1601437,850083.38,844632.1,C1836898,1946644.55,1952095.83,0,0
503,CASH-OUT,113589.34,C2527187,2114204.13,2000614.79,C5694247,1804916.68,1918506.02,0,0
626,TRANSFER,113779.59,C3274754,2307868.86,2194089.27,C7162835,1749396.34,1863175.93,0,0
167,TRANSFER,444292.99,C5973655,4846655.72,4402362.73,C2923721,736716.94,1181009.93,0,1
264,CASH-IN,61660.17,C8415450,2063512.29,2001852.12,C4739133,1448447.62,1510107.79,0,0
178,DEBIT,146014.6,C9111358,3550334.12,3404319.52,C4127147,1342252.7,1488267.3,0,0
724,CASH-IN,218685.49,C8309672,1056266.87,837581.38,C7481537,791614.09,1010299.58,0,0
127,TRANSFER,300830.25,C6699394,1091372.39,790542.14,C6184518,1187433.29,1488263.54,0,1
557,CASH-OUT,90237.51,C3147205,585329.59,495092.08,C1433173,1169168.2,1259405.71,0,0
431,CASH-IN,57901.09,C3163258,3409725.5,3351824.41,C5027574,1054242.46,1112143.55,0,0
508,PAYMENT,222633.96,C9757483,3852177.4,3629543.44,M337021,863526.2,1086160.16,0,0
390,PAYMENT,700603.26,C4351588,185784.91,0,M319207,412341.3,1112944.56,0,0
437,CASH-IN,143556.52,C9789430,3021281.47,2877724.95,C7007479,1009020.1,1152576.62,0,0
531,PAYMENT,29941.0,C6065004,3487994.27,3458053.27,M575037,1796340.79,1826281.79,0,0
546,CASH-IN,183.7,C5498766,1475124.1,1474940.4,C7592492,1824923.97,1825107.67,0,0
238,PAYMENT,109163.19,C1270761,4262158.66,4152995.47,M529236,812866.28,922029.47,0,0
261,CASH-OUT,219012.14,C1679073,1154925.91,935913.77,C3015437,114209.99,333222.13,0,0
100,TRANSFER,308939.3,C2582075,3813945.29,3505005.99,C8375450,435609.13,744548.43,0,1
77,TRANSFER,60092.28,C6316150,1488338.78,1428246.5,C5866649,609522.5,669614.78,0,0
367,CASH-IN,40791.18,C1324198,2507439.87,2466648.69,C9346377,243284.8,284075.98,0,0
352,TRANSFER,491597.84,C2031456,4175073.78,3683475.94,C7331922,473998.15,965595.99,0,1
570,PAYMENT,156462.29,C1219806,4384424.09,4227961.8,M510371,971162.65,1127624.94,0,0
442,TRANSFER,538488.02,C7760765,3123666.26,2585178.24,C7274161,605949.39,605949.39,1,1
21,CASH-OUT,369322.57,C7418562,4297884.83,3928562.26,C9535801,1813716.34,2183038.91,0,0
379,CASH-OUT,588695.83,C9635562,4855406.91,4266711.08,C6741841,801717.32,1390413.15,0,0
530,CASH-OUT,98259.62,C8102367,952030.98,853771.36,C8325006,1198466.67,1296726.29,0,0
111,CASH-IN,115427.15,C4394053,1707969.09,1592541.94,C6672348,438718.8,554145.95,0,0
561,PAYMENT,72779.29,C3190488,2754049.69,2681270.4,M914534,706489.87,779269.16,0,0
64,CASH-IN,25743.72,C7379134,937048.79,911305.07,C7763821,1581012.6,1606756.32,0,0
565,CASH-IN,260167.11,C9432536,675276.1,415108.99,C8089997,1508427.84,1768594.95,0,0
218,CASH-OUT,347469.0,C3171377,606323.24,258854.24,C7732686,310591.02,310591.02,1,0
357,CASH-IN,266911.12,C7526136,3209667.73,2942756.61,C1342918,1864977.77,2131888.89,0,0
674,DEBIT,211034.12,C8922807,4564787.8,4353753.68,C9682203,942551.69,1153585.81,0,0
40,CASH-OUT,31413.82,C5590215,293990.53,262576.71,C1278094,1477994.02,1509407.84,0,0
489,TRANSFER,23150.91,C6141829,3591547.44,3568396.53,C2569821,1842812.78,1865963.69,0,0
234,CASH-IN,21100.74,C6919462,1281639.12,1260538.38,C2909386,839982.87,861083.61,0,0
510,CASH-OUT,216460.75,C8621737,4840827.2,4624366.45,C8393987,227359.19,443819.94,0,0
307,CASH-IN,4762.99,C8795071,455910.02,451147.03,C7889906,903299.65,908062.64,0,0
586,TRANSFER,63759.12,C8383401,2165206.83,2101447.71,C9553428,215678.94,279438.06,0,0
561,CASH-IN,36725.02,C3232888,2638533.44,2601808.42,C9378380,429643.91,466368.93,0,0
83,TRANSFER,370177.75,C4340376,1637581.92,1267404.17,C3934013,1205500.5,1205500.5,1,1
38,CASH-OUT,82635.69,C3994505,3415771.61,3333135.92,C2719719,1668174.41,1750810.1,0,0
238,PAYMENT,178687.65,C7276568,3939652.0,3760964.35,M557747,1624478.38,1803166.03,0,0
338,CASH-IN,69545.9,C1935410,3104111.36,3034565.46,C1745233,1748472.99,1818018.89,0,0
47,CASH-IN,375247.75,C1712788,4345126.73,3969878.98,C1914440,323300.23,698547.98,0,0
392,DEBIT,556429.79,C3853811,1308893.74,752463.95,C2738233,978635.39,1535065.18,0,0
264,CASH-OUT,188948.01,C3496306,4253747.56,4064799.55,C1637443,761397.31,950345.32,0,0
102,TRANSFER,118810.26,C8735571,4414117.84,4295307.58,C3915395,1848476.58,1967286.84,0,0
372,CASH-IN,103735.17,C9277033,2205056.65,2101321.48,C9872735,1339519.11,1443254.28,0,0
549,CASH-OUT,412529.8,C8328056,3068921.8,2656392.0,C7316918,1809703.72,2222233.52,0,0
589,CASH-OUT,47301.65,C8556360,2430441.81,2383140.16,C3929629,1048900.47,1096202.12,0,0
24,CASH-IN,177146.78,C9770689,1163705.05,986558.27,C7652078,493760.96,670907.74,0,0
439,CASH-OUT,133613.27,C2470162,820252.15,686638.88,C9008243,358004.83,491618.1,0,0
20,PAYMENT,525635.94,C4864063,4288705.05,3763069.11,M906492,1880738.5,2406374.44,0,0
435,CASH-OUT,32299.98,C7126676,2263088.36,2230788.38,C3471747,901117.35,933417.33,0,0
665,TRANSFER,73850.79,C8971329,3852152.28,3778301.49,C5898193,1018298.41,1092149.2,0,0
653,CASH-OUT,12711.92,C4371497,4015265.67,4002553.75,C7946995,1380837.01,1393548.93,0,0
520,CASH-OUT,6935.15,C4970110,235163.38,228228.23,C3403063,561333.13,568268.28,0,0
428,CASH-OUT,97294.96,C4070287,3608725.98,3511431.02,C5638702,244849.21,342144.17,0,0
395,TRANSFER,27488.86,C6378717,4556719.33,4529230.47,C6445755,872859.04,900347.9,0,0
503,CASH-IN,397470.81,C2401053,4863454.94,4465984.13,C5950672,562597.33,960068.14,0,0
514,PAYMENT,529682.86,C6450154,4664755.55,4135072.69,M208172,29127.19,558810.05,0,0
127,CASH-IN,11284.36,C9251584,2750731.43,2739447.07,C8138534,1075264.94,1086549.3,0,0
301,CASH-OUT,88459.35,C5743181,1683364.98,1594905.63,C8613197,1530164.39,1618623.74,0,0
289,CASH-IN,23526.82,C3478635,571728.34,548201.52,C8123426,700720.57,724247.39,0,0
694,TRANSFER,45749.02,C7818119,2677704.01,2631954.99,C3521011,1658223.39,1703972.41,0,0
87,DEBIT,846791.19,C1484176,279685.48,0,C6037301,88141.82,934933.01,0,0
582,CASH-OUT,48261.29,C3263957,3511977.5,3463716.21,C2268951,1754551.74,1802813.03,0,0
729,PAYMENT,69352.52,C8232956,1298437.5,1229084.98,M455927,1763066.32,1832418.84,0,0
28,CASH-IN,320229.69,C7710537,4362822.11,4042592.42,C6420859,1280205.53,1600435.22,0,0
670,CASH-IN,51621.19,C3937212,652361.53,600740.34,C5045781,112525.94,164147.13,0,0
164,PAYMENT,283748.56,C4235513,1258219.74,974471.18,M678415,1828111.36,2111859.92,0,0
664,PAYMENT,281590.22,C8779212,4731680.26,4450090.04,M405689,1131752.88,1413343.1,0,0
98,CASH-OUT,715696.5,C1162360,973387.2,257690.7,C5361409,747918.21,1463614.71,0,0
285,CASH-OUT,195149.64,C7822749,3471364.58,3276214.94,C1722809,56917.58,252067.22,0,0
721,TRANSFER,168252.61,C9193918,2329706.95,2161454.34,C1397849,61465.44,229718.05,0,0
140,CASH-OUT,180682.34,C1763873,4646276.95,4465594.61,C3645215,956874.55,1137556.89,0,0
309,CASH-IN,619471.09,C8602396,3022903.6,2403432.51,C8358257,65753.7,685224.79,0,0
128,CASH-IN,153813.61,C2229222,3176754.17,3022940.56,C6662473,1293009.45,1446823.06,0,0
520,DEBIT,162204.09,C1370740,4728399.78,4566195.69,C2466675,1302595.2,1464799.29,0,0
185,CASH-OUT,544981.06,C5578808,1858863.34,1313882.28,C8425237,101674.66,646655.72,0,0
726,DEBIT,18482.36,C2389876,333759.37,315277.01,C3130692,1860144.16,1878626.52,0,0
741,CASH-IN,248721.85,C5538713,1665817.34,1417095.49,C5746754,1086345.56,1335067.41,0,0
420,CASH-OUT,154057.58,C1154334,2279405.14,2125347.56,C5657149,2208.84,156266.42,0,0
443,CASH-OUT,172408.62,C2462911,3257363.96,3084955.34,C7231868,636486.58,808895.2,0,0
284,PAYMENT,98675.5,C3795785,2237584.5,2138909.0,M963291,211790.58,310466.08,0,0
625,CASH-IN,162951.54,C8307917,4045900.32,3882948.78,C7220168,5996.44,168947.98,0,0
595,CASH-OUT,5873.88,C7720383,4035751.75,4029877.87,C7380828,21225.11,27098.99,0,0
290,CASH-OUT,255496.49,C5428479,1869909.55,1614413.06,C5729422,1986765.25,2242261.74,0,0
563,CASH-IN,357316.87,C7016796,135511.32,0,C3748734,1930825.98,2288142.85,0,0
380,CASH-OUT,92576.24,C3020073,3561570.31,3468994.07,C3218746,1090676.13,1183252.37,0,0
671,DEBIT,71775.95,C9028228,3952755.97,3880980.02,C3076457,1517762.45,1589538.4,0,0
578,CASH-OUT,316649.93,C5509042,4390218.83,4073568.9,C7041320,1397362.83,1714012.76,0,0
476,TRANSFER,277829.55,C3834083,3115366.2,2837536.65,C2652950,893701.68,1171531.23,0,1
698,CASH-OUT,267439.46,C2468174,2767842.8,2500403.34,C9698953,211290.78,478730.24,0,0
600,TRANSFER,346750.44,C1192818,2594954.54,2248204.1,C7160676,1584965.23,1931715.67,0,1
57,CASH-IN,263431.31,C5648413,4493939.44,4230508.13,C3228231,825279.3,1088710.61,0,0
72,CASH-IN,95213.44,C4694391,898116.09,802902.65,C4463925,626826.16,722039.6,0,0
686,PAYMENT,218899.4,C6703874,3373574.63,3154675.23,M628708,647398.4,866297.8,0,0
514,CASH-OUT,59033.74,C8318714,3357159.57,3298125.83,C4393144,1817057.11,1876090.85,0,0
537,CASH-IN,66906.76,C5374882,2371465.12,2304558.36,C9632381,28419.26,95326.02,0,0
135,TRANSFER,69506.47,C5664298,4427645.43,4358138.96,C4409780,211872.38,281378.85,0,0
63,CASH-OUT,85067.89,C4271845,4103519.32,4018451.43,C1019266,875677.25,960745.14,0,0
161,CASH-IN,47444.54,C8064505,4585179.73,4537735.19,C6469732,1035586.58,1083031.12,0,0
604,CASH-IN,178174.57,C6895279,3799058.7,3620884.13,C8008920,1130751.28,1308925.85,0,0
603,PAYMENT,312754.23,C3023914,4606073.74,4293319.51,M506308,763092.35,1075846.58,0,0
730,TRANSFER,79983.01,C2332025,2181772.07,2101789.06,C5651561,1352303.59,1432286.6,0,0
326,CASH-IN,17514.56,C3832869,2237289.21,2219774.65,C4761504,797899.1,815413.66,0,0
177,PAYMENT,248572.88,C1781802,412018.94,163446.06,M147890,513524.37,762097.25,0,0
432,CASH-OUT,464783.37,C8758290,4533046.14,4068262.77,C1869395,1361964.5,1826747.87,0,0
272,PAYMENT,99804.74,C6226009,1260154.11,1160349.37,M416928,328376.44,428181.18,0,0
692,CASH-OUT,82255.46,C8508899,3160109.67,3077854.21,C1867224,1655978.72,1738234.18,0,0
207,CASH-IN,27473.5,C8778227,1686545.07,1659071.57,C6870609,1230841.64,1258315.14,0,0
111,TRANSFER,289658.2,C5774214,3431011.56,3141353.36,C3242076,123731.74,123731.74,1,1
269,CASH-IN,219791.59,C4010493,2309005.83,2089214.24,C4150970,774402.26,994193.85,0,0
269,TRANSFER,129851.71,C9786361,3440983.85,3311132.14,C3878338,613604.8,743456.51,0,0
496,PAYMENT,384807.46,C6594118,2503649.72,2118842.26,M410685,1837192.34,2221999.8,0,0
577,CASH-OUT,22871.75,C5908548,547452.21,524580.46,C3666907,634759.35,657631.1,0,0
358,TRANSFER,199252.58,C5301794,99140.94,0,C2607629,113493.29,312745.87,0,0
527,CASH-OUT,229108.44,C5944158,2334392.22,2105283.78,C2723355,214299.36,443407.8,0,0
106,PAYMENT,467956.05,C1583071,4897303.0,4429346.95,M202908,1471773.85,1939729.9,0,0
17,CASH-OUT,345739.18,C3727174,3470636.68,3124897.5,C3929343,1001359.91,1347099.09,0,0
596,CASH-IN,18854.8,C5572041,847366.63,828511.83,C7959226,1441413.79,1460268.59,0,0
678,DEBIT,41325.5,C3701216,4995449.3,4954123.8,C6554692,1706839.52,1748165.02,0,0
503,CASH-IN,349348.74,C6765321,731117.0,381768.26,C6907900,591422.39,940771.13,0,0
508,DEBIT,202892.33,C1604794,4069265.36,3866373.03,C9542493,1311176.65,1514068.98,0,0
561,TRANSFER,12178.05,C6019337,555796.0,543617.95,C4505840,607350.79,607350.79,1,0
51,CASH-OUT,159390.53,C1097802,2365662.12,2206271.59,C5358675,853735.64,1013126.17,0,0
413,CASH-IN,205391.92,C3367515,262578.56,57186.64,C2410077,1819874.19,2025266.11,0,0
651,CASH-OUT,77689.11,C7575899,2397012.49,2319323.38,C9640235,603834.56,681523.67,0,0
54,CASH-OUT,462307.35,C7970303,886869.94,424562.59,C2250870,1238230.38,1700537.73,0,0
594,PAYMENT,3921.2,C1557120,1094071.52,1090150.32,M470200,1819639.23,1823560.43,0,0
42,CASH-OUT,276032.97,C8361800,4648365.25,4372332.28,C5549871,414005.91,690038.88,0,0
435,PAYMENT,50373.19,C3649042,1149008.67,1098635.48,M421859,1314559.61,1364932.8,0,0
222,CASH-OUT,39982.51,C7113630,31756.74,0,C5056527,938730.22,978712.73,0,0
723,CASH-OUT,256785.07,C1786310,3513720.29,3256935.22,C9467184,1936169.99,2192955.06,0,0
215,TRANSFER,23988.14,C4986883,3692302.35,3668314.21,C9860549,1222798.43,1246786.57,0,0
163,CASH-OUT,28524.12,C5773743,3816267.13,3787743.01,C4303133,1784586.98,1813111.1,0,0
367,CASH-OUT,263074.23,C7637675,1770303.63,1507229.4,C4744036,1690586.41,1953660.64,0,0
556,CASH-OUT,237284.74,C5914551,3730014.31,3492729.57,C9158703,328983.29,566268.03,0,0
526,PAYMENT,134013.35,C7210276,2503907.12,2369893.77,M373659,34922.15,168935.5,0,0
718,CASH-IN,449545.22,C4234995,1384798.35,935253.13,C5075680,896148.71,1345693.93,0,0
520,CASH-OUT,138286.67,C9193600,1721827.18,1583540.51,C3650442,1772343.38,1910630.05,0,0
555,PAYMENT,118095.18,C6078794,607877.94,489782.76,M247423,45473.92,163569.1,0,0
612,CASH-OUT,155195.94,C9164744,4820151.68,4664955.74,C5578730,739393.81,894589.75,0,0
537,CASH-OUT,49512.48,C5614198,2089107.77,2039595.29,C8845659,896235.58,945748.06,0,0
435,CASH-IN,295981.37,C9877216,1109914.59,813933.22,C7182227,302987.72,598969.09,0,0
38,TRANSFER,189335.96,C4848364,2645743.28,2456407.32,C6351846,14374.39,203710.35,0,0
358,CASH-OUT,669520.36,C1632846,448480.5,0,C4594486,268045.56,937565.92,0,0
95,CASH-OUT,10180.99,C7426457,1125836.65,1115655.66,C8992642,196584.34,206765.33,0,0
133,CASH-OUT,496416.72,C2805488,2578599.52,2082182.8,C1384472,1582278.45,2078695.17,0,0
568,CASH-OUT,49362.39,C1075541,2336563.82,2287201.43,C5700956,490793.49,540155.88,0,0
685,PAYMENT,41041.48,C5604337,3635766.86,3594725.38,M486229,1239537.53,1280579.01,0,0
340,CASH-OUT,270405.65,C5805139,4765263.24,4494857.59,C2970654,1281431.08,1551836.73,0,0
339,CASH-OUT,243755.16,C9506532,3923185.45,3679430.29,C1661683,1110254.04,1354009.2,0,0
736,TRANSFER,32202.07,C8402422,4636195.47,4603993.4,C4608282,1514709.45,1546911.52,0,0
133,PAYMENT,4206.28,C3218576,2906435.75,2902229.47,M675981,1356354.12,1360560.4,0,0
467,CASH-OUT,80871.21,C1051694,4260000.59,4179129.38,C7856275,904493.3,985364.51,0,0
242,PAYMENT,151624.64,C8303081,3149402.27,2997777.63,M196452,53333.86,204958.5,0,0
411,CASH-OUT,70455.2,C8176258,2078798.34,2008343.14,C8141060,1730214.47,1800669.67,0,0
316,TRANSFER,69632.58,C5637209,4575920.84,4506288.26,C4151415,45073.89,114706.47,0,0
109,PAYMENT,622793.55,C5968479,973255.17,350461.62,M394069,254557.19,877350.74,0,0
664,CASH-OUT,39716.71,C5491846,2448555.18,2408838.47,C2656479,278328.96,318045.67,0,0
483,TRANSFER,946734.2,C6644409,1899398.08,952663.88,C7630776,1662969.54,2609703.74,0,1
118,TRANSFER,128735.78,C4087000,4515637.85,4386902.07,C7357974,230323.48,359059.26,0,0
422,CASH-OUT,39331.51,C5734364,2355966.03,2316634.52,C5412955,485871.8,525203.31,0,0
266,CASH-OUT,279183.16,C4612730,1885541.48,1606358.32,C1671671,1729292.61,2008475.77,0,0
10,DEBIT,5736.68,C6004508,3794494.35,3788757.67,C6728498,279783.11,285519.79,0,0
391,CASH-OUT,286622.4,C8109937,127394.65,0,C6013714,53905.46,340527.86,0,0
210,TRANSFER,92681.76,C2833788,38169.67,0,C8281330,1474397.87,1567079.63,0,0
635,PAYMENT,232450.71,C2997895,4494987.77,4262537.06,M303427,1092515.47,1324966.18,0,0
163,CASH-OUT,11027.71,C3052386,4687499.37,4676471.66,C1514210,1212254.68,1223282.39,0,0
630,CASH-IN,115378.25,C5151991,1338908.96,1223530.71,C3817282,272103.91,387482.16,0,0
249,TRANSFER,128235.56,C6254434,3111143.03,2982907.47,C7163163,662855.64,791091.2,0,0
484,CASH-IN,652158.88,C8594832,2471226.28,1819067.4,C6075452,1442895.65,2095054.53,0,0
115,CASH-OUT,171401.81,C7669893,3800818.84,3629417.03,C6902435,784570.19,784570.19,1,0
736,CASH-OUT,72643.31,C9211595,765264.24,692620.93,C8313211,1496574.66,1569217.97,0,0
10,PAYMENT,44008.33,C1701878,4468083.77,4424075.44,M862997,522040.02,566048.35,0,0
443,PAYMENT,47358.64,C3214385,344162.96,296804.32,M814207,334452.46,381811.1,0,0
630,PAYMENT,392628.73,C7153400,1437576.07,1044947.34,M602615,1195174.5,1587803.23,0,0
536,CASH-OUT,194725.67,C1505641,105913.11,0,C9683833,487299.0,682024.67,0,0
520,PAYMENT,114180.01,C3719530,4002832.66,3888652.65,M219706,724024.56,838204.57,0,0
272,CASH-OUT,129890.37,C4588192,1553466.49,1423576.12,C2304060,1031288.38,1161178.75,0,0
697,TRANSFER,90298.62,C6754632,3037971.91,2947673.29,C1478088,747900.0,838198.62,0,0
661,CASH-OUT,242741.36,C3636617,2758549.89,2515808.53,C7790920,865012.45,1107753.81,0,0
381,TRANSFER,122564.13,C7678965,367275.92,244711.79,C3425177,777865.09,777865.09,1,0
90,CASH-IN,45465.47,C9206177,36689.8,0,C2474761,352817.33,398282.8,0,0
235,CASH-OUT,75398.55,C4191501,3023174.91,2947776.36,C1461968,604222.94,679621.49,0,0
238,CASH-OUT,451274.64,C1472005,863297.12,412022.48,C1645493,810567.73,1261842.37,0,0
357,CASH-OUT,176761.71,C6451965,3642325.61,3465563.9,C1668059,1632996.39,1809758.1,0,0
712,CASH-OUT,19374.02,C4110453,1025666.67,1006292.65,C3289774,947336.73,966710.75,0,0
519,PAYMENT,64694.43,C9106489,1550116.64,1485422.21,M717893,165660.1,230354.53,0,0
98,CASH-OUT,14399.5,C2854948,2721633.78,2707234.28,C5899348,563005.01,577404.51,0,0
275,PAYMENT,149836.48,C3518643,4339381.75,4189545.27,M447028,147660.9,297497.38,0,0
332,PAYMENT,21695.82,C3517392,1296563.69,1274867.87,M687769,1736130.79,1757826.61,0,0
46,DEBIT,635498.45,C8650709,3299769.33,2664270.88,C2511387,1022096.68,1657595.13,0,0
271,PAYMENT,141973.67,C1215361,3003704.79,2861731.12,M560332,1353132.99,1495106.66,0,0
653,CASH-OUT,145003.55,C2964553,4456022.88,4311019.33,C3918667,1215736.27,1360739.82,0,0
647,DEBIT,102421.42,C3894892,3010732.31,2908310.89,C1637684,1591953.4,1694374.82,0,0
8,CASH-IN,1266.98,C7112337,1998190.12,1996923.14,C1402025,1425067.88,1426334.86,0,0
241,DEBIT,195757.12,C1289271,1389697.84,1193940.72,C1096286,730781.89,926539.01,0,0
538,CASH-OUT,218420.25,C2007287,4065580.23,3847159.98,C6158597,933735.81,1152156.06,0,0
583,CASH-IN,282057.41,C3522976,3490548.03,3208490.62,C2768811,252091.01,534148.42,0,0
184,CASH-IN,340343.27,C7687635,1634094.52,1293751.25,C3145091,981471.36,1321814.63,0,0
384,CASH-OUT,63218.32,C5698200,2724988.51,2661770.19,C4736122,1370064.08,1433282.4,0,0
197,TRANSFER,295242.34,C2028828,2713429.39,2418187.05,C2254247,1563625.48,1858867.82,0,1
515,CASH-OUT,78632.63,C1870542,4124127.97,4045495.34,C8598428,1266299.7,1344932.33,0,0
688,CASH-IN,87604.95,C3949592,3558589.84,3470984.89,C7175477,15211.62,102816.57,0,0
740,CASH-IN,257595.56,C1002897,3212484.07,2954888.51,C1569667,983362.27,1240957.83,0,0
140,TRANSFER,131772.76,C4227090,4953114.57,4821341.81,C9147223,1247742.93,1379515.69,0,0
720,PAYMENT,1611.36,C8461557,1130213.2,1128601.84,M700776,1106314.33,1107925.69,0,0
559,TRANSFER,91979.75,C4408312,159991.89,68012.14,C9199422,1722425.16,1814404.91,0,0
419,CASH-IN,226124.04,C3444856,2897723.51,2671599.47,C7615678,930076.57,1156200.61,0,0
225,CASH-OUT,69445.71,C8851054,4306685.67,4237239.96,C6228828,1540497.98,1609943.69,0,0
141,CASH-OUT,397965.84,C3328928,1667676.31,1269710.47,C8044124,863148.92,1261114.76,0,0
36,CASH-IN,60770.81,C2744907,865429.79,804658.98,C8460487,1138470.17,1199240.98,0,0
388,CASH-IN,70915.52,C7012840,1535099.0,1464183.48,C7832782,1882417.0,1953332.52,0,0
552,TRANSFER,218612.17,C4912794,1794685.58,1576073.41,C4229464,1594204.76,1812816.93,0,1
582,CASH-OUT,410271.55,C3760648,4377058.84,3966787.29,C4102476,1376517.66,1786789.21,0,0
183,CASH-OUT,42992.7,C3796482,3202423.61,3159430.91,C4330674,280697.57,323690.27,0,0
535,CASH-OUT,252194.76,C6798244,3756085.46,3503890.7,C6644700,1386871.11,1639065.87,0,0
413,CASH-IN,24493.22,C8663576,3979860.47,3955367.25,C8827516,1404192.96,1428686.18,0,0
484,DEBIT,50736.15,C8873010,2087672.03,2036935.88,C2710644,524235.46,574971.61,0,0
731,CASH-IN,221129.61,C3143176,2670516.53,2449386.92,C3718002,1473077.77,1694207.38,0,0
177,PAYMENT,253375.89,C8796604,3079686.78,2826310.89,M172995,436581.79,689957.68,0,0
262,TRANSFER,21303.48,C2782145,2926329.62,2905026.14,C4447268,1081583.44,1102886.92,0,0
715,CASH-OUT,233035.91,C5976210,3111222.28,2878186.37,C3009935,415236.56,648272.47,0,0
249,TRANSFER,98609.75,C3750856,3548684.85,3450075.1,C4267589,938829.95,1037439.7,0,0
229,TRANSFER,190569.82,C3055283,560607.19,370037.37,C1471002,1303508.01,1494077.83,0,0
672,PAYMENT,7850.19,C8506362,4038053.58,4030203.39,M382812,1602001.32,1609851.51,0,0
496,CASH-IN,136317.07,C7129540,3022494.78,2886177.71,C2710319,1468296.3,1604613.37,0,0
142,PAYMENT,18708.67,C5997784,4751024.7,4732316.03,M835724,1130955.86,1149664.53,0,0
43,CASH-OUT,53716.32,C2544119,2192219.24,2138502.92,C3217657,1900094.46,1953810.78,0,0
187,CASH-OUT,198892.06,C3307365,2055578.13,1856686.07,C9012837,326936.17,525828.23,0,0
331,TRANSFER,274189.67,C7814666,1378595.28,1104405.61,C8320284,511919.2,786108.87,0,1
35,CASH-OUT,341098.46,C3488252,2342920.86,2001822.4,C3348152,520671.77,861770.23,0,0
161,CASH-IN,33303.98,C3534432,1524156.34,1490852.36,C6429433,651585.64,684889.62,0,0
445,PAYMENT,253.15,C2940234,1525978.37,1525725.22,M671276,1258605.12,1258858.27,0,0
64,CASH-OUT,356944.59,C4093273,2405758.05,2048813.46,C7648703,1998858.52,2355803.11,0,0
325,CASH-IN,158414.23,C4521539,3821415.26,3663001.03,C1266712,789834.23,948248.46,0,0
429,DEBIT,14003.23,C6332761,3681266.2,3667262.97,C1488860,623466.06,637469.29,0,0
171,CASH-IN,673417.22,C8958980,3833497.66,3160080.44,C7446644,364049.98,1037467.2,0,0
737,CASH-OUT,62041.38,C4720838,3822041.52,3760000.14,C5844416,794924.41,856965.79,0,0
193,CASH-IN,106352.52,C9009188,1885655.31,1779302.79,C9244917,1552414.09,1658766.61,0,0
579,PAYMENT,342695.31,C9400166,3087985.27,2745289.96,M148612,1725143.03,2067838.34,0,0
403,CASH-OUT,9253.19,C6794356,4888479.11,4879225.92,C6748817,1966878.57,1976131.76,0,0
320,CASH-IN,1835.93,C2917880,2464619.32,2462783.39,C7529437,403832.12,405668.05,0,0
247,PAYMENT,364726.72,C6097277,1542617.06,1177890.34,M116470,1441760.72,1806487.44,0,0
574,CASH-OUT,128641.29,C1719188,3075300.12,2946658.83,C8690778,472839.74,601481.03,0,0
260,CASH-OUT,110011.66,C4403433,900687.87,790676.21,C7948780,223166.0,333177.66,0,0
412,PAYMENT,165468.69,C1434755,1391752.53,1226283.84,M984642,710636.75,876105.44,0,0
354,CASH-OUT,297164.35,C9907658,233958.97,0,C7947744,858220.96,1155385.31,0,0
501,CASH-IN,91301.3,C4893546,4428072.61,4336771.31,C1673646,907118.06,998419.36,0,0
36,CASH-OUT,205855.44,C3978371,1612935.98,1407080.54,C1870912,1194095.29,1399950.73,0,0
714,CASH-IN,75092.3,C5640813,2390740.19,2315647.89,C7010576,1624848.48,1699940.78,0,0
216,PAYMENT,210914.82,C1173825,1241725.65,1030810.83,M817269,893911.54,1104826.36,0,0
148,TRANSFER,108834.36,C5513372,887842.13,779007.77,C7239179,772846.5,881680.86,0,0
342,TRANSFER,258554.16,C1548940,3965550.62,3706996.46,C2387223,609156.95,867711.11,0,1
160,PAYMENT,109535.74,C2357073,10077.22,0,M531052,1816357.04,1925892.78,0,0
163,CASH-OUT,88465.75,C1290866,3914818.32,3826352.57,C2589907,744480.16,832945.91,0,0
441,CASH-IN,165584.97,C8222752,1144582.88,978997.91,C2230672,1572075.68,1737660.65,0,0
705,CASH-IN,3791.02,C5777876,4962896.06,4959105.04,C9550025,608937.81,612728.83,0,0
170,CASH-IN,123200.19,C9337424,207631.53,84431.34,C6692560,1683515.87,1806716.06,0,0
103,CASH-OUT,156018.61,C8322075,2935715.6,2779696.99,C7927294,615076.59,771095.2,0,0
590,CASH-OUT,374879.87,C4180605,2697347.5,2322467.63,C3886428,1125162.51,1500042.38,0,0
704,CASH-OUT,186123.71,C7025255,4794834.57,4608710.86,C7572032,1721381.78,1907505.49,0,0
655,DEBIT,48651.31,C5341246,2695254.99,2646603.68,C6925358,1839925.91,1888577.22,0,0
160,CASH-IN,307757.11,C6952588,3160207.29,2852450.18,C4658138,1091857.73,1399614.84,0,0
624,CASH-OUT,331002.14,C1525374,1656119.96,1325117.82,C3452079,1380463.31,1711465.45,0,0
259,PAYMENT,98342.72,C4943947,1046970.49,948627.77,M626615,1397504.37,1495847.09,0,0
49,CASH-IN,398872.08,C8190632,4001322.22,3602450.14,C8626714,81097.82,479969.9,0,0
313,PAYMENT,246106.01,C5571211,428837.41,182731.4,M352451,1699525.78,1945631.79,0,0
311,CASH-OUT,32187.36,C4275687,4612192.47,4580005.11,C9785298,1109328.46,1141515.82,0,0
690,CASH-OUT,71076.48,C8383492,3776177.45,3705100.97,C9008283,1929996.74,2001073.22,0,0
390,DEBIT,56720.83,C5331082,3353662.13,3296941.3,C6731897,1242712.48,1299433.31,0,0
496,CASH-OUT,491189.94,C6954206,787003.69,295813.75,C2195507,320679.06,811869.0,0,0
79,PAYMENT,265402.36,C4710207,283080.31,17677.95,M245883,907927.46,1173329.82,0,0
607,CASH-IN,45019.83,C6216918,357478.68,312458.85,C1575246,47724.31,92744.14,0,0
410,PAYMENT,89662.48,C3697211,1565750.11,1476087.63,M437505,554692.98,644355.46,0,0
685,TRANSFER,70878.89,C3317185,2554205.52,2483326.63,C6769901,178292.34,249171.23,0,0
530,CASH-OUT,82112.57,C2362084,3572451.6,3490339.03,C3512574,1710367.31,1792479.88,0,0
260,CASH-OUT,100376.58,C5916660,1419211.27,1318834.69,C3550066,60297.77,160674.35,0,0
237,CASH-OUT,573291.79,C7476480,2799619.17,2226327.38,C3215321,346604.75,919896.54,0,0
557,CASH-OUT,152921.71,C4528979,3267993.67,3115071.96,C1782672,1184924.41,1337846.12,0,0
75,PAYMENT,69725.41,C5400452,1180911.54,1111186.13,M699751,1934121.26,2003846.67,0,0
616,CASH-OUT,222302.77,C3473128,4526671.45,4304368.68,C7682601,571004.27,571004.27,1,0
324,PAYMENT,272509.69,C5923989,2103746.08,1831236.39,M404894,995147.31,1267657.0,0,0
598,CASH-OUT,19748.9,C3311772,2167174.84,2147425.94,C3758900,1050710.33,1070459.23,0,0
409,TRANSFER,135087.64,C8149819,4330811.7,4195724.06,C7014612,1269810.15,1404897.79,0,0
668,TRANSFER,431240.87,C4580043,1418779.31,987538.44,C6079945,1399965.65,1831206.52,0,1
355,CASH-OUT,19687.56,C8003061,2071439.5,2051751.94,C5737518,2471.82,2471.82,1,0
424,CASH-OUT,14707.74,C2381626,989263.19,974555.45,C5005197,90702.65,105410.39,0,0
588,TRANSFER,31697.22,C1118779,4215206.94,4183509.72,C5439756,1673307.11,1673307.11,1,0
307,TRANSFER,167659.65,C1981806,4982724.36,4815064.71,C2046351,1560616.69,1728276.34,0,0
550,PAYMENT,22333.22,C8997148,435068.27,412735.05,M388583,1458508.39,1480841.61,0,0
277,PAYMENT,5669.92,C6066725,358858.61,353188.69,M991235,1677576.04,1683245.96,0,0
729,CASH-OUT,306573.63,C1539160,2873047.0,2566473.37,C5153725,1030698.37,1337272.0,0,0
1,CASH-IN,21840.81,C9590457,1682125.46,1660284.65,C8740759,1268839.05,1290679.86,0,0
737,PAYMENT,173228.38,C3029781,557245.43,384017.05,M431494,1050754.66,1223983.04,0,0
544,TRANSFER,845363.75,C4458628,1511456.4,666092.65,C1866981,429726.91,1275090.66,0,1
694,DEBIT,2365.86,C5920533,2463491.0,2461125.14,C5232824,1401382.82,1403748.68,0,0
201,TRANSFER,262465.21,C3366632,3320865.02,3058399.81,C1937286,1843206.84,2105672.05,0,1
394,CASH-OUT,131338.71,C7467421,2193333.3,2061994.59,C5513162,592753.6,724092.31,0,0
537,PAYMENT,170579.9,C9945493,4943482.09,4772902.19,M493087,1609067.92,1779647.82,0,0
2,TRANSFER,474360.87,C6329632,1115757.93,641397.06,C5065927,813745.45,1288106.32,0,1
58,CASH-OUT,250580.17,C5489325,2846240.32,2595660.15,C4164777,1414362.49,1664942.66,0,0
118,CASH-IN,218933.93,C6414785,311493.8,92559.87,C7563813,682890.29,901824.22,0,0
652,CASH-OUT,382477.73,C6583416,3465189.85,3082712.12,C3687283,1304600.75,1687078.48,0,0
59,CASH-IN,274022.47,C2347160,441621.57,167599.1,C4115683,382636.23,656658.7,0,0
448,CASH-IN,28385.97,C2991850,4183392.95,4155006.98,C1328037,350449.26,378835.23,0,0
219,CASH-OUT,11316.69,C9511178,3405679.13,3394362.44,C9793728,364196.8,375513.49,0,0
729,PAYMENT,589887.25,C6023958,4019971.31,3430084.06,M104737,1390541.74,1980428.99,0,0
723,CASH-IN,62493.31,C2407372,4390864.17,4328370.86,C6693368,1447476.6,1509969.91,0,0
740,CASH-OUT,432011.93,C6302612,3930775.16,3498763.23,C4352112,1765811.43,2197823.36,0,0
646,TRANSFER,166004.96,C1325811,2292363.65,2126358.69,C5041399,137381.43,303386.39,0,0
523,TRANSFER,305233.95,C8813589,3937690.94,3632456.99,C7515823,218219.05,523453.0,0,1
729,TRANSFER,245048.23,C5408924,3825194.25,3580146.02,C2000065,1872181.36,2117229.59,0,1
3,CASH-IN,30240.84,C7511925,2430709.08,2400468.24,C1695926,1828543.71,1858784.55,0,0
325,CASH-OUT,60890.89,C1204852,3615919.85,3555028.96,C1241889,1732143.73,1793034.62,0,0
264,TRANSFER,291460.8,C1552793,4547355.04,4255894.24,C2876643,1373425.69,1664886.49,0,1
499,CASH-OUT,104020.35,C7138977,4120771.56,4016751.21,C8283996,1311446.45,1415466.8,0,0
175,TRANSFER,546074.54,C5570459,503895.86,0,C9637629,1788213.71,2334288.25,0,1
689,TRANSFER,33547.49,C8155454,1179405.23,1145857.74,C2134952,1830836.7,1864384.19,0,0
205,CASH-OUT,454143.78,C3513236,1444787.35,990643.57,C8381696,1300603.41,1754747.19,0,0
472,CASH-IN,643550.39,C9887231,2657687.97,2014137.58,C9158253,1492493.93,2136044.32,0,0
419,CASH-OUT,42430.49,C8015778,2721252.67,2678822.18,C4520656,1377660.36,1420090.85,0,0
632,CASH-OUT,79723.67,C3112753,1894479.69,1814756.02,C4104194,1269559.83,1349283.5,0,0
346,CASH-OUT,123080.55,C6632154,2440951.36,2317870.81,C3348577,412466.48,535547.03,0,0
239,CASH-IN,74322.01,C3879144,1556267.89,1481945.88,C5775069,393083.38,467405.39,0,0
718,PAYMENT,162452.06,C1746993,4998449.55,4835997.49,M515032,1049370.17,1211822.23,0,0
584,CASH-OUT,235606.93,C8010848,247249.34,11642.41,C3643205,1280387.34,1515994.27,0,0
490,CASH-OUT,13436.05,C4913073,537571.96,524135.91,C2745511,1942351.93,1955787.98,0,0
212,TRANSFER,131660.73,C9245252,1322563.42,1190902.69,C9941714,140272.14,271932.87,0,0
261,PAYMENT,219087.8,C5638291,514983.17,295895.37,M652953,1951540.5,2170628.3,0,0
637,TRANSFER,203207.14,C6463909,338578.36,135371.22,C3651878,406045.61,609252.75,0,1
584,CASH-OUT,90626.05,C3395732,2910876.07,2820250.02,C3778521,691435.63,782061.68,0,0
362,DEBIT,265741.08,C7437113,3361146.23,3095405.15,C4845904,292911.19,558652.27,0,0
381,CASH-OUT,302414.01,C1194520,2219933.21,1917519.2,C9963947,262275.12,564689.13,0,0
16,TRANSFER,293027.94,C4249973,4056668.37,3763640.43,C5045910,559242.74,852270.68,0,1
23,CASH-OUT,254591.05,C9331771,361934.34,107343.29,C1700222,782016.54,1036607.59,0,0
195,CASH-OUT,144400.11,C4913236,1840150.51,1695750.4,C7748211,822322.84,966722.95,0,0
568,DEBIT,139880.31,C3675906,1477671.42,1337791.11,C1690100,1007556.65,1147436.96,0,0
556,CASH-IN,170212.12,C1341308,2232037.97,2061825.85,C9380756,1707342.32,1877554.44,0,0
481,CASH-OUT,179720.76,C5045848,1578548.22,1398827.46,C2338903,477663.64,477663.64,1,0
278,CASH-OUT,173512.68,C3887034,4222366.83,4048854.15,C6038202,1443673.23,1617185.91,0,0
375,PAYMENT,401336.04,C6414020,1295198.62,893862.58,M881862,219066.16,620402.2,0,0
739,TRANSFER,315181.88,C7924932,2514073.6,2198891.72,C7874243,1576881.3,1892063.18,0,1
300,CASH-IN,261772.43,C3811267,4030153.15,3768380.72,C8214013,359797.53,621569.96,0,0
223,PAYMENT,447620.97,C1084578,4744114.83,4296493.86,M289834,1263002.1,1710623.07,0,0
593,PAYMENT,75782.84,C4192761,2964200.41,2888417.57,M397733,208542.37,284325.21,0,0
91,PAYMENT,10307.01,C2720520,3124765.51,3114458.5,M694119,279369.83,289676.84,0,0
675,PAYMENT,51215.33,C4336020,4386752.17,4335536.84,M803395,1423207.13,1474422.46,0,0
85,CASH-OUT,20676.03,C3504003,2257894.37,2237218.34,C1257893,1953885.38,1974561.41,0,0
128,PAYMENT,184852.88,C6872952,609771.9,424919.02,M732876,1216937.04,1401789.92,0,0
142,TRANSFER,61191.69,C7144622,1067706.42,1006514.73,C8307888,255802.56,316994.25,0,0
125,CASH-IN,120245.0,C4380501,4135932.99,4015687.99,C6805550,1030123.31,1150368.31,0,0
350,CASH-OUT,39146.57,C5354102,2970267.53,2931120.96,C7267191,465659.02,504805.59,0,0
145,PAYMENT,118906.05,C2835784,73244.65,0,M897338,937892.06,1056798.11,0,0
409,CASH-IN,381624.16,C9744198,1460331.85,1078707.69,C9668832,1824523.39,2206147.55,0,0
336,CASH-IN,187961.23,C7651446,3035143.81,2847182.58,C8459245,18207.38,206168.61,0,0
323,CASH-IN,184854.83,C6832519,4664751.04,4479896.21,C2152928,1224014.8,1408869.63,0,0
714,CASH-OUT,2714.39,C5387333,1325536.64,1322822.25,C2468125,1670019.6,1672733.99,0,0
273,CASH-OUT,237497.89,C1321876,1157283.54,919785.65,C2486607,80987.19,318485.08,0,0
407,PAYMENT,125694.23,C6321920,3907462.43,3781768.2,M109468,672287.64,797981.87,0,0
231,CASH-IN,69055.44,C2195525,4273484.09,4204428.65,C9795777,1076864.47,1145919.91,0,0
354,TRANSFER,339724.66,C7347713,82342.78,0,C5411385,958041.21,1297765.87,0,1
230,PAYMENT,172464.57,C6031108,1055867.35,883402.78,M910549,1178792.24,1351256.81,0,0
504,PAYMENT,207887.11,C6720586,3376591.94,3168704.83,M545669,1253742.24,1461629.35,0,0
40,DEBIT,85204.67,C6384168,4448373.69,4363169.02,C3691090,130404.75,215609.42,0,0
143,CASH-OUT,2548.26,C1657083,4707473.05,4704924.79,C5768006,455838.75,458387.01,0,0
223,PAYMENT,223069.71,C3294080,492363.33,269293.62,M802720,1800694.48,2023764.19,0,0
561,CASH-OUT,163217.55,C4627942,1162918.98,999701.43,C9014303,1884486.53,2047704.08,0,0
119,CASH-OUT,32635.09,C8816324,4627391.87,4594756.78,C4105650,229559.51,262194.6,0,0
599,CASH-IN,6865.57,C8864812,1472101.16,1465235.59,C8092255,923886.82,930752.39,0,0
709,PAYMENT,276660.26,C8620691,203471.64,0,M977806,281806.38,558466.64,0,0
510,CASH-OUT,97033.87,C3224153,146526.01,49492.14,C8353400,1355782.47,1452816.34,0,0
274,CASH-OUT,1419.92,C6470386,4620979.83,4619559.91,C3024765,450944.8,452364.72,0,0
403,CASH-OUT,431926.62,C3120019,2232454.74,1800528.12,C7002677,1256723.66,1688650.28,0,0
107,TRANSFER,894.54,C7908154,648238.0,647343.46,C6391720,1246825.37,1247719.91,0,0
386,PAYMENT,207628.2,C7659264,4677789.32,4470161.12,M339486,76072.16,283700.36,0,0
406,DEBIT,425415.28,C2180726,2436972.88,2011557.6,C7777377,1283689.45,1709104.73,0,0
414,DEBIT,266409.5,C1288530,2151771.48,1885361.98,C1271304,1963081.16,2229490.66,0,0
190,CASH-IN,177921.83,C2956772,3103664.4,2925742.57,C2841757,236538.66,414460.49,0,0
21,CASH-OUT,73437.51,C3878007,171812.11,98374.6,C1597867,836160.39,909597.9,0,0
281,CASH-IN,99139.06,C6408249,1016494.53,917355.47,C1102639,1194546.29,1293685.35,0,0
715,CASH-OUT,71486.07,C7539524,1980111.46,1908625.39,C7526407,717501.0,788987.07,0,0
528,CASH-OUT,113750.61,C7311737,4480615.11,4366864.5,C1044809,1360752.55,1474503.16,0,0
361,TRANSFER,263774.77,C3788144,2680161.21,2416386.44,C7128207,242360.6,506135.37,0,1
198,PAYMENT,564739.58,C3415984,985684.04,420944.46,M972736,1964475.0,2529214.58,0,0
536,CASH-OUT,33401.13,C6419096,4359792.33,4326391.2,C5498051,1843210.75,1843210.75,1,0
498,TRANSFER,46154.49,C3405269,924965.94,878811.45,C3735303,186293.81,232448.3,0,0
539,TRANSFER,233269.0,C8024244,1986624.53,1753355.53,C3266434,971803.42,1205072.42,0,1
631,CASH-IN,54155.0,C3016351,1903361.96,1849206.96,C9535170,591855.72,646010.72,0,0
634,PAYMENT,52655.56,C7380181,542606.24,489950.68,M462251,1368752.59,1421408.15,0,0
64,CASH-IN,442476.21,C2435148,3464149.37,3021673.16,C1436450,1674031.71,2116507.92,0,0
146,TRANSFER,351881.77,C3195854,1961882.03,1610000.26,C6488148,580219.37,932101.14,0,1
651,PAYMENT,185277.0,C1228650,3778288.87,3593011.87,M328849,258764.09,444041.09,0,0
290,CASH-IN,25196.45,C6303991,3915491.5,3890295.05,C8212853,424528.14,449724.59,0,0
273,CASH-OUT,129146.38,C5430409,424386.39,295240.01,C8598333,1133631.81,1262778.19,0,0
513,PAYMENT,65200.94,C6184019,2675467.13,2610266.19,M945079,1929114.31,1994315.25,0,0
592,CASH-OUT,283292.59,C6123783,1457440.59,1174148.0,C3590956,1267762.56,1551055.15,0,0
50,PAYMENT,176176.11,C5200795,868374.43,692198.32,M378379,1852038.23,2028214.34,0,0
323,CASH-IN,42270.74,C7406169,3498651.02,3456380.28,C5527434,211912.85,254183.59,0,0
667,CASH-OUT,154867.91,C3888739,2022163.83,1867295.92,C2390680,1570462.37,1725330.28,0,0
24,DEBIT,150429.46,C4914060,48622.67,0,C7100933,1863837.55,2014267.01,0,0
9,CASH-OUT,407344.2,C8982396,1145878.54,738534.34,C8148678,50717.04,458061.24,0,0
275,DEBIT,37020.77,C5882186,3332396.44,3295375.67,C9312421,907403.3,944424.07,0,0
614,TRANSFER,4520.67,C1941905,1130927.25,1126406.58,C8530555,1098200.0,1102720.67,0,0
647,CASH-IN,246670.6,C6224917,952550.15,705879.55,C4845609,1285633.7,1532304.3,0,0
295,CASH-OUT,131066.94,C2397975,913255.89,782188.95,C5876009,1992318.34,2123385.28,0,0
555,CASH-OUT,104144.79,C7535083,2660892.99,2556748.2,C4538750,996645.05,1100789.84,0,0
357,CASH-OUT,22027.32,C8611692,338427.25,316399.93,C6366176,1322322.83,1344350.15,0,0
709,DEBIT,105283.69,C8008841,2408268.1,2302984.41,C6901239,239653.25,344936.94,0,0
362,CASH-IN,596114.29,C4974624,2275226.14,1679111.85,C5961348,962143.4,1558257.69,0,0
543,CASH-OUT,644708.03,C9723461,2884440.5,2239732.47,C3527542,1184769.39,1829477.42,0,0
567,DEBIT,474018.6,C3614032,3552705.23,3078686.63,C5779755,1931112.53,2405131.13,0,0
16,CASH-IN,146258.0,C8362760,1226818.51,1080560.51,C3254624,53058.85,199316.85,0,0
214,CASH-OUT,154361.02,C2707109,2819534.93,2665173.91,C7965979,835954.46,990315.48,0,0
358,CASH-IN,78877.58,C9288972,1678834.93,1599957.35,C5038112,1439254.48,1518132.06,0,0
195,PAYMENT,539758.46,C7283409,1739944.98,1200186.52,M542941,948676.5,1488434.96,0,0
364,CASH-OUT,108295.76,C6486792,4615487.16,4507191.4,C8738706,1054439.78,1162735.54,0,0
42,CASH-OUT,6890.62,C2921844,2879161.94,2872271.32,C9528112,433096.89,439987.51,0,0
53,CASH-OUT,12096.46,C8800707,4872703.85,4860607.39,C2371553,1572788.64,1584885.1,0,0
191,TRANSFER,22541.59,C1841126,2932396.69,2909855.1,C6775680,517919.73,540461.32,0,0
192,CASH-OUT,73675.82,C9559633,657044.74,583368.92,C4518597,414437.99,488113.81,0,0
623,PAYMENT,78277.43,C5905279,1093751.63,1015474.2,M666837,554758.41,633035.84,0,0
246,PAYMENT,137215.67,C4725431,962863.62,825647.95,M670265,336838.16,474053.83,0,0
404,CASH-IN,11312.33,C2298472,4431409.51,4420097.18,C9625062,1969810.47,1981122.8,0,0
215,CASH-IN,64372.82,C2820691,2764390.91,2700018.09,C4344495,572657.26,637030.08,0,0
457,CASH-OUT,328072.17,C4720207,3020072.94,2692000.77,C5566174,926109.02,926109.02,1,0
374,CASH-OUT,296604.02,C7553839,1491837.89,1195233.87,C7384399,1638687.74,1935291.76,0,0
364,CASH-OUT,212478.98,C5609374,3248996.59,3036517.61,C7320552,705809.22,705809.22,1,0
385,TRANSFER,127420.66,C3794854,4324128.97,4196708.31,C2571728,967255.66,1094676.32,0,0
474,CASH-IN,43827.18,C3681740,1654941.16,1611113.98,C5900886,1433859.88,1477687.06,0,0
714,CASH-IN,280375.81,C5695731,1001822.49,721446.68,C7375806,1041756.15,1322131.96,0,0
131,CASH-OUT,438015.61,C7208885,1166457.78,728442.17,C8462650,910213.1,910213.1,1,0
320,CASH-OUT,109521.82,C6781195,3181724.25,3072202.43,C9695174,664073.11,664073.11,1,0
696,CASH-OUT,13868.78,C3520759,2867339.49,2853470.71,C1675083,351993.98,365862.76,0,0
251,CASH-IN,3208.51,C8344164,4663773.17,4660564.66,C4570107,1956371.64,1959580.15,0,0
715,PAYMENT,382539.27,C7606887,407036.0,24496.73,M129941,21602.13,404141.4,0,0
263,TRANSFER,70614.3,C9956507,4988512.37,4917898.07,C9578802,941710.41,1012324.71,0,0
306,CASH-IN,34765.05,C8452993,4826028.92,4791263.87,C4415647,692378.18,727143.23,0,0
385,PAYMENT,27508.7,C5773785,4105152.38,4077643.68,M286506,1442792.55,1470301.25,0,0
662,PAYMENT,107878.48,C1202669,4342875.66,4234997.18,M929253,149046.67,256925.15,0,0
396,CASH-IN,56358.76,C4437518,1214070.5,1157711.74,C1047605,6647.01,63005.77,0,0
450,CASH-OUT,46411.85,C5309462,1753260.75,1706848.9,C9368660,331962.19,378374.04,0,0
167,CASH-IN,81102.55,C8516291,4046796.95,3965694.4,C1907747,554657.4,635759.95,0,0
247,PAYMENT,177325.62,C5491372,3232915.94,3055590.32,M253971,1138293.73,1315619.35,0,0
431,TRANSFER,339581.75,C5826572,818738.89,479157.14,C3048973,1976810.66,2316392.41,0,1
85,TRANSFER,120780.22,C4906001,2583610.75,2462830.53,C9394218,95129.64,215909.86,0,0
154,CASH-OUT,608913.09,C9743603,959901.31,350988.22,C2713346,1461054.82,2069967.91,0,0
122,DEBIT,67192.21,C8865678,3247949.99,3180757.78,C7697537,650352.13,717544.34,0,0
688,CASH-IN,79639.54,C4917359,3842481.49,3762841.95,C1841060,1147478.75,1227118.29,0,0
319,TRANSFER,30706.13,C4648359,1482198.21,1451492.08,C9664456,1752759.11,1783465.24,0,0
137,CASH-IN,153757.5,C1789187,1596691.82,1442934.32,C9177323,266116.04,419873.54,0,0
135,CASH-OUT,91482.39,C7355494,1258004.92,1166522.53,C4905774,1594571.58,1686053.97,0,0
21,PAYMENT,100903.41,C5475870,4233564.67,4132661.26,M452943,762248.55,863151.96,0,0
226,DEBIT,288891.17,C1663077,2631586.19,2342695.02,C8708706,1911805.13,2200696.3,0,0
565,CASH-IN,3061.01,C5068349,2004296.26,2001235.25,C9517227,266124.98,269185.99,0,0
228,CASH-OUT,438379.73,C1079891,3233395.0,2795015.27,C5722015,1125429.05,1563808.78,0,0
589,TRANSFER,395432.93,C4498300,395748.53,315.6,C9555563,1677256.8,2072689.73,0,1
134,CASH-OUT,7449.22,C6172039,508990.62,501541.4,C3547534,1018684.82,1026134.04,0,0
162,CASH-IN,407504.57,C6404104,2525749.25,2118244.68,C6104402,226960.85,634465.42,0,0
118,CASH-IN,20850.19,C7802072,104297.15,83446.96,C4632854,301822.75,322672.94,0,0
181,CASH-OUT,116995.09,C5024827,4040238.45,3923243.36,C7585967,958371.47,1075366.56,0,0
675,CASH-IN,33913.49,C9994127,1272709.41,1238795.92,C7780638,1128802.57,1162716.06,0,0
64,TRANSFER,16129.12,C1389859,2841586.19,2825457.07,C8428217,1526687.76,1542816.88,0,0
32,CASH-OUT,146608.88,C7797569,4930592.04,4783983.16,C4022039,783863.31,930472.19,0,0
295,CASH-OUT,359147.85,C3416907,3539646.0,3180498.15,C6892832,118398.89,477546.74,0,0
539,CASH-IN,154880.61,C1467105,3702431.85,3547551.24,C5296695,896880.98,1051761.59,0,0
191,PAYMENT,37129.88,C3727899,616448.41,579318.53,M976691,1679797.29,1716927.17,0,0
251,CASH-OUT,98790.58,C3854044,599868.01,501077.43,C1643733,1090347.73,1189138.31,0,0
629,TRANSFER,312687.93,C4039686,2755088.16,2442400.23,C6527660,349573.53,662261.46,0,1
422,CASH-OUT,30114.29,C9692841,1043785.51,1013671.22,C9618936,227048.64,257162.93,0,0
236,CASH-IN,92431.71,C7276390,445438.47,353006.76,C5805864,1751976.02,1844407.73,0,0
76,PAYMENT,467289.6,C8867783,2217135.58,1749845.98,M394480,415019.63,882309.23,0,0
682,CASH-IN,484474.0,C8965937,4433007.92,3948533.92,C8116340,1069435.57,1553909.57,0,0
148,PAYMENT,75903.27,C8945231,3339129.84,3263226.57,M127907,130295.09,206198.36,0,0
224,TRANSFER,298998.98,C8873257,1407369.4,1108370.42,C8115844,1780557.28,2079556.26,0,1
23,TRANSFER,71854.58,C9836196,1167683.19,1095828.61,C8070789,351143.45,422998.03,0,0
389,CASH-IN,40309.42,C8930964,2403094.36,2362784.94,C9428586,1798612.04,1838921.46,0,0
60,PAYMENT,200217.11,C4616365,2082989.28,1882772.17,M395564,1390689.32,1590906.43,0,0
585,CASH-OUT,11370.38,C2524576,1340824.43,1329454.05,C5843726,1929517.84,1940888.22,0,0
505,CASH-OUT,15207.18,C7928182,2023932.78,2008725.6,C6284198,1610672.78,1625879.96,0,0
555,CASH-IN,317047.03,C2889936,678006.59,360959.56,C6826646,623406.24,940453.27,0,0
379,TRANSFER,84117.68,C9390657,2680379.69,2596262.01,C1232504,1726607.15,1810724.83,0,0
470,TRANSFER,29254.04,C2961374,4177407.81,4148153.77,C9017272,700816.95,730070.99,0,0
525,CASH-IN,441552.8,C3472349,739385.1,297832.3,C6415366,1568895.59,2010448.39,0,0
30,CASH-OUT,23110.38,C3829991,1436254.57,1413144.19,C6289183,767637.1,790747.48,0,0
353,PAYMENT,20122.79,C3379141,1465353.85,1445231.06,M210235,287328.89,307451.68,0,0
676,CASH-OUT,222.08,C8930223,4731962.4,4731740.32,C3601121,1616834.63,1616834.63,1,0
618,PAYMENT,3209.15,C6801941,3964684.07,3961474.92,M633259,1060518.63,1063727.78,0,0
77,PAYMENT,241368.91,C8183336,4217460.54,3976091.63,M132260,590301.83,831670.74,0,0
259,CASH-OUT,265898.97,C7683521,2491256.39,2225357.42,C5823081,1864026.84,2129925.81,0,0
102,PAYMENT,85865.68,C5456349,2246973.49,2161107.81,M648052,609017.3,694882.98,0,0
425,PAYMENT,19212.27,C1487521,2007829.48,1988617.21,M411656,1128597.33,1147809.6,0,0
122,CASH-IN,137077.06,C7392321,3400041.78,3262964.72,C8494185,606482.53,743559.59,0,0
467,TRANSFER,478185.31,C6824379,4554965.35,4076780.04,C2095256,482882.17,961067.48,0,1
226,CASH-IN,114475.53,C5711964,200125.95,85650.42,C1924417,1411723.51,1526199.04,0,0
743,CASH-OUT,253994.9,C6298123,869303.86,615308.96,C1606656,991316.41,1245311.31,0,0
61,PAYMENT,231938.2,C3842875,3683940.93,3452002.73,M246142,1405880.54,1637818.74,0,0
440,CASH-OUT,473262.2,C3061284,273727.65,0,C8733446,1402426.62,1875688.82,0,0
358,PAYMENT,194199.56,C4244122,2917908.82,2723709.26,M780924,566039.58,760239.14,0,0
132,CASH-OUT,624431.95,C8616174,4922421.76,4297989.81,C3195058,1249425.31,1873857.26,0,0
302,CASH-OUT,19380.45,C1039602,4612286.32,4592905.87,C7023868,1525057.28,1544437.73,0,0
330,CASH-OUT,86320.6,C8710301,927432.24,841111.64,C9486454,530078.07,616398.67,0,0
572,PAYMENT,9450.6,C1332361,529327.22,519876.62,M151747,1236077.16,1245527.76,0,0
624,CASH-OUT,90294.42,C8202103,697151.32,606856.9,C3123989,1790768.04,1881062.46,0,0
604,CASH-IN,36796.97,C5508321,3926205.37,3889408.4,C4901653,1760683.13,1797480.1,0,0
267,CASH-IN,126128.01,C2266891,1367644.27,1241516.26,C9719286,1756550.9,1882678.91,0,0
737,CASH-IN,67.67,C6394227,4963567.05,4963499.38,C7864239,1045074.97,1045142.64,0,0
308,CASH-IN,130332.82,C4855439,862742.24,732409.42,C2775309,1185086.35,1315419.17,0,0
452,CASH-IN,113359.81,C8519202,1077293.82,963934.01,C3287814,415973.92,529333.73,0,0
116,CASH-OUT,1486366.15,C6164437,3115427.77,1629061.62,C9005276,671240.21,2157606.36,0,0
680,TRANSFER,285615.27,C2570006,722544.19,436928.92,C6462129,1859630.11,2145245.38,0,1
170,DEBIT,259445.94,C3302278,3253782.0,2994336.06,C5736571,227715.64,487161.58,0,0
410,CASH-IN,69369.88,C8186464,1714770.3,1645400.42,C7062814,571337.23,640707.11,0,0
635,CASH-OUT,606981.98,C5684639,248403.85,0,C2554927,318423.49,925405.47,0,0
185,PAYMENT,15391.17,C2572863,221516.36,206125.19,M772403,1705356.79,1720747.96,0,0
668,PAYMENT,150186.87,C2879908,3334534.25,3184347.38,M839444,72672.2,222859.07,0,0
736,CASH-OUT,44160.39,C6567349,4795287.19,4751126.8,C9086232,1223106.04,1267266.43,0,0
322,CASH-IN,416979.89,C2530963,2567828.53,2150848.64,C8977238,364113.4,781093.29,0,0
606,PAYMENT,98464.96,C6726529,715040.2,616575.24,M546218,754290.74,852755.7,0,0
378,CASH-IN,81763.63,C9965917,3900680.87,3818917.24,C9487257,1235149.38,1316913.01,0,0
707,CASH-IN,240610.28,C9933429,3886039.84,3645429.56,C6265625,1161278.28,1401888.56,0,0
337,CASH-IN,25016.22,C5225462,1393672.11,1368655.89,C9594826,416313.42,441329.64,0,0
463,PAYMENT,358566.82,C8869359,1888615.36,1530048.54,M241770,1454007.87,1812574.69,0,0
163,PAYMENT,71013.18,C6242982,3744168.09,3673154.91,M494971,553606.78,624619.96,0,0
507,CASH-OUT,25031.09,C2960645,4445550.74,4420519.65,C6005490,1747594.29,1772625.38,0,0
84,CASH-OUT,464010.01,C1276955,965012.75,501002.74,C2565895,36862.27,500872.28,0,0
405,TRANSFER,116578.22,C3809425,356287.48,239709.26,C2738956,1288419.55,1404997.77,0,0
640,CASH-IN,108158.37,C6185550,1931626.24,1823467.87,C6376901,1592153.28,1700311.65,0,0
74,CASH-OUT,83689.36,C2504842,2551687.07,2467997.71,C3049341,691864.35,775553.71,0,0
191,CASH-IN,5762.11,C6973121,2865616.9,2859854.79,C4454484,1852715.07,1858477.18,0,0
49,CASH-OUT,193653.76,C5467380,3375374.58,3181720.82,C5438397,758234.01,951887.77,0,0
466,CASH-IN,121043.33,C3990561,1736043.48,1615000.15,C3658478,454292.63,575335.96,0,0
517,CASH-IN,55246.65,C8235326,3322789.35,3267542.7,C6244621,733644.84,788891.49,0,0
180,TRANSFER,183232.19,C8252663,2487711.9,2304479.71,C7113849,992249.74,992249.74,1,0
425,CASH-OUT,79839.97,C8616393,171200.88,91360.91,C6257716,507760.5,587600.47,0,0
9,CASH-OUT,81094.52,C1551934,4064525.81,3983431.29,C3515069,963664.95,963664.95,1,0
472,CASH-IN,122704.14,C4415545,1229182.65,1106478.51,C7562181,176480.2,299184.34,0,0
89,CASH-OUT,31755.26,C4121909,808668.62,776913.36,C1527464,1435022.6,1466777.86,0,0
365,CASH-IN,306019.73,C8985363,3272860.72,2966840.99,C7096327,941202.38,1247222.11,0,0
218,PAYMENT,16608.69,C2426088,527668.78,511060.09,M944370,707246.69,723855.38,0,0
730,PAYMENT,99080.1,C5326688,228819.72,129739.62,M643547,905269.48,1004349.58,0,0
544,PAYMENT,768.23,C6984689,1347951.94,1347183.71,M859824,190463.94,191232.17,0,0
103,PAYMENT,59838.33,C2139367,1424561.62,1364723.29,M804973,880801.8,940640.13,0,0
654,CASH-IN,517394.59,C6134359,1220162.31,702767.72,C1288599,1237751.97,1755146.56,0,0
300,TRANSFER,250000.0,C9999001,300000.0,50000.0,C9999002,0.0,0.0,1,1
450,CASH-OUT,189500.0,C8888001,200000.0,10500.0,C8888002,50000.0,50000.0,1,0
