txn_id,grantor_id,date,vendor,category,amount_usd,receipt_ref,approval_flag,notes
GRA-0001,halcyon,2025-06-28,Community Health Trust,travel_domestic,110.0,RCP-NONE,approved,Travel Domestic expense for programme activities
GRA-0002,halcyon,2025-12-20,Safarilink Aviation,travel_domestic,370.68,RCP-NONE,approved,Travel Domestic expense for programme activities
GRA-0003,halcyon,2025-05-20,Community Health Trust,travel_intl,835.76,RCP-NONE,approved,Travel Intl expense for programme activities
GRA-0004,halcyon,2025-12-20,Stationery World Nairobi,travel_intl,1473.49,RCP-NONE,approved,Travel Intl expense for programme activities
GRA-0005,halcyon,2025-01-05,Print House Nairobi,stationery,252.36,RCP-NONE,approved,Stationery expense for programme activities
GRA-0006,halcyon,2025-05-20,Savanna Catering Co.,equipment,700.17,RCP-NONE,approved,Equipment expense for programme activities
GRA-0007,halcyon,2025-08-15,Nairobi Conference Centre,venue_hire,416.06,RCP-NONE,pending,Venue Hire expense for programme activities
GRA-0008,halcyon,2025-09-05,Safarilink Aviation,catering,391.3,RCP-NONE,approved,Catering expense for programme activities
GRA-0009,halcyon,2025-02-15,Kenya Airways,equipment,1239.23,RCP-NONE,approved,Equipment expense for programme activities
GRA-0010,halcyon,2025-05-28,MAN Field Office,stationery,296.31,RCP-NONE,approved,Stationery expense for programme activities
GRA-0011,halcyon,2025-08-25,Print House Nairobi,catering,436.06,RCP-NONE,approved,Catering expense for programme activities
GRA-0012,halcyon,2025-02-20,Print House Nairobi,training,602.11,RCP-NONE,approved,Training expense for programme activities
GRA-0013,halcyon,2025-09-05,Nairobi Conference Centre,training,298.04,RCP-NONE,pending,Training expense for programme activities
GRA-0014,halcyon,2025-08-03,Emirates Group Travel,travel_intl,1240.0,RCP-002,approved,MAN Mission Ref MAN-2025-A-014; prior written approval on file
GRA-0015,halcyon,2025-02-10,Community Health Trust,training,610.77,RCP-NONE,pending,Training expense for programme activities
GRA-0016,halcyon,2025-02-15,Tech Supplies Kenya,equipment,922.1,RCP-NONE,pending,Equipment expense for programme activities
GRA-0017,halcyon,2025-11-20,Acacia Meeting Rooms,equipment,582.73,RCP-NONE,pending,Equipment expense for programme activities
GRA-0018,halcyon,2025-03-28,Community Health Trust,catering,214.29,RCP-NONE,approved,Catering expense for programme activities
GRA-0019,halcyon,2025-10-05,Amani Training Centre,stationery,236.75,RCP-NONE,approved,Stationery expense for programme activities
GRA-0020,halcyon,2025-03-28,Programme Support Unit,training,798.4,RCP-NONE,approved,Training expense for programme activities
GRA-0021,halcyon,2025-09-12,"Grand Continental Hotel, Nairobi",accommodation,890.0,RCP-001,approved,Accommodation for programme mission; per diem within Appendix IV rate
GRA-0022,halcyon,2025-04-10,Print House Nairobi,travel_intl,1833.32,RCP-NONE,pending,Travel Intl expense for programme activities
GRA-0023,halcyon,2025-09-10,Acacia Meeting Rooms,venue_hire,1015.69,RCP-NONE,approved,Venue Hire expense for programme activities
GRA-0024,halcyon,2025-12-25,Nairobi Grand Hotel,catering,388.1,RCP-NONE,approved,Catering expense for programme activities
GRA-0025,halcyon,2025-12-15,Nairobi Conference Centre,travel_domestic,372.68,RCP-NONE,pending,Travel Domestic expense for programme activities
GRA-0026,halcyon,2025-10-10,Print House Nairobi,equipment,400.79,RCP-NONE,approved,Equipment expense for programme activities
GRA-0027,halcyon,2025-04-25,Programme Support Unit,stationery,292.97,RCP-NONE,pending,Stationery expense for programme activities
GRA-0028,halcyon,2025-11-25,Tech Supplies Kenya,stationery,260.42,RCP-NONE,approved,Stationery expense for programme activities
GRA-0029,halcyon,2025-12-10,Nairobi Grand Hotel,accommodation,554.53,RCP-NONE,approved,Accommodation expense for programme activities
GRA-0030,halcyon,2025-08-25,Africa Health Publishers,catering,158.76,RCP-NONE,approved,Catering expense for programme activities
GRA-0031,halcyon,2025-02-25,Safarilink Aviation,training,726.81,RCP-NONE,approved,Training expense for programme activities
GRA-0032,halcyon,2025-12-15,East Africa Training Institute,travel_domestic,491.19,RCP-NONE,approved,Travel Domestic expense for programme activities
GRA-0033,halcyon,2025-04-20,Nairobi Conference Centre,catering,576.08,RCP-NONE,approved,Catering expense for programme activities
GRA-0034,halcyon,2025-12-20,Tech Supplies Kenya,venue_hire,1457.24,RCP-NONE,approved,Venue Hire expense for programme activities
GRA-0035,halcyon,2025-08-28,Mobile Clinic Services Ltd.,venue_hire,1494.18,RCP-NONE,pending,Venue Hire expense for programme activities
GRA-0036,halcyon,2025-05-25,Safarilink Aviation,catering,204.45,RCP-NONE,approved,Catering expense for programme activities
GRA-0037,halcyon,2025-01-05,Safarilink Aviation,training,553.06,RCP-NONE,approved,Training expense for programme activities
GRA-0038,halcyon,2025-01-25,Savanna Catering Co.,travel_intl,1074.73,RCP-NONE,approved,Travel Intl expense for programme activities
GRA-0039,halcyon,2025-11-15,Tech Supplies Kenya,training,367.09,RCP-NONE,approved,Training expense for programme activities
GRA-0040,halcyon,2025-11-05,Stationery World Nairobi,catering,259.35,RCP-NONE,approved,Catering expense for programme activities
GRA-0041,halcyon,2025-12-15,MAN Internal Finance,indirect_admin,17576.5,RCP-NONE,flagged,"Indirect cost recovery for FY2025; rate calculated at 18.5% of direct costs (95,000 USD base)"
GRA-0042,halcyon,2025-08-20,Stationery World Nairobi,travel_domestic,363.59,RCP-NONE,approved,Travel Domestic expense for programme activities
GRA-0043,halcyon,2025-03-05,Kenya Airways,travel_intl,1608.04,RCP-NONE,approved,Travel Intl expense for programme activities
GRA-0044,halcyon,2025-03-10,Community Health Trust,equipment,1641.07,RCP-NONE,approved,Equipment expense for programme activities
GRA-0045,halcyon,2025-04-28,Nairobi Conference Centre,catering,213.08,RCP-NONE,approved,Catering expense for programme activities
GRA-0046,halcyon,2025-12-25,MAN Field Office,travel_domestic,277.25,RCP-NONE,approved,Travel Domestic expense for programme activities
GRA-0047,halcyon,2025-06-05,Print House Nairobi,travel_intl,1962.8,RCP-NONE,approved,Travel Intl expense for programme activities
GRA-0048,halcyon,2025-09-20,Kenya Airways,catering,246.19,RCP-NONE,approved,Catering expense for programme activities
GRA-0049,halcyon,2025-06-20,Mobile Clinic Services Ltd.,travel_intl,1982.37,RCP-NONE,approved,Travel Intl expense for programme activities
GRA-0050,halcyon,2025-07-10,Tech Supplies Kenya,catering,219.66,RCP-NONE,pending,Catering expense for programme activities
GRA-0051,halcyon,2025-02-10,Kenya Airways,travel_intl,1697.57,RCP-NONE,approved,Travel Intl expense for programme activities
GRA-0052,halcyon,2025-11-28,Safarilink Aviation,accommodation,192.66,RCP-NONE,pending,Accommodation expense for programme activities
GRA-0053,halcyon,2025-06-05,Acacia Meeting Rooms,travel_domestic,338.01,RCP-NONE,approved,Travel Domestic expense for programme activities
GRA-0054,halcyon,2025-01-28,Safarilink Aviation,training,547.35,RCP-NONE,approved,Training expense for programme activities
GRA-0055,halcyon,2025-05-15,Savanna Catering Co.,equipment,1882.47,RCP-NONE,approved,Equipment expense for programme activities
GRA-0056,halcyon,2025-07-15,Mobile Clinic Services Ltd.,venue_hire,457.05,RCP-NONE,approved,Venue Hire expense for programme activities
GRA-0057,halcyon,2025-03-05,Safarilink Aviation,travel_domestic,103.73,RCP-NONE,approved,Travel Domestic expense for programme activities
GRA-0058,halcyon,2025-08-15,Safarilink Aviation,stationery,83.11,RCP-NONE,pending,Stationery expense for programme activities
GRA-0059,halcyon,2025-10-15,NGO Network Kenya,equipment,712.98,RCP-NONE,approved,Equipment expense for programme activities
GRA-0060,halcyon,2025-12-25,Africa Health Publishers,travel_intl,1601.44,RCP-NONE,pending,Travel Intl expense for programme activities
GRA-0061,halcyon,2025-03-28,Nairobi Conference Centre,travel_domestic,475.57,RCP-NONE,approved,Travel Domestic expense for programme activities
GRA-0062,halcyon,2025-04-10,Nairobi Conference Centre,travel_domestic,396.97,RCP-NONE,approved,Travel Domestic expense for programme activities
GRA-0063,halcyon,2025-05-15,Nairobi Conference Centre,training,630.57,RCP-NONE,approved,Training expense for programme activities
GRA-0064,halcyon,2025-02-05,Safarilink Aviation,stationery,276.33,RCP-NONE,approved,Stationery expense for programme activities
GRA-0065,halcyon,2025-08-05,East Africa Training Institute,stationery,61.02,RCP-NONE,approved,Stationery expense for programme activities
GRA-0066,halcyon,2025-10-15,NGO Network Kenya,stationery,90.4,RCP-NONE,approved,Stationery expense for programme activities
GRA-0067,halcyon,2025-11-22,TextBook Direct International,training,450.0,RCP-005,approved,Training materials for community health worker programme
GRA-0068,halcyon,2025-04-10,NGO Network Kenya,travel_intl,934.25,RCP-NONE,approved,Travel Intl expense for programme activities
GRA-0069,halcyon,2025-04-05,Stationery World Nairobi,equipment,1248.52,RCP-NONE,approved,Equipment expense for programme activities
GRA-0070,halcyon,2025-01-28,Twiga Transport Services,stationery,141.16,RCP-NONE,approved,Stationery expense for programme activities
GRA-0071,halcyon,2025-08-20,NGO Network Kenya,training,600.16,RCP-NONE,pending,Training expense for programme activities
GRA-0072,halcyon,2025-04-10,Community Health Trust,venue_hire,1468.6,RCP-NONE,pending,Venue Hire expense for programme activities
GRA-0073,halcyon,2025-01-20,Print House Nairobi,accommodation,811.06,RCP-NONE,approved,Accommodation expense for programme activities
GRA-0074,halcyon,2025-09-25,Community Health Trust,equipment,1608.3,RCP-NONE,approved,Equipment expense for programme activities
GRA-0075,halcyon,2025-01-25,Health Media Kenya,travel_domestic,253.02,RCP-NONE,approved,Travel Domestic expense for programme activities
GRA-0076,halcyon,2025-05-28,Community Health Trust,catering,307.35,RCP-NONE,approved,Catering expense for programme activities
GRA-0077,halcyon,2025-06-28,Safarilink Aviation,training,439.08,RCP-NONE,pending,Training expense for programme activities
GRA-0078,halcyon,2025-11-28,Acacia Meeting Rooms,stationery,137.79,RCP-NONE,approved,Stationery expense for programme activities
GRA-0079,halcyon,2025-03-15,Nairobi Conference Centre,equipment,1890.63,RCP-NONE,approved,Equipment expense for programme activities
GRA-0080,halcyon,2025-10-10,Twiga Transport Services,stationery,59.56,RCP-NONE,approved,Stationery expense for programme activities
GRA-0081,halcyon,2025-11-28,MAN Field Office,equipment,985.51,RCP-NONE,approved,Equipment expense for programme activities
GRA-0082,halcyon,2025-10-10,Nairobi Grand Hotel,training,352.83,RCP-NONE,approved,Training expense for programme activities
GRA-0083,halcyon,2025-02-15,Savanna Catering Co.,training,418.53,RCP-NONE,approved,Training expense for programme activities
GRA-0084,halcyon,2025-07-15,Programme Support Unit,travel_domestic,387.9,RCP-NONE,approved,Travel Domestic expense for programme activities
GRA-0085,halcyon,2025-07-10,NGO Network Kenya,venue_hire,691.42,RCP-NONE,approved,Venue Hire expense for programme activities
GRA-0086,halcyon,2025-09-05,Print House Nairobi,venue_hire,1097.92,RCP-NONE,approved,Venue Hire expense for programme activities
GRA-0087,halcyon,2025-01-05,Africa Health Publishers,stationery,151.52,RCP-NONE,approved,Stationery expense for programme activities
GRA-0088,halcyon,2025-07-28,Mobile Clinic Services Ltd.,venue_hire,1242.91,RCP-NONE,approved,Venue Hire expense for programme activities
GRA-0089,halcyon,2025-04-20,Safarilink Aviation,training,506.7,RCP-NONE,approved,Training expense for programme activities
GRA-0090,halcyon,2025-06-05,Africa Health Publishers,equipment,368.1,RCP-NONE,approved,Equipment expense for programme activities
GRA-0091,halcyon,2025-01-28,Community Health Trust,training,288.41,RCP-NONE,pending,Training expense for programme activities
GRA-0092,halcyon,2025-05-05,Acacia Meeting Rooms,travel_domestic,282.17,RCP-NONE,approved,Travel Domestic expense for programme activities
GRA-0093,halcyon,2025-01-05,MAN Field Office,training,288.54,RCP-NONE,pending,Training expense for programme activities
GRA-0094,halcyon,2025-12-05,Mobile Clinic Services Ltd.,training,305.53,RCP-NONE,approved,Training expense for programme activities
GRA-0095,halcyon,2025-03-20,Mobile Clinic Services Ltd.,training,750.48,RCP-NONE,approved,Training expense for programme activities
GRA-0096,halcyon,2025-12-28,Savanna Catering Co.,catering,450.41,RCP-NONE,pending,Catering expense for programme activities
GRA-0097,halcyon,2025-11-25,Stationery World Nairobi,catering,425.69,RCP-NONE,pending,Catering expense for programme activities
GRA-0098,halcyon,2025-11-20,Crown Restaurant Nairobi,catering,340.0,RCP-NONE,flagged,Staff year-end function; not linked to any programme activity agenda
GRA-0099,halcyon,2025-11-05,Mobile Clinic Services Ltd.,catering,553.74,RCP-NONE,approved,Catering expense for programme activities
GRA-0100,halcyon,2025-06-28,Programme Support Unit,training,703.92,RCP-NONE,approved,Training expense for programme activities
GRA-0101,halcyon,2025-02-20,Africa Health Publishers,training,364.76,RCP-NONE,approved,Training expense for programme activities
GRA-0102,halcyon,2025-12-20,Safarilink Aviation,equipment,775.48,RCP-NONE,approved,Equipment expense for programme activities
GRA-0103,halcyon,2025-04-10,Tech Supplies Kenya,training,429.82,RCP-NONE,approved,Training expense for programme activities
GRA-0104,halcyon,2025-10-28,Stationery World Nairobi,venue_hire,697.06,RCP-NONE,approved,Venue Hire expense for programme activities
GRA-0105,halcyon,2025-01-15,Amani Training Centre,venue_hire,767.37,RCP-NONE,approved,Venue Hire expense for programme activities
GRA-0106,halcyon,2025-07-15,Acacia Meeting Rooms,travel_intl,1931.29,RCP-NONE,pending,Travel Intl expense for programme activities
GRA-0107,halcyon,2025-12-20,Community Health Trust,venue_hire,945.86,RCP-NONE,approved,Venue Hire expense for programme activities
GRA-0108,halcyon,2025-01-20,Acacia Meeting Rooms,stationery,158.96,RCP-NONE,approved,Stationery expense for programme activities
GRA-0153,halcyon,2025-08-10,Kenya Airways,travel_intl,1850.0,RCP-NONE,flagged,Nairobi–London return; pre-approval from GRANTOR_A_OFFICER not documented in file
GRB-0001,nordic,2025-10-28,Nordic Print Solutions,venue_hire,1082.81,RCP-NONE,pending,Venue Hire expense for programme activities
GRB-0002,nordic,2025-01-20,Trondheim Supply Co.,travel_intl,1688.31,RCP-NONE,approved,Travel Intl expense for programme activities
GRB-0003,nordic,2025-04-28,Bergen Skills Institute,accommodation,622.77,RCP-NONE,approved,Accommodation expense for programme activities
GRB-0004,nordic,2025-07-28,Nordic Workshop Facilitators,equipment,372.24,RCP-NONE,pending,Equipment expense for programme activities
GRB-0005,nordic,2025-09-28,Viking Office Supplies,venue_hire,570.0,RCP-NONE,pending,Venue Hire expense for programme activities
GRB-0006,nordic,2025-12-20,Bergen Skills Institute,audit_fees,1058.15,RCP-NONE,pending,Audit Fees expense for programme activities
GRB-0007,nordic,2025-02-15,Bergen Skills Institute,equipment,385.43,RCP-NONE,pending,Equipment expense for programme activities
GRB-0008,nordic,2025-01-15,Nordic Print Solutions,training,283.67,RCP-NONE,approved,Training expense for programme activities
GRB-0009,nordic,2025-05-20,Nordic Health Supplies,audit_fees,3008.38,RCP-NONE,approved,Audit Fees expense for programme activities
GRB-0010,nordic,2025-03-15,Oslo Meeting Rooms,equipment,326.18,RCP-NONE,pending,Equipment expense for programme activities
GRB-0011,nordic,2025-07-20,Helsinki Training House,travel_domestic,265.18,RCP-NONE,approved,Travel Domestic expense for programme activities
GRB-0012,nordic,2025-06-10,Scandinavian Airways,training,219.52,RCP-NONE,approved,Training expense for programme activities
GRB-0013,nordic,2025-03-20,Bergen Skills Institute,stationery,218.56,RCP-NONE,approved,Stationery expense for programme activities
GRB-0014,nordic,2025-02-15,Aarhus Learning Institute,venue_hire,1010.75,RCP-NONE,approved,Venue Hire expense for programme activities
GRB-0015,nordic,2025-11-15,Scandinavian Airways,travel_intl,1619.49,RCP-NONE,approved,Travel Intl expense for programme activities
GRB-0016,nordic,2025-10-25,Nordic Print Solutions,equipment,817.36,RCP-NONE,approved,Equipment expense for programme activities
GRB-0017,nordic,2025-12-15,Stavanger Conference Centre,stationery,169.34,RCP-NONE,approved,Stationery expense for programme activities
GRB-0018,nordic,2025-06-10,Trondheim Supply Co.,stationery,107.68,RCP-NONE,approved,Stationery expense for programme activities
GRB-0019,nordic,2025-10-28,Helsinki Training House,audit_fees,1731.59,RCP-NONE,approved,Audit Fees expense for programme activities
GRB-0020,nordic,2025-04-28,Stavanger Conference Centre,audit_fees,3552.86,RCP-NONE,approved,Audit Fees expense for programme activities
GRB-0021,nordic,2025-06-28,Gothenburg Logistics,stationery,111.47,RCP-NONE,approved,Stationery expense for programme activities
GRB-0022,nordic,2025-09-25,Stavanger Conference Centre,training,224.52,RCP-NONE,approved,Training expense for programme activities
GRB-0023,nordic,2025-11-15,Nordic Health Supplies,training,539.12,RCP-NONE,pending,Training expense for programme activities
GRB-0024,nordic,2025-09-20,Fjord Training Academy,travel_domestic,174.16,RCP-NONE,approved,Travel Domestic expense for programme activities
GRB-0025,nordic,2025-12-10,Copenhagen Venue Ltd.,equipment,646.92,RCP-NONE,approved,Equipment expense for programme activities
GRB-0026,nordic,2025-10-25,Viking Office Supplies,equipment,519.4,RCP-NONE,approved,Equipment expense for programme activities
GRB-0027,nordic,2025-05-05,Nordic Workshop Facilitators,training,242.74,RCP-NONE,approved,Training expense for programme activities
GRB-0028,nordic,2025-11-10,Viking Office Supplies,accommodation,231.09,RCP-NONE,approved,Accommodation expense for programme activities
GRB-0029,nordic,2025-05-05,Baltic Freight Services,stationery,245.91,RCP-NONE,approved,Stationery expense for programme activities
GRB-0030,nordic,2025-12-15,Nordic Print Solutions,accommodation,295.32,RCP-NONE,approved,Accommodation expense for programme activities
GRB-0031,nordic,2025-03-25,Stavanger Conference Centre,travel_intl,1264.03,RCP-NONE,approved,Travel Intl expense for programme activities
GRB-0032,nordic,2025-11-05,Stavanger Conference Centre,travel_intl,1288.88,RCP-NONE,approved,Travel Intl expense for programme activities
GRB-0033,nordic,2025-06-15,Stavanger Conference Centre,accommodation,679.99,RCP-NONE,approved,Accommodation expense for programme activities
GRB-0034,nordic,2025-02-20,Bergen Skills Institute,travel_domestic,208.23,RCP-NONE,approved,Travel Domestic expense for programme activities
GRB-0035,nordic,2025-06-10,Scandinavian Airways,stationery,57.89,RCP-NONE,approved,Stationery expense for programme activities
GRB-0036,nordic,2025-05-25,Aarhus Learning Institute,venue_hire,947.27,RCP-NONE,approved,Venue Hire expense for programme activities
GRB-0037,nordic,2025-10-05,Baltic Freight Services,audit_fees,1892.06,RCP-NONE,approved,Audit Fees expense for programme activities
GRB-0038,nordic,2025-03-05,NorCross Supplies,travel_intl,1331.56,RCP-NONE,approved,Travel Intl expense for programme activities
GRB-0039,nordic,2025-04-15,Fjord Training Academy,stationery,178.69,RCP-NONE,approved,Stationery expense for programme activities
GRB-0040,nordic,2025-09-25,Nordic Health Supplies,travel_domestic,130.09,RCP-NONE,approved,Travel Domestic expense for programme activities
GRB-0041,nordic,2025-05-28,Baltic Freight Services,audit_fees,1873.78,RCP-NONE,approved,Audit Fees expense for programme activities
GRB-0042,nordic,2025-05-28,Viking Office Supplies,audit_fees,1213.54,RCP-NONE,pending,Audit Fees expense for programme activities
GRB-0043,nordic,2025-12-20,Fjord Training Academy,training,401.07,RCP-NONE,approved,Training expense for programme activities
GRB-0044,nordic,2025-10-19,"Nordic Supply Co., Stockholm",equipment,572.0,RCP-007,approved,"Equipment item from Nordic Supply Co.; amount within binding NDC §5.5 threshold (NOK 15,000 cap)"
GRB-0045,nordic,2025-02-20,Bergen Skills Institute,stationery,213.59,RCP-NONE,approved,Stationery expense for programme activities
GRB-0046,nordic,2025-07-05,Nordic Health Supplies,stationery,164.96,RCP-NONE,approved,Stationery expense for programme activities
GRB-0047,nordic,2025-06-25,Aarhus Learning Institute,stationery,186.94,RCP-NONE,approved,Stationery expense for programme activities
GRB-0048,nordic,2025-01-28,Stockholm Equipment Co.,audit_fees,1241.33,RCP-NONE,approved,Audit Fees expense for programme activities
GRB-0049,nordic,2025-05-28,Oslo Community Centre,stationery,45.43,RCP-NONE,pending,Stationery expense for programme activities
GRB-0050,nordic,2025-04-25,Stavanger Conference Centre,stationery,161.01,RCP-NONE,approved,Stationery expense for programme activities
GRB-0051,nordic,2025-04-28,Stockholm Equipment Co.,audit_fees,3748.22,RCP-NONE,approved,Audit Fees expense for programme activities
GRB-0052,nordic,2025-11-05,Copenhagen Venue Ltd.,audit_fees,3907.17,RCP-NONE,approved,Audit Fees expense for programme activities
GRB-0053,nordic,2025-04-15,Nordic Workshop Facilitators,equipment,853.64,RCP-NONE,approved,Equipment expense for programme activities
GRB-0054,nordic,2025-09-20,Gothenburg Logistics,audit_fees,1864.65,RCP-NONE,approved,Audit Fees expense for programme activities
GRB-0055,nordic,2025-10-05,Oslo Community Centre,venue_hire,1140.0,RCP-003,approved,"Workshop venue hire for stakeholder convening; NOK 12,400 converted at 0.092 USD/NOK"
GRB-0056,nordic,2025-07-28,Scandinavian Airways,travel_domestic,180.65,RCP-NONE,pending,Travel Domestic expense for programme activities
GRB-0057,nordic,2025-01-05,Gothenburg Logistics,venue_hire,1244.65,RCP-NONE,approved,Venue Hire expense for programme activities
GRB-0058,nordic,2025-08-25,Stavanger Conference Centre,travel_intl,825.1,RCP-NONE,approved,Travel Intl expense for programme activities
GRB-0059,nordic,2025-12-25,Nordic Print Solutions,travel_intl,844.27,RCP-NONE,pending,Travel Intl expense for programme activities
GRB-0060,nordic,2025-11-15,Scandinavian Airways,audit_fees,3642.54,RCP-NONE,approved,Audit Fees expense for programme activities
GRB-0061,nordic,2025-07-20,Gothenburg Logistics,training,549.09,RCP-NONE,approved,Training expense for programme activities
GRB-0062,nordic,2025-03-15,Nordic Health Supplies,venue_hire,357.19,RCP-NONE,pending,Venue Hire expense for programme activities
GRB-0063,nordic,2025-07-10,Aarhus Learning Institute,accommodation,409.06,RCP-NONE,approved,Accommodation expense for programme activities
GRB-0064,nordic,2025-11-05,Fjord Training Academy,venue_hire,1209.93,RCP-NONE,approved,Venue Hire expense for programme activities
GRB-0065,nordic,2025-11-28,Nordic Print Solutions,accommodation,342.48,RCP-NONE,pending,Accommodation expense for programme activities
GRB-0066,nordic,2025-09-28,Nordic Workshop Facilitators,stationery,202.26,RCP-NONE,pending,Stationery expense for programme activities
GRB-0067,nordic,2025-07-05,Baltic Freight Services,stationery,212.32,RCP-NONE,pending,Stationery expense for programme activities
GRB-0068,nordic,2025-10-20,Gothenburg Logistics,audit_fees,3595.78,RCP-NONE,approved,Audit Fees expense for programme activities
GRB-0069,nordic,2025-12-20,Helsinki Training House,equipment,729.51,RCP-NONE,approved,Equipment expense for programme activities
GRB-0070,nordic,2025-06-05,Helsinki Training House,equipment,1063.08,RCP-NONE,approved,Equipment expense for programme activities
GRB-0071,nordic,2025-11-05,Helsinki Training House,venue_hire,300.19,RCP-NONE,approved,Venue Hire expense for programme activities
GRB-0072,nordic,2025-01-25,Nordic Print Solutions,accommodation,407.29,RCP-NONE,approved,Accommodation expense for programme activities
GRB-0073,nordic,2025-10-15,Scandinavian Airways,equipment,1063.19,RCP-NONE,approved,Equipment expense for programme activities
GRB-0074,nordic,2025-04-05,Stockholm Equipment Co.,audit_fees,1046.04,RCP-NONE,pending,Audit Fees expense for programme activities
GRB-0075,nordic,2025-06-20,Nordic Workshop Facilitators,accommodation,163.4,RCP-NONE,approved,Accommodation expense for programme activities
GRB-0076,nordic,2025-08-05,Gothenburg Logistics,venue_hire,997.31,RCP-NONE,approved,Venue Hire expense for programme activities
GRB-0077,nordic,2025-11-15,Gothenburg Logistics,equipment,808.14,RCP-NONE,approved,Equipment expense for programme activities
GRB-0078,nordic,2025-07-05,Fjord Training Academy,travel_domestic,155.13,RCP-NONE,approved,Travel Domestic expense for programme activities
GRB-0079,nordic,2025-03-05,Nordic Health Supplies,venue_hire,1375.09,RCP-NONE,approved,Venue Hire expense for programme activities
GRB-0080,nordic,2025-01-28,Nordic Workshop Facilitators,stationery,229.72,RCP-NONE,pending,Stationery expense for programme activities
GRB-0081,nordic,2025-10-10,Nordic Print Solutions,stationery,115.28,RCP-NONE,approved,Stationery expense for programme activities
GRB-0082,nordic,2025-04-28,Oslo Meeting Rooms,venue_hire,900.82,RCP-NONE,approved,Venue Hire expense for programme activities
GRB-0083,nordic,2025-06-05,Stavanger Conference Centre,venue_hire,962.67,RCP-NONE,pending,Venue Hire expense for programme activities
GRB-0084,nordic,2025-06-15,Nordic Health Supplies,accommodation,254.67,RCP-NONE,approved,Accommodation expense for programme activities
GRB-0085,nordic,2025-10-28,Baltic Freight Services,travel_intl,1678.69,RCP-NONE,approved,Travel Intl expense for programme activities
GRB-0086,nordic,2025-08-15,Baltic Freight Services,accommodation,162.84,RCP-NONE,approved,Accommodation expense for programme activities
GRB-0087,nordic,2025-10-25,Baltic Freight Services,venue_hire,1043.86,RCP-NONE,approved,Venue Hire expense for programme activities
GRB-0088,nordic,2025-03-10,Fjord Training Academy,venue_hire,1231.34,RCP-NONE,approved,Venue Hire expense for programme activities
GRB-0089,nordic,2025-07-10,Oslo Community Centre,equipment,753.55,RCP-NONE,pending,Equipment expense for programme activities
GRB-0090,nordic,2025-02-05,Stavanger Conference Centre,venue_hire,565.65,RCP-NONE,pending,Venue Hire expense for programme activities
GRB-0091,nordic,2025-05-28,Copenhagen Venue Ltd.,stationery,202.91,RCP-NONE,approved,Stationery expense for programme activities
GRB-0092,nordic,2025-03-28,Scandinavian Airways,training,502.86,RCP-NONE,pending,Training expense for programme activities
GRB-0098,nordic,2025-09-28,Nordic Skills Institute,training,442.0,RCP-008,approved,"Staff training fee; NOK 4,800 at 0.092 USD/NOK; eligible per NDC §5.3"
GRB-0112,nordic,2025-10-30,MAN Internal Finance,indirect_admin,4200.0,RCP-NONE,flagged,Overhead cost allocation attempt; NDC agreement §6.2 excludes all indirect costs
GRB-0178,nordic,2025-11-14,Nairobi Shuttle Services,travel_domestic,280.0,RCP-NONE,flagged,Domestic travel Nairobi–Kisumu; signed travel authorisation form not on file
GRB-0187,nordic,2025-10-19,"Nordic Supply Co., Stockholm",equipment,572.0,RCP-007,approved,Equipment purchase from Nordic Supply Co.; approved per NDC §5.5 (below per-item cap)
GRC-0001,opal_city,2025-10-15,Community Health Partners,equipment,114.98,RCP-NONE,approved,Equipment expense for programme activities
GRC-0002,opal_city,2025-07-10,Civic Education Foundation,equipment,149.94,RCP-NONE,approved,Equipment expense for programme activities
GRC-0003,opal_city,2025-12-20,Local Venue Hire Co.,stationery,64.14,RCP-NONE,approved,Stationery expense for programme activities
GRC-0004,opal_city,2025-06-15,Neighbourhood Services Ltd.,training,523.71,RCP-NONE,pending,Training expense for programme activities
GRC-0005,opal_city,2025-08-10,Local Training Institute,training,485.95,RCP-NONE,approved,Training expense for programme activities
GRC-0006,opal_city,2025-05-25,City Resource Centre,travel_domestic,85.19,RCP-NONE,pending,Travel Domestic expense for programme activities
GRC-0007,opal_city,2025-09-15,Opal City Office Supplies,catering,246.31,RCP-NONE,approved,Catering expense for programme activities
GRC-0008,opal_city,2025-06-20,City Resource Centre,travel_domestic,163.7,RCP-NONE,pending,Travel Domestic expense for programme activities
GRC-0009,opal_city,2025-05-28,Neighbourhood Services Ltd.,training,198.76,RCP-NONE,approved,Training expense for programme activities
GRC-0010,opal_city,2025-05-25,Civic Engagement LLC,catering,231.2,RCP-NONE,approved,Catering expense for programme activities
GRC-0011,opal_city,2025-07-15,Community Outreach Partners,venue_hire,927.51,RCP-NONE,approved,Venue Hire expense for programme activities
GRC-0012,opal_city,2025-07-15,Neighbourhood Services Ltd.,travel_domestic,286.57,RCP-NONE,approved,Travel Domestic expense for programme activities
GRC-0013,opal_city,2025-03-28,City Resource Centre,stationery,180.83,RCP-NONE,approved,Stationery expense for programme activities
GRC-0014,opal_city,2025-12-20,Community Outreach Partners,equipment,460.76,RCP-NONE,approved,Equipment expense for programme activities
GRC-0015,opal_city,2025-09-28,Local Training Institute,equipment,158.72,RCP-NONE,pending,Equipment expense for programme activities
GRC-0016,opal_city,2025-06-28,Community Health Partners,catering,263.25,RCP-NONE,approved,Catering expense for programme activities
GRC-0017,opal_city,2025-06-05,Local Venue Hire Co.,stationery,105.38,RCP-NONE,approved,Stationery expense for programme activities
GRC-0018,opal_city,2025-08-20,Community Health Partners,equipment,239.59,RCP-NONE,approved,Equipment expense for programme activities
GRC-0019,opal_city,2025-10-25,Civic Engagement LLC,stationery,194.6,RCP-NONE,approved,Stationery expense for programme activities
GRC-0020,opal_city,2025-01-15,Community Health Partners,equipment,343.01,RCP-NONE,pending,Equipment expense for programme activities
GRC-0021,opal_city,2025-05-15,Civic Engagement LLC,stationery,198.1,RCP-NONE,pending,Stationery expense for programme activities
GRC-0022,opal_city,2025-05-20,Youth Development Partners,catering,182.86,RCP-NONE,approved,Catering expense for programme activities
GRC-0023,opal_city,2025-01-05,Affordable Housing Alliance,stationery,164.07,RCP-NONE,pending,Stationery expense for programme activities
GRC-0024,opal_city,2025-12-20,Affordable Housing Alliance,stationery,197.88,RCP-NONE,pending,Stationery expense for programme activities
GRC-0025,opal_city,2025-01-20,City Transport Services,travel_domestic,215.26,RCP-NONE,approved,Travel Domestic expense for programme activities
GRC-0026,opal_city,2025-01-15,Community Hall Opal City,stationery,130.1,RCP-NONE,approved,Stationery expense for programme activities
GRC-0027,opal_city,2025-12-10,Local Training Institute,stationery,156.09,RCP-NONE,approved,Stationery expense for programme activities
GRC-0028,opal_city,2025-08-25,Public Health Partners,venue_hire,558.62,RCP-NONE,approved,Venue Hire expense for programme activities
GRC-0029,opal_city,2025-01-28,Public Health Partners,venue_hire,603.07,RCP-NONE,approved,Venue Hire expense for programme activities
GRC-0030,opal_city,2025-02-10,Neighbourhood Services Ltd.,equipment,466.33,RCP-NONE,pending,Equipment expense for programme activities
GRC-0031,opal_city,2025-07-14,Nairobi Office Supplies Ltd.,stationery,320.0,RCP-004,approved,Office stationery for OCCF programme; eligible per §3.1
GRC-0032,opal_city,2025-11-15,Opal City Logistics,venue_hire,748.88,RCP-NONE,approved,Venue Hire expense for programme activities
GRC-0033,opal_city,2025-04-05,Civic Engagement LLC,travel_domestic,130.53,RCP-NONE,approved,Travel Domestic expense for programme activities
GRC-0034,opal_city,2025-12-25,Civic Education Foundation,catering,353.23,RCP-NONE,approved,Catering expense for programme activities
GRC-0035,opal_city,2025-10-25,Public Health Partners,catering,312.22,RCP-NONE,approved,Catering expense for programme activities
GRC-0036,opal_city,2025-03-15,Local Skills Centre,travel_domestic,248.27,RCP-NONE,approved,Travel Domestic expense for programme activities
GRC-0037,opal_city,2025-05-28,Community Outreach Partners,stationery,103.11,RCP-NONE,approved,Stationery expense for programme activities
GRC-0038,opal_city,2025-03-05,Civic Education Foundation,venue_hire,518.98,RCP-NONE,approved,Venue Hire expense for programme activities
GRC-0039,opal_city,2025-04-10,Neighbourhood Services Ltd.,equipment,196.86,RCP-NONE,approved,Equipment expense for programme activities
GRC-0040,opal_city,2025-03-05,Local Venue Hire Co.,travel_domestic,73.31,RCP-NONE,pending,Travel Domestic expense for programme activities
GRC-0041,opal_city,2025-12-28,Local Skills Centre,catering,123.99,RCP-NONE,approved,Catering expense for programme activities
GRC-0042,opal_city,2025-10-05,Community Health Partners,travel_domestic,152.7,RCP-NONE,pending,Travel Domestic expense for programme activities
GRC-0043,opal_city,2025-03-10,Public Health Partners,catering,224.98,RCP-NONE,approved,Catering expense for programme activities
GRC-0044,opal_city,2025-03-10,Local Venue Hire Co.,equipment,283.23,RCP-NONE,pending,Equipment expense for programme activities
GRC-0045,opal_city,2025-06-28,Youth Development Partners,training,201.7,RCP-NONE,pending,Training expense for programme activities
GRC-0046,opal_city,2025-12-28,Opal City Office Supplies,catering,489.82,RCP-NONE,approved,Catering expense for programme activities
GRC-0047,opal_city,2025-06-25,Opal City Office Supplies,equipment,415.2,RCP-NONE,approved,Equipment expense for programme activities
GRC-0048,opal_city,2025-08-10,Local Venue Hire Co.,equipment,389.72,RCP-NONE,approved,Equipment expense for programme activities
GRC-0049,opal_city,2025-09-20,Civic Engagement LLC,stationery,126.27,RCP-NONE,approved,Stationery expense for programme activities
GRC-0050,opal_city,2025-02-28,Public Health Partners,equipment,469.29,RCP-NONE,approved,Equipment expense for programme activities
GRC-0051,opal_city,2025-04-15,Local Venue Hire Co.,venue_hire,562.92,RCP-NONE,approved,Venue Hire expense for programme activities
GRC-0052,opal_city,2025-02-25,Community Health Partners,training,499.58,RCP-NONE,approved,Training expense for programme activities
GRC-0053,opal_city,2025-02-25,Affordable Housing Alliance,catering,119.9,RCP-NONE,approved,Catering expense for programme activities
GRC-0054,opal_city,2025-10-15,Community Outreach Partners,venue_hire,588.53,RCP-NONE,approved,Venue Hire expense for programme activities
GRC-0055,opal_city,2025-12-05,Stars Entertainment LLC,entertainment,450.0,RCP-NONE,flagged,Year-end celebration event; entertainment category excluded per OCCF §2.5
GRC-0056,opal_city,2025-10-10,Local Training Institute,catering,145.53,RCP-NONE,approved,Catering expense for programme activities
GRC-0057,opal_city,2025-12-10,Opal City Printers,equipment,325.39,RCP-NONE,approved,Equipment expense for programme activities
GRC-0058,opal_city,2025-02-10,Opal City Office Supplies,venue_hire,987.56,RCP-NONE,approved,Venue Hire expense for programme activities
GRC-0059,opal_city,2025-06-15,Opal City Printers,stationery,160.45,RCP-NONE,approved,Stationery expense for programme activities
GRC-0060,opal_city,2025-10-10,Community Hall Opal City,travel_domestic,174.35,RCP-NONE,approved,Travel Domestic expense for programme activities
GRC-0061,opal_city,2025-11-25,Local Skills Centre,catering,381.47,RCP-NONE,pending,Catering expense for programme activities
GRC-0062,opal_city,2025-01-28,Community Outreach Partners,training,182.43,RCP-NONE,approved,Training expense for programme activities
GRC-0063,opal_city,2025-10-05,City Resource Centre,travel_domestic,265.53,RCP-NONE,approved,Travel Domestic expense for programme activities
GRC-0064,opal_city,2025-09-20,Opal City Office Supplies,venue_hire,431.61,RCP-NONE,pending,Venue Hire expense for programme activities
GRC-0065,opal_city,2025-10-25,Local Venue Hire Co.,stationery,166.22,RCP-NONE,approved,Stationery expense for programme activities
GRC-0066,opal_city,2025-09-20,Public Health Partners,travel_domestic,110.83,RCP-NONE,approved,Travel Domestic expense for programme activities
GRC-0067,opal_city,2025-05-25,Civic Education Foundation,training,485.61,RCP-NONE,pending,Training expense for programme activities
GRC-0068,opal_city,2025-03-15,Public Health Partners,travel_domestic,177.62,RCP-NONE,approved,Travel Domestic expense for programme activities
GRC-0069,opal_city,2025-04-05,Youth Development Partners,training,307.99,RCP-NONE,approved,Training expense for programme activities
GRC-0070,opal_city,2025-04-10,Civic Engagement LLC,training,238.77,RCP-NONE,approved,Training expense for programme activities
GRC-0071,opal_city,2025-10-20,Civic Education Foundation,equipment,287.76,RCP-NONE,pending,Equipment expense for programme activities
GRC-0072,opal_city,2025-11-08,Sunrise Catering Services,catering,680.0,RCP-006,approved,Community Health Fair catering 2025-11-08; programme event with signed agenda
GRC-0073,opal_city,2025-10-15,Civic Engagement LLC,equipment,220.13,RCP-NONE,approved,Equipment expense for programme activities
GRC-0074,opal_city,2025-06-28,Community Health Partners,equipment,215.07,RCP-NONE,approved,Equipment expense for programme activities
GRC-0075,opal_city,2025-10-20,Community Health Partners,travel_domestic,127.6,RCP-NONE,approved,Travel Domestic expense for programme activities
GRC-0076,opal_city,2025-02-28,Public Health Partners,training,184.53,RCP-NONE,approved,Training expense for programme activities
GRC-0077,opal_city,2025-01-28,Opal City Logistics,catering,321.73,RCP-NONE,pending,Catering expense for programme activities
GRC-0078,opal_city,2025-07-28,Neighbourhood Services Ltd.,catering,360.73,RCP-NONE,approved,Catering expense for programme activities
GRC-0079,opal_city,2025-08-10,Civic Engagement LLC,travel_domestic,162.63,RCP-NONE,approved,Travel Domestic expense for programme activities
GRC-0080,opal_city,2025-10-15,Opal City Logistics,stationery,36.65,RCP-NONE,approved,Stationery expense for programme activities
GRC-0081,opal_city,2025-08-28,Opal City Printers,catering,163.5,RCP-NONE,approved,Catering expense for programme activities
GRC-0082,opal_city,2025-02-05,Civic Education Foundation,training,455.5,RCP-NONE,approved,Training expense for programme activities
GRC-0083,opal_city,2025-09-10,Opal City Printers,travel_domestic,189.49,RCP-NONE,approved,Travel Domestic expense for programme activities
GRC-0084,opal_city,2025-04-10,Civic Education Foundation,equipment,466.48,RCP-NONE,approved,Equipment expense for programme activities
GRC-0085,opal_city,2025-08-15,Opal City Printers,equipment,153.74,RCP-NONE,pending,Equipment expense for programme activities
GRC-0086,opal_city,2025-03-25,Civic Engagement LLC,equipment,351.61,RCP-NONE,approved,Equipment expense for programme activities
GRC-0087,opal_city,2025-08-05,City Transport Services,venue_hire,714.79,RCP-NONE,approved,Venue Hire expense for programme activities
GRC-0088,opal_city,2025-09-18,Office Tech Suppliers,equipment,780.0,RCP-NONE,flagged,Equipment purchase USD 780; exceeds OCCF per-item cap of USD 500 per §3.4
GRC-0089,opal_city,2025-12-10,Civic Engagement LLC,equipment,478.92,RCP-NONE,approved,Equipment expense for programme activities
GRC-0090,opal_city,2025-01-15,Local Venue Hire Co.,venue_hire,606.79,RCP-NONE,approved,Venue Hire expense for programme activities
GRC-0091,opal_city,2025-11-15,Opal City Catering Co.,stationery,88.09,RCP-NONE,approved,Stationery expense for programme activities
GRC-0092,opal_city,2025-07-10,Local Training Institute,stationery,56.34,RCP-NONE,approved,Stationery expense for programme activities
GRC-0093,opal_city,2025-12-10,Community Health Partners,catering,434.05,RCP-NONE,approved,Catering expense for programme activities
GRC-0094,opal_city,2025-09-05,City Transport Services,catering,152.42,RCP-NONE,approved,Catering expense for programme activities
GRC-0095,opal_city,2025-04-20,Opal City Logistics,equipment,393.02,RCP-NONE,approved,Equipment expense for programme activities
GRC-0096,opal_city,2025-06-05,Opal City Logistics,training,454.36,RCP-NONE,approved,Training expense for programme activities
GRC-0097,opal_city,2025-05-28,Local Skills Centre,equipment,397.84,RCP-NONE,approved,Equipment expense for programme activities
GRC-0098,opal_city,2025-05-05,Local Venue Hire Co.,venue_hire,923.18,RCP-NONE,approved,Venue Hire expense for programme activities
GRC-0099,opal_city,2025-10-28,Opal City Printers,catering,493.78,RCP-NONE,pending,Catering expense for programme activities
GRC-0100,opal_city,2025-04-15,Opal City Catering Co.,catering,310.98,RCP-NONE,pending,Catering expense for programme activities
GRC-0101,opal_city,2025-02-05,Neighbourhood Services Ltd.,stationery,178.41,RCP-NONE,pending,Stationery expense for programme activities
GRC-0102,opal_city,2025-12-05,Local Training Institute,catering,473.72,RCP-NONE,approved,Catering expense for programme activities
GRC-0103,opal_city,2025-11-28,City Transport Services,stationery,76.37,RCP-NONE,pending,Stationery expense for programme activities
GRC-0104,opal_city,2025-05-25,Opal City Logistics,travel_domestic,286.6,RCP-NONE,pending,Travel Domestic expense for programme activities
GRC-0201,opal_city,2025-10-22,British Airways,travel_intl,1120.0,RCP-NONE,flagged,International travel; OCCF §4.1 restricts reimbursement to domestic travel only
