snapshot_time_utc,symbol,bid_price,ask_price,bid_size,ask_size,last_price,volume,tz_offset_used,tz_offset_correct
2024-11-03T14:18:00Z,YM,4714.3,4715.1900000000005,29,225,4714.75,9487,-04:00,-05:00
2024-11-03T18:40:00Z,NQ,4624.5,4625.29,67,48,4624.9,7435,-04:00,-05:00
2024-11-03T21:38:00Z,ES,4922.47,4923.41,137,334,4922.94,6718,-04:00,-05:00
2024-11-03T16:37:00Z,ES,4517.2,4517.8,478,143,4517.5,9838,-04:00,-05:00
2024-11-03T18:21:00Z,YM,5222.16,5222.84,77,163,5222.5,7373,-04:00,-05:00
2024-11-03T17:28:00Z,RTY,5574.41,5575.11,303,267,5574.76,7319,-04:00,-05:00
2024-11-03T15:14:00Z,RTY,5190.16,5190.45,454,344,5190.31,3473,-04:00,-05:00
2024-11-03T21:31:00Z,YM,5591.06,5591.43,403,333,5591.25,8543,-04:00,-05:00
2024-11-03T19:31:00Z,NQ,5756.51,5756.89,185,360,5756.7,2209,-04:00,-05:00
2024-11-03T17:14:00Z,ES,5720.0,5720.45,203,47,5720.23,5138,-04:00,-05:00
2024-11-03T21:16:00Z,NQ,5362.01,5362.35,119,376,5362.18,8575,-04:00,-05:00
2024-11-03T14:06:00Z,YM,4996.62,4996.95,215,200,4996.78,5936,-04:00,-05:00
2024-11-03T19:51:00Z,RTY,4933.59,4934.26,95,438,4933.93,3015,-04:00,-05:00
2024-11-03T17:36:00Z,RTY,5363.42,5364.37,492,442,5363.9,9247,-04:00,-05:00
2024-11-03T21:57:00Z,YM,5081.31,5082.110000000001,117,113,5081.71,1418,-04:00,-05:00
2024-11-03T17:09:00Z,ES,5704.15,5704.889999999999,207,498,5704.52,4105,-04:00,-05:00
2024-11-03T21:53:00Z,NQ,5346.42,5346.72,406,175,5346.57,4247,-04:00,-05:00
2024-11-03T15:43:00Z,RTY,5038.03,5038.9,394,265,5038.47,4572,-04:00,-05:00
2024-11-03T15:05:00Z,RTY,5770.94,5771.66,439,461,5771.3,8095,-04:00,-05:00
2024-11-03T17:20:00Z,NQ,5577.15,5577.9,427,364,5577.52,9545,-04:00,-05:00
2024-11-03T21:29:00Z,YM,4753.75,4754.05,443,449,4753.9,7470,-04:00,-05:00
2024-11-03T17:48:00Z,YM,5356.03,5356.34,434,144,5356.18,7237,-04:00,-05:00
2024-11-03T19:48:00Z,NQ,5017.76,5018.4800000000005,89,323,5018.12,7133,-04:00,-05:00
2024-11-03T16:38:00Z,NQ,5377.83,5378.55,394,191,5378.19,2387,-04:00,-05:00
2024-11-03T18:28:00Z,NQ,5541.6,5541.9800000000005,478,168,5541.79,6693,-04:00,-05:00
2024-11-03T14:49:00Z,YM,5699.51,5700.51,198,385,5700.01,4845,-04:00,-05:00
2024-11-03T18:26:00Z,ES,5225.54,5225.96,439,328,5225.75,6840,-04:00,-05:00
2024-11-03T20:52:00Z,RTY,5681.98,5682.32,185,320,5682.15,2318,-04:00,-05:00
2024-11-03T16:04:00Z,RTY,5202.96,5203.35,130,468,5203.16,7296,-04:00,-05:00
2024-11-03T15:56:00Z,ES,5626.98,5627.5599999999995,167,195,5627.27,6266,-04:00,-05:00
2024-11-03T17:10:00Z,NQ,4822.0,4822.4,430,65,4822.2,9571,-04:00,-05:00
2024-11-03T21:20:00Z,YM,4573.96,4574.47,205,474,4574.22,1199,-04:00,-05:00
2024-11-03T14:09:00Z,YM,5650.23,5650.79,21,451,5650.51,7810,-04:00,-05:00
2024-11-03T17:33:00Z,RTY,5077.2,5078.099999999999,227,249,5077.65,4017,-04:00,-05:00
2024-11-03T20:13:00Z,ES,5504.64,5505.35,443,426,5505.0,7779,-04:00,-05:00
2024-11-03T16:03:00Z,RTY,4547.24,4547.78,17,112,4547.51,9379,-04:00,-05:00
2024-11-03T17:43:00Z,NQ,5589.49,5590.389999999999,95,413,5589.94,7526,-04:00,-05:00
2024-11-03T21:13:00Z,NQ,5794.42,5794.77,303,342,5794.6,5708,-04:00,-05:00
2024-11-03T21:11:00Z,YM,5618.48,5619.4,385,497,5618.94,6356,-04:00,-05:00
2024-11-03T15:26:00Z,YM,5681.9,5682.7,429,51,5682.3,6104,-04:00,-05:00
2024-11-03T16:02:00Z,ES,4966.18,4967.09,369,421,4966.64,879,-04:00,-05:00
2024-11-03T17:09:00Z,RTY,4652.28,4652.63,434,101,4652.45,865,-04:00,-05:00
2024-11-03T15:02:00Z,NQ,4963.33,4964.2699999999995,29,134,4963.8,3942,-04:00,-05:00
2024-11-03T18:17:00Z,NQ,4724.06,4724.39,450,463,4724.23,3666,-04:00,-05:00
2024-11-03T19:01:00Z,NQ,5647.44,5648.19,369,154,5647.81,5012,-04:00,-05:00
2024-11-03T21:39:00Z,YM,4947.72,4948.240000000001,473,161,4947.98,6035,-04:00,-05:00
2024-11-03T16:03:00Z,NQ,5682.77,5683.160000000001,451,494,5682.97,2013,-04:00,-05:00
2024-11-03T20:48:00Z,YM,4751.35,4751.89,350,129,4751.62,7027,-04:00,-05:00
2024-11-03T15:56:00Z,RTY,4710.73,4711.58,378,35,4711.15,8696,-04:00,-05:00
2024-11-03T15:13:00Z,ES,4906.73,4907.4,380,80,4907.06,8314,-04:00,-05:00
2024-11-03T19:44:00Z,ES,4843.23,4844.129999999999,107,401,4843.68,3682,-04:00,-05:00
2024-11-03T19:24:00Z,ES,4781.38,4781.72,67,232,4781.55,6702,-04:00,-05:00
2024-11-03T17:12:00Z,ES,5476.49,5476.83,500,91,5476.66,4614,-04:00,-05:00
2024-11-03T21:22:00Z,NQ,4841.55,4842.04,24,400,4841.8,9986,-04:00,-05:00
2024-11-03T21:49:00Z,NQ,5442.19,5442.87,373,466,5442.53,7489,-04:00,-05:00
2024-11-03T15:27:00Z,RTY,4868.85,4869.7300000000005,392,121,4869.29,5467,-04:00,-05:00
2024-11-03T19:25:00Z,YM,5208.26,5209.070000000001,251,206,5208.67,1840,-04:00,-05:00
2024-11-03T18:23:00Z,RTY,5052.71,5053.56,366,293,5053.14,8732,-04:00,-05:00
2024-11-03T16:36:00Z,RTY,5340.53,5341.3,419,271,5340.91,6632,-04:00,-05:00
2024-11-03T16:50:00Z,ES,5004.96,5005.4,99,367,5005.18,636,-04:00,-05:00
2024-11-03T16:19:00Z,NQ,5386.22,5386.55,133,275,5386.39,1522,-04:00,-05:00
2024-11-03T20:24:00Z,YM,4662.11,4662.4,399,330,4662.25,214,-04:00,-05:00
2024-11-03T16:56:00Z,ES,4876.95,4877.49,410,218,4877.22,2855,-04:00,-05:00
2024-11-03T19:01:00Z,ES,5301.87,5302.61,297,234,5302.24,8477,-04:00,-05:00
2024-11-03T17:18:00Z,NQ,4610.31,4611.240000000001,202,147,4610.78,9844,-04:00,-05:00
2024-11-03T19:03:00Z,ES,5391.87,5392.16,489,493,5392.01,4377,-04:00,-05:00
2024-11-03T17:29:00Z,RTY,5645.65,5645.969999999999,482,288,5645.81,7872,-04:00,-05:00
2024-11-03T16:38:00Z,RTY,5125.11,5125.92,92,313,5125.51,6213,-04:00,-05:00
2024-11-03T17:14:00Z,YM,5476.09,5476.92,103,182,5476.51,2507,-04:00,-05:00
2024-11-03T17:13:00Z,ES,4583.6,4584.43,335,299,4584.02,2205,-04:00,-05:00
2024-11-03T18:33:00Z,YM,5353.73,5354.089999999999,326,228,5353.91,3520,-04:00,-05:00
2024-11-03T21:57:00Z,RTY,4704.24,4704.69,294,284,4704.47,8985,-04:00,-05:00
2024-11-03T18:39:00Z,NQ,5048.48,5049.32,452,263,5048.9,9815,-04:00,-05:00
2024-11-03T15:54:00Z,RTY,5134.15,5134.469999999999,397,149,5134.31,3556,-04:00,-05:00
2024-11-03T21:48:00Z,YM,5433.19,5434.009999999999,361,51,5433.6,9155,-04:00,-05:00
2024-11-03T19:53:00Z,YM,4735.31,4735.6900000000005,72,262,4735.5,818,-04:00,-05:00
2024-11-03T21:15:00Z,NQ,5500.65,5501.0199999999995,240,288,5500.83,8780,-04:00,-05:00
2024-11-03T20:49:00Z,ES,5723.43,5724.360000000001,471,394,5723.9,8422,-04:00,-05:00
2024-11-03T17:17:00Z,RTY,4767.89,4768.37,153,297,4768.13,2116,-04:00,-05:00
2024-11-03T16:12:00Z,ES,4823.97,4824.93,363,331,4824.45,2349,-04:00,-05:00
2024-11-03T15:52:00Z,ES,5374.44,5374.98,375,460,5374.71,9766,-04:00,-05:00
2024-11-03T15:16:00Z,RTY,4614.51,4615.27,140,144,4614.89,9685,-04:00,-05:00
2024-11-03T21:13:00Z,ES,5468.26,5469.030000000001,388,323,5468.65,1010,-04:00,-05:00
2024-11-03T19:41:00Z,YM,5679.14,5679.740000000001,252,357,5679.44,6430,-04:00,-05:00
2024-11-03T17:21:00Z,RTY,4766.49,4767.49,79,470,4766.99,9577,-04:00,-05:00
2024-11-03T18:32:00Z,YM,5217.08,5217.38,321,92,5217.23,7382,-04:00,-05:00
2024-11-03T16:06:00Z,RTY,5628.59,5629.52,185,15,5629.06,1293,-04:00,-05:00
2024-11-03T17:02:00Z,RTY,5503.19,5504.15,377,314,5503.67,2643,-04:00,-05:00
2024-11-03T16:22:00Z,NQ,4863.4,4864.099999999999,277,342,4863.75,4148,-04:00,-05:00
2024-11-03T17:48:00Z,NQ,4647.97,4648.67,276,99,4648.32,4250,-04:00,-05:00
2024-11-03T21:44:00Z,NQ,4838.98,4839.919999999999,73,492,4839.45,8818,-04:00,-05:00
2024-11-03T17:30:00Z,NQ,5364.52,5365.1,244,71,5364.81,2945,-04:00,-05:00
2024-11-03T18:43:00Z,YM,5469.24,5470.07,94,460,5469.65,9327,-04:00,-05:00
2024-11-03T21:44:00Z,YM,5737.79,5738.53,63,333,5738.16,3312,-04:00,-05:00
2024-11-03T20:31:00Z,RTY,5680.12,5680.5,496,438,5680.31,8406,-04:00,-05:00
2024-11-03T16:52:00Z,YM,4937.38,4938.25,95,205,4937.82,6959,-04:00,-05:00
2024-11-03T18:04:00Z,ES,4742.01,4742.81,268,451,4742.41,4703,-04:00,-05:00
2024-11-03T19:05:00Z,RTY,5747.16,5748.139999999999,160,468,5747.65,9776,-04:00,-05:00
2024-11-03T16:22:00Z,ES,5713.11,5713.61,47,210,5713.36,4238,-04:00,-05:00
2024-11-03T19:42:00Z,ES,5673.88,5674.82,368,419,5674.35,2960,-04:00,-05:00
2024-11-03T17:36:00Z,ES,5754.15,5755.07,95,75,5754.61,5369,-04:00,-05:00
2024-11-03T15:50:00Z,NQ,5675.36,5676.0,226,237,5675.68,2631,-04:00,-05:00
2024-11-03T16:12:00Z,ES,5670.01,5670.45,266,385,5670.23,2893,-04:00,-05:00
2024-11-03T14:10:00Z,NQ,5423.0,5423.6,313,37,5423.3,2801,-04:00,-05:00
2024-11-03T19:57:00Z,RTY,5178.76,5179.14,250,490,5178.95,2961,-04:00,-05:00
2024-11-03T15:50:00Z,YM,5132.25,5132.56,319,111,5132.41,1959,-04:00,-05:00
2024-11-03T19:00:00Z,RTY,5044.05,5044.52,48,19,5044.28,6398,-04:00,-05:00
2024-11-03T17:40:00Z,RTY,5448.36,5448.96,95,125,5448.66,7781,-04:00,-05:00
2024-11-03T21:04:00Z,NQ,5798.33,5799.22,247,263,5798.77,6904,-04:00,-05:00
2024-11-03T18:11:00Z,RTY,4672.91,4673.53,470,466,4673.22,5664,-04:00,-05:00
2024-11-03T14:38:00Z,YM,5219.02,5219.9800000000005,464,124,5219.5,301,-04:00,-05:00
2024-11-03T21:22:00Z,ES,4857.04,4857.87,363,298,4857.45,6505,-04:00,-05:00
2024-11-03T18:17:00Z,RTY,4782.06,4782.55,384,454,4782.31,8090,-04:00,-05:00
2024-11-03T18:21:00Z,RTY,4658.69,4659.419999999999,351,68,4659.05,9085,-04:00,-05:00
2024-11-03T16:51:00Z,NQ,4858.16,4858.75,18,479,4858.45,8469,-04:00,-05:00
2024-11-03T14:35:00Z,NQ,4724.16,4724.61,42,493,4724.39,987,-04:00,-05:00
2024-11-03T15:38:00Z,YM,5011.37,5011.92,402,83,5011.65,5803,-04:00,-05:00
2024-11-03T16:12:00Z,RTY,4964.93,4965.450000000001,454,488,4965.19,5369,-04:00,-05:00
2024-11-03T20:55:00Z,NQ,5536.65,5537.139999999999,424,266,5536.89,4441,-04:00,-05:00
2024-11-03T15:54:00Z,ES,4778.33,4779.1,263,492,4778.72,8527,-04:00,-05:00
2024-11-03T21:59:00Z,ES,5274.48,5274.73,262,296,5274.6,4081,-04:00,-05:00
2024-11-03T17:23:00Z,YM,5766.65,5766.95,335,273,5766.8,1603,-04:00,-05:00
2024-11-03T21:28:00Z,ES,4521.84,4522.31,40,329,4522.08,1562,-04:00,-05:00
2024-11-03T19:14:00Z,ES,4776.63,4777.12,99,117,4776.88,164,-04:00,-05:00
2024-11-03T17:17:00Z,NQ,4674.98,4675.98,116,199,4675.48,2789,-04:00,-05:00
2024-11-03T16:34:00Z,YM,5008.22,5009.17,424,180,5008.69,509,-04:00,-05:00
2024-11-03T17:03:00Z,RTY,5414.96,5415.83,307,432,5415.4,1864,-04:00,-05:00
2024-11-03T15:08:00Z,RTY,5275.08,5275.54,22,197,5275.31,9309,-04:00,-05:00
2024-11-03T18:31:00Z,RTY,5332.33,5332.83,279,260,5332.58,9740,-04:00,-05:00
2024-11-03T18:04:00Z,RTY,5370.42,5371.02,42,373,5370.72,7455,-04:00,-05:00
2024-11-03T20:19:00Z,NQ,5515.03,5516.03,345,232,5515.53,487,-04:00,-05:00
2024-11-03T20:23:00Z,YM,5363.98,5364.5199999999995,162,99,5364.25,7273,-04:00,-05:00
2024-11-03T17:01:00Z,RTY,4585.87,4586.23,84,272,4586.05,9593,-04:00,-05:00
2024-11-03T19:29:00Z,RTY,4786.28,4786.54,202,73,4786.41,1079,-04:00,-05:00
2024-11-03T17:40:00Z,ES,4789.39,4790.12,476,167,4789.76,8619,-04:00,-05:00
2024-11-03T16:55:00Z,NQ,4595.62,4596.59,63,288,4596.1,5670,-04:00,-05:00
2024-11-03T17:55:00Z,RTY,5111.64,5112.0,308,348,5111.82,7057,-04:00,-05:00
2024-11-03T18:53:00Z,NQ,5353.39,5354.39,27,234,5353.89,9927,-04:00,-05:00
2024-11-03T19:27:00Z,YM,5289.23,5290.0,462,437,5289.61,5593,-04:00,-05:00
2024-11-03T18:23:00Z,NQ,4623.23,4623.73,427,262,4623.48,6730,-04:00,-05:00
2024-11-03T14:21:00Z,ES,5657.67,5658.6,227,177,5658.14,1615,-04:00,-05:00
2024-11-03T15:39:00Z,YM,5007.97,5008.35,120,76,5008.16,3222,-04:00,-05:00
2024-11-03T19:26:00Z,YM,5186.36,5187.009999999999,158,102,5186.68,2896,-04:00,-05:00
2024-11-03T16:39:00Z,NQ,5779.57,5780.03,229,477,5779.8,8105,-04:00,-05:00
2024-11-03T18:47:00Z,YM,4868.75,4869.17,382,149,4868.96,2149,-04:00,-05:00
2024-11-03T20:59:00Z,RTY,4672.26,4672.95,253,238,4672.6,9594,-04:00,-05:00
2024-11-03T14:48:00Z,RTY,4748.05,4748.39,176,74,4748.22,2695,-04:00,-05:00
2024-11-03T17:01:00Z,ES,4640.2,4640.98,211,48,4640.59,8404,-04:00,-05:00
2024-11-03T19:38:00Z,RTY,4684.36,4684.62,165,279,4684.49,966,-04:00,-05:00
2024-11-03T17:22:00Z,ES,5529.22,5530.18,256,132,5529.7,8791,-04:00,-05:00
2024-11-03T21:40:00Z,YM,5089.73,5090.33,247,336,5090.03,7502,-04:00,-05:00
2024-11-03T19:14:00Z,YM,5190.51,5191.150000000001,224,215,5190.83,3163,-04:00,-05:00
2024-11-03T20:56:00Z,ES,5451.0,5451.63,239,92,5451.32,6462,-04:00,-05:00
2024-11-03T15:18:00Z,ES,4756.2,4757.03,88,474,4756.61,8294,-04:00,-05:00
2024-11-03T20:16:00Z,NQ,4640.23,4640.58,193,278,4640.4,6447,-04:00,-05:00
2024-11-03T17:01:00Z,ES,4752.7,4753.54,477,289,4753.12,2568,-04:00,-05:00
2024-11-03T17:19:00Z,YM,4955.61,4956.049999999999,175,39,4955.83,4516,-04:00,-05:00
2024-11-03T14:01:00Z,NQ,4913.06,4913.8,440,278,4913.43,2397,-04:00,-05:00
2024-11-03T16:26:00Z,RTY,4565.18,4565.490000000001,377,27,4565.34,4605,-04:00,-05:00
2024-11-03T19:46:00Z,NQ,4730.11,4731.009999999999,51,50,4730.56,511,-04:00,-05:00
2024-11-03T15:48:00Z,YM,5190.17,5190.57,30,177,5190.37,8852,-04:00,-05:00
2024-11-03T21:34:00Z,YM,5152.68,5153.240000000001,493,78,5152.96,4416,-04:00,-05:00
2024-11-03T14:01:00Z,NQ,5706.15,5707.12,139,96,5706.64,8902,-04:00,-05:00
2024-11-03T21:09:00Z,RTY,5329.57,5330.349999999999,133,386,5329.96,3230,-04:00,-05:00
2024-11-03T14:03:00Z,ES,5607.14,5608.09,423,277,5607.61,4235,-04:00,-05:00
2024-11-03T17:09:00Z,RTY,5067.1,5067.83,212,334,5067.47,7833,-04:00,-05:00
2024-11-03T20:11:00Z,ES,5525.26,5525.610000000001,266,240,5525.44,3667,-04:00,-05:00
2024-11-03T16:18:00Z,ES,4701.39,4701.67,107,277,4701.53,8272,-04:00,-05:00
2024-11-03T21:32:00Z,RTY,5114.9,5115.259999999999,271,197,5115.08,2176,-04:00,-05:00
2024-11-03T19:12:00Z,YM,5448.68,5449.68,315,190,5449.18,154,-04:00,-05:00
2024-11-03T21:56:00Z,ES,5434.49,5434.84,16,19,5434.66,6492,-04:00,-05:00
2024-11-03T14:13:00Z,RTY,4984.09,4984.88,184,396,4984.49,8748,-04:00,-05:00
2024-11-03T20:23:00Z,YM,5366.94,5367.69,110,421,5367.31,3910,-04:00,-05:00
2024-11-03T19:35:00Z,NQ,5268.05,5268.4400000000005,159,81,5268.25,6680,-04:00,-05:00
2024-11-03T14:51:00Z,NQ,5727.15,5727.54,11,58,5727.34,3602,-04:00,-05:00
2024-11-03T20:22:00Z,NQ,5285.68,5286.030000000001,82,359,5285.86,101,-04:00,-05:00
2024-11-03T20:09:00Z,YM,5149.72,5150.02,420,283,5149.87,7271,-04:00,-05:00
2024-11-03T14:54:00Z,YM,5115.52,5116.25,357,422,5115.89,9852,-04:00,-05:00
2024-11-03T15:06:00Z,RTY,5003.88,5004.6900000000005,175,52,5004.28,3481,-04:00,-05:00
2024-11-03T19:55:00Z,NQ,4569.3,4570.09,101,113,4569.69,2788,-04:00,-05:00
2024-11-03T16:28:00Z,NQ,5736.99,5737.8099999999995,403,459,5737.4,5079,-04:00,-05:00
2024-11-03T16:58:00Z,NQ,5349.85,5350.410000000001,439,207,5350.13,9990,-04:00,-05:00
2024-11-03T21:28:00Z,NQ,5226.32,5227.139999999999,248,408,5226.73,9111,-04:00,-05:00
2024-11-03T19:22:00Z,ES,5643.13,5644.08,336,345,5643.6,5164,-04:00,-05:00
2024-11-03T16:32:00Z,YM,4849.0,4849.68,459,386,4849.34,3882,-04:00,-05:00
2024-11-03T17:07:00Z,NQ,5218.92,5219.56,71,156,5219.24,2932,-04:00,-05:00
2024-11-03T21:26:00Z,RTY,5469.95,5470.91,270,238,5470.43,3655,-04:00,-05:00
2024-11-03T16:50:00Z,RTY,5277.96,5278.93,116,164,5278.44,9365,-04:00,-05:00
2024-11-03T18:41:00Z,YM,4771.94,4772.83,24,285,4772.39,1774,-04:00,-05:00
2024-11-03T17:16:00Z,YM,4516.9,4517.73,182,197,4517.31,6062,-04:00,-05:00
2024-11-03T16:16:00Z,RTY,5783.39,5784.27,295,130,5783.83,9242,-04:00,-05:00
2024-11-03T16:18:00Z,ES,5371.26,5371.93,232,230,5371.6,8223,-04:00,-05:00
2024-11-03T20:27:00Z,RTY,5195.68,5196.320000000001,24,161,5196.0,4983,-04:00,-05:00
2024-11-03T17:12:00Z,ES,4835.9,4836.889999999999,21,139,4836.39,699,-04:00,-05:00
2024-11-03T15:03:00Z,RTY,5664.59,5665.09,244,200,5664.84,6493,-04:00,-05:00
2024-11-03T14:26:00Z,YM,5158.89,5159.39,346,270,5159.14,9460,-04:00,-05:00
2024-11-03T14:11:00Z,YM,5153.86,5154.54,199,214,5154.2,8768,-04:00,-05:00
2024-11-03T17:34:00Z,NQ,5003.35,5004.1900000000005,435,33,5003.77,9357,-04:00,-05:00
2024-11-03T14:22:00Z,YM,5472.29,5472.94,414,128,5472.61,2273,-04:00,-05:00
2024-11-03T18:08:00Z,ES,4591.87,4592.7,118,461,4592.28,9781,-04:00,-05:00
2024-11-03T21:53:00Z,RTY,4972.88,4973.59,291,179,4973.24,3604,-04:00,-05:00
2024-11-03T21:44:00Z,RTY,5703.66,5704.04,307,264,5703.85,7067,-04:00,-05:00
2024-11-03T17:44:00Z,NQ,4585.59,4586.12,125,242,4585.85,9977,-04:00,-05:00
2024-11-03T19:55:00Z,YM,5518.08,5518.42,26,351,5518.25,6590,-04:00,-05:00
2024-11-03T15:16:00Z,NQ,4598.03,4598.66,366,146,4598.34,3198,-04:00,-05:00
2024-11-03T19:09:00Z,YM,4674.96,4675.57,300,244,4675.26,5328,-04:00,-05:00
2024-11-03T17:04:00Z,NQ,5344.34,5344.95,233,103,5344.65,6255,-04:00,-05:00
2024-11-03T17:40:00Z,NQ,5745.28,5745.78,269,219,5745.53,2158,-04:00,-05:00
2024-11-03T15:08:00Z,YM,4562.32,4563.0199999999995,215,426,4562.67,687,-04:00,-05:00
2024-11-03T14:49:00Z,YM,4753.43,4754.37,145,324,4753.9,431,-04:00,-05:00
2024-11-03T17:36:00Z,RTY,4506.07,4506.5199999999995,65,433,4506.3,9846,-04:00,-05:00
2024-11-03T18:02:00Z,YM,4934.09,4934.87,157,408,4934.48,1624,-04:00,-05:00
2024-11-03T17:14:00Z,ES,5046.61,5047.259999999999,321,223,5046.93,6468,-04:00,-05:00
2024-11-03T21:14:00Z,YM,5671.97,5672.27,170,382,5672.12,1388,-04:00,-05:00
2024-11-03T16:29:00Z,ES,4522.72,4523.63,125,164,4523.18,1941,-04:00,-05:00
2024-11-03T18:33:00Z,ES,4681.07,4681.38,210,270,4681.23,3545,-04:00,-05:00
2024-11-03T16:10:00Z,NQ,5122.02,5122.580000000001,361,420,5122.3,614,-04:00,-05:00
2024-11-03T18:50:00Z,RTY,5317.87,5318.45,149,96,5318.16,7751,-04:00,-05:00
2024-11-03T18:22:00Z,RTY,4955.41,4955.93,331,383,4955.67,7641,-04:00,-05:00
2024-11-03T16:18:00Z,NQ,5455.8,5456.13,384,196,5455.97,9166,-04:00,-05:00
2024-11-03T17:38:00Z,RTY,5369.24,5370.05,24,245,5369.65,6466,-04:00,-05:00
2024-11-03T17:14:00Z,NQ,5126.53,5127.16,284,432,5126.84,7445,-04:00,-05:00
2024-11-03T14:13:00Z,YM,4939.42,4939.81,11,418,4939.61,5255,-04:00,-05:00
2024-11-03T16:21:00Z,YM,5400.7,5401.59,263,127,5401.15,6016,-04:00,-05:00
2024-11-03T16:08:00Z,RTY,4719.46,4720.02,247,391,4719.74,957,-04:00,-05:00
2024-11-03T17:49:00Z,NQ,5744.32,5744.849999999999,53,51,5744.58,3063,-04:00,-05:00
2024-11-03T17:59:00Z,RTY,4998.61,4999.36,441,35,4998.98,386,-04:00,-05:00
2024-11-03T21:39:00Z,RTY,5693.22,5694.08,466,126,5693.65,5791,-04:00,-05:00
2024-11-03T14:54:00Z,ES,5070.08,5070.37,16,444,5070.23,9021,-04:00,-05:00
2024-11-03T19:04:00Z,ES,5625.21,5625.66,101,233,5625.43,742,-04:00,-05:00
2024-11-03T18:52:00Z,YM,5388.06,5388.55,20,230,5388.31,3120,-04:00,-05:00
2024-11-03T17:29:00Z,NQ,4943.77,4944.620000000001,246,476,4944.2,6420,-04:00,-05:00
2024-11-03T15:10:00Z,NQ,4979.57,4980.49,83,48,4980.03,5745,-04:00,-05:00
2024-11-03T15:15:00Z,YM,5275.87,5276.67,478,49,5276.27,1090,-04:00,-05:00
2024-11-03T20:15:00Z,YM,5123.67,5124.33,46,181,5124.0,4870,-04:00,-05:00
2024-11-03T14:46:00Z,YM,5158.12,5158.54,171,202,5158.33,2236,-04:00,-05:00
2024-11-03T20:55:00Z,ES,5781.87,5782.39,101,145,5782.13,6217,-04:00,-05:00
2024-11-03T14:05:00Z,ES,5379.39,5379.700000000001,42,175,5379.55,4061,-04:00,-05:00
2024-11-03T14:43:00Z,ES,4753.64,4754.06,274,356,4753.85,230,-04:00,-05:00
2024-11-03T20:04:00Z,NQ,4513.3,4514.17,432,103,4513.74,7934,-04:00,-05:00
2024-11-03T18:00:00Z,ES,4552.06,4552.55,130,365,4552.31,7414,-04:00,-05:00
2024-11-03T17:04:00Z,NQ,5713.28,5713.67,330,345,5713.48,7368,-04:00,-05:00
2024-11-03T19:29:00Z,ES,5776.63,5777.4400000000005,487,50,5777.03,8567,-04:00,-05:00
2024-11-03T18:13:00Z,RTY,5545.82,5546.469999999999,41,151,5546.14,7345,-04:00,-05:00
2024-11-03T15:31:00Z,NQ,4604.58,4605.19,107,128,4604.89,3492,-04:00,-05:00
2024-11-03T20:33:00Z,NQ,5595.93,5596.320000000001,492,438,5596.12,5062,-04:00,-05:00
2024-11-03T14:45:00Z,YM,5788.35,5789.2300000000005,13,330,5788.79,2299,-04:00,-05:00
2024-11-03T14:12:00Z,RTY,4870.04,4871.0199999999995,421,12,4870.53,8526,-04:00,-05:00
2024-11-03T14:04:00Z,YM,4784.79,4785.66,51,424,4785.23,5122,-04:00,-05:00
2024-11-03T14:20:00Z,RTY,5374.82,5375.46,311,323,5375.14,9187,-04:00,-05:00
2024-11-03T19:32:00Z,ES,5270.29,5271.19,335,345,5270.74,3688,-04:00,-05:00
2024-11-03T17:27:00Z,RTY,5368.94,5369.7,379,359,5369.32,4830,-04:00,-05:00
2024-11-03T19:22:00Z,YM,5065.47,5066.27,171,468,5065.87,7752,-04:00,-05:00
2024-11-03T19:31:00Z,NQ,5117.17,5117.54,438,233,5117.35,8245,-04:00,-05:00
2024-11-03T18:44:00Z,YM,5123.59,5123.860000000001,96,37,5123.73,563,-04:00,-05:00
2024-11-03T17:37:00Z,YM,5498.99,5499.719999999999,148,417,5499.35,3437,-04:00,-05:00
2024-11-03T17:15:00Z,YM,5157.74,5158.389999999999,70,356,5158.06,8599,-04:00,-05:00
2024-11-03T18:59:00Z,RTY,4702.58,4703.3,406,120,4702.94,3707,-04:00,-05:00
2024-11-03T17:23:00Z,NQ,5176.69,5177.29,394,397,5176.99,2288,-04:00,-05:00
2024-11-03T15:44:00Z,RTY,4513.63,4514.37,351,220,4514.0,2382,-04:00,-05:00
2024-11-03T18:37:00Z,RTY,4529.36,4529.7,289,73,4529.53,4745,-04:00,-05:00
2024-11-03T15:24:00Z,RTY,4598.58,4598.94,164,367,4598.76,6475,-04:00,-05:00
2024-11-03T19:05:00Z,ES,5716.73,5717.07,103,75,5716.9,7138,-04:00,-05:00
2024-11-03T20:52:00Z,RTY,4806.76,4807.2,132,451,4806.98,6001,-04:00,-05:00
2024-11-03T16:17:00Z,RTY,4715.4,4716.379999999999,459,339,4715.89,1790,-04:00,-05:00
2024-11-03T19:59:00Z,RTY,5787.56,5787.92,36,88,5787.74,7202,-04:00,-05:00
2024-11-03T16:12:00Z,NQ,5564.95,5565.42,167,465,5565.18,6315,-04:00,-05:00
2024-11-03T14:20:00Z,RTY,5537.8,5538.37,255,449,5538.09,4345,-04:00,-05:00
2024-11-03T19:49:00Z,RTY,5335.68,5336.46,320,193,5336.07,5192,-04:00,-05:00
2024-11-03T21:37:00Z,YM,5385.57,5385.92,161,400,5385.74,3623,-04:00,-05:00
2024-11-03T20:35:00Z,ES,4776.36,4777.3099999999995,255,330,4776.83,9321,-04:00,-05:00
2024-11-03T17:52:00Z,ES,4560.79,4561.48,16,127,4561.14,7476,-04:00,-05:00
2024-11-03T17:26:00Z,NQ,5739.17,5740.09,270,89,5739.63,5830,-04:00,-05:00
2024-11-03T20:34:00Z,NQ,4548.76,4549.530000000001,415,372,4549.15,9701,-04:00,-05:00
2024-11-03T14:52:00Z,ES,4854.1,4854.490000000001,154,253,4854.3,1577,-04:00,-05:00
2024-11-03T14:19:00Z,RTY,5055.17,5055.88,492,447,5055.52,3154,-04:00,-05:00
2024-11-03T20:34:00Z,YM,5506.97,5507.43,349,351,5507.2,9600,-04:00,-05:00
2024-11-03T14:22:00Z,NQ,5310.7,5311.46,25,244,5311.08,2617,-04:00,-05:00
2024-11-03T15:05:00Z,ES,5055.49,5056.33,446,94,5055.91,630,-04:00,-05:00
2024-11-03T16:24:00Z,NQ,5276.47,5277.41,270,94,5276.94,985,-04:00,-05:00
2024-11-03T15:51:00Z,YM,5640.25,5640.63,241,480,5640.44,9475,-04:00,-05:00
2024-11-03T21:18:00Z,NQ,5545.67,5546.2,224,48,5545.93,6673,-04:00,-05:00
2024-11-03T15:45:00Z,YM,4883.01,4883.97,171,267,4883.49,6128,-04:00,-05:00
2024-11-03T20:41:00Z,RTY,5198.35,5198.990000000001,479,85,5198.67,4397,-04:00,-05:00
2024-11-03T19:51:00Z,ES,5262.01,5262.62,97,315,5262.32,1857,-04:00,-05:00
2024-11-03T21:28:00Z,RTY,5245.48,5245.95,192,301,5245.72,4324,-04:00,-05:00
2024-11-03T17:58:00Z,RTY,4660.43,4661.35,115,216,4660.89,5170,-04:00,-05:00
2024-11-03T19:43:00Z,RTY,5153.34,5153.96,142,318,5153.65,2968,-04:00,-05:00
2024-11-03T21:04:00Z,RTY,5499.24,5500.19,180,356,5499.72,1838,-04:00,-05:00
2024-11-03T19:18:00Z,RTY,4718.85,4719.740000000001,231,118,4719.3,8666,-04:00,-05:00
2024-11-03T18:58:00Z,ES,5122.48,5123.25,369,162,5122.86,3890,-04:00,-05:00
2024-11-03T21:17:00Z,RTY,4562.22,4562.55,475,401,4562.39,1047,-04:00,-05:00
2024-11-03T21:33:00Z,RTY,4537.45,4538.2699999999995,360,409,4537.86,1596,-04:00,-05:00
2024-11-03T20:36:00Z,RTY,5594.77,5595.68,422,256,5595.23,5718,-04:00,-05:00
2024-11-03T21:04:00Z,RTY,5043.23,5043.599999999999,73,38,5043.41,5170,-04:00,-05:00
2024-11-03T17:01:00Z,ES,5486.08,5486.85,289,252,5486.47,5233,-04:00,-05:00
2024-11-03T16:28:00Z,YM,5196.56,5197.04,435,218,5196.8,3082,-04:00,-05:00
2024-11-03T15:19:00Z,NQ,5583.57,5584.509999999999,17,370,5584.04,3924,-04:00,-05:00
2024-11-03T17:18:00Z,NQ,4643.73,4644.219999999999,342,126,4643.97,8989,-04:00,-05:00
2024-11-03T15:25:00Z,NQ,5642.84,5643.8,361,337,5643.32,305,-04:00,-05:00
2024-11-03T14:43:00Z,RTY,5726.83,5727.49,170,458,5727.16,7183,-04:00,-05:00
2024-11-03T14:56:00Z,RTY,5459.3,5460.16,210,305,5459.73,8768,-04:00,-05:00
2024-11-03T20:53:00Z,YM,5417.84,5418.46,199,59,5418.15,3841,-04:00,-05:00
2024-11-03T19:23:00Z,NQ,5128.19,5128.7,156,417,5128.44,4315,-04:00,-05:00
2024-11-03T20:57:00Z,RTY,4840.8,4841.52,476,276,4841.16,304,-04:00,-05:00
2024-11-03T18:22:00Z,YM,5159.44,5160.179999999999,250,468,5159.81,5408,-04:00,-05:00
2024-11-03T16:59:00Z,ES,5171.99,5172.41,84,159,5172.2,7339,-04:00,-05:00
2024-11-03T17:55:00Z,RTY,5224.09,5224.88,394,154,5224.49,7603,-04:00,-05:00
2024-11-03T18:30:00Z,RTY,5799.88,5800.6,348,352,5800.24,8675,-04:00,-05:00
2024-11-03T14:14:00Z,RTY,4657.2,4657.599999999999,425,114,4657.4,3642,-04:00,-05:00
2024-11-03T17:29:00Z,NQ,5045.31,5046.120000000001,342,81,5045.72,5942,-04:00,-05:00
2024-11-03T14:09:00Z,ES,5443.9,5444.25,135,366,5444.07,4109,-04:00,-05:00
2024-11-03T17:48:00Z,NQ,5368.22,5369.06,393,293,5368.64,4256,-04:00,-05:00
2024-11-03T21:49:00Z,NQ,5688.19,5688.679999999999,301,49,5688.43,7169,-04:00,-05:00
2024-11-03T15:40:00Z,YM,4769.33,4770.2699999999995,398,205,4769.8,9536,-04:00,-05:00
2024-11-03T19:21:00Z,NQ,5307.68,5308.360000000001,146,100,5308.02,8970,-04:00,-05:00
2024-11-03T15:13:00Z,YM,5026.05,5026.610000000001,73,260,5026.33,8137,-04:00,-05:00
2024-11-03T17:55:00Z,NQ,5761.49,5762.3,50,225,5761.9,6566,-04:00,-05:00
2024-11-03T14:43:00Z,RTY,5641.51,5642.1,212,94,5641.81,6935,-04:00,-05:00
2024-11-03T20:25:00Z,NQ,5286.88,5287.43,379,184,5287.16,1442,-04:00,-05:00
2024-11-03T19:39:00Z,NQ,4711.35,4712.02,353,57,4711.69,5353,-04:00,-05:00
2024-11-03T17:43:00Z,NQ,5591.19,5591.78,381,23,5591.48,2172,-04:00,-05:00
2024-11-03T19:55:00Z,NQ,4592.6,4593.490000000001,416,328,4593.05,4044,-04:00,-05:00
2024-11-03T16:16:00Z,RTY,5667.98,5668.37,14,29,5668.17,4984,-04:00,-05:00
2024-11-03T14:39:00Z,ES,4713.51,4714.24,226,377,4713.88,2197,-04:00,-05:00
2024-11-03T16:36:00Z,NQ,5623.95,5624.929999999999,78,166,5624.44,6957,-04:00,-05:00
2024-11-03T21:45:00Z,YM,5198.03,5198.849999999999,122,448,5198.44,2510,-04:00,-05:00
2024-11-03T17:59:00Z,RTY,5238.65,5239.629999999999,336,265,5239.14,7280,-04:00,-05:00
2024-11-03T16:25:00Z,NQ,5596.42,5597.03,40,166,5596.73,4843,-04:00,-05:00
2024-11-03T21:35:00Z,ES,4620.62,4621.47,483,490,4621.05,6278,-04:00,-05:00
2024-11-03T14:42:00Z,YM,5739.84,5740.77,445,254,5740.31,7821,-04:00,-05:00
2024-11-03T20:08:00Z,YM,4542.89,4543.3,407,460,4543.1,6256,-04:00,-05:00
2024-11-03T18:04:00Z,RTY,4939.28,4940.24,185,187,4939.76,1044,-04:00,-05:00
2024-11-03T19:31:00Z,NQ,5660.93,5661.37,430,364,5661.15,3979,-04:00,-05:00
2024-11-03T14:09:00Z,YM,4909.93,4910.22,469,491,4910.08,6462,-04:00,-05:00
2024-11-03T20:00:00Z,NQ,5519.9,5520.719999999999,367,459,5520.31,2337,-04:00,-05:00
2024-11-03T20:49:00Z,YM,4778.51,4778.900000000001,398,256,4778.7,6338,-04:00,-05:00
2024-11-03T15:12:00Z,RTY,4964.88,4965.83,213,420,4965.35,1100,-04:00,-05:00
2024-11-03T19:18:00Z,NQ,4541.71,4542.57,451,390,4542.14,4268,-04:00,-05:00
2024-11-03T14:53:00Z,YM,4669.03,4669.71,145,322,4669.37,6132,-04:00,-05:00
2024-11-03T21:46:00Z,ES,4908.64,4909.27,458,482,4908.95,7972,-04:00,-05:00
2024-11-03T17:43:00Z,YM,5750.71,5751.6,156,270,5751.16,4138,-04:00,-05:00
2024-11-03T14:53:00Z,RTY,4883.95,4884.73,101,129,4884.34,8360,-04:00,-05:00
2024-11-03T15:54:00Z,ES,5321.8,5322.34,163,52,5322.07,6950,-04:00,-05:00
2024-11-03T15:10:00Z,ES,5329.46,5329.9800000000005,449,364,5329.72,3519,-04:00,-05:00
2024-11-03T16:51:00Z,ES,5237.7,5238.0199999999995,48,25,5237.86,9837,-04:00,-05:00
2024-11-03T16:34:00Z,NQ,5145.04,5145.6,320,391,5145.32,1131,-04:00,-05:00
2024-11-03T16:32:00Z,RTY,5272.29,5273.0,461,214,5272.65,6125,-04:00,-05:00
2024-11-03T18:57:00Z,RTY,5224.42,5225.37,493,370,5224.9,6074,-04:00,-05:00
2024-11-03T19:54:00Z,NQ,4722.12,4722.64,452,22,4722.38,1207,-04:00,-05:00
2024-11-03T18:33:00Z,YM,5323.18,5323.9400000000005,495,306,5323.56,5044,-04:00,-05:00
2024-11-03T19:26:00Z,ES,4742.96,4743.38,220,125,4743.17,1976,-04:00,-05:00
2024-11-03T15:05:00Z,ES,4879.12,4879.49,466,335,4879.31,2398,-04:00,-05:00
2024-11-03T18:46:00Z,RTY,5719.83,5720.73,437,181,5720.28,2562,-04:00,-05:00
2024-11-03T14:37:00Z,YM,5645.26,5645.51,21,345,5645.39,4920,-04:00,-05:00
2024-11-03T17:20:00Z,NQ,5223.92,5224.42,489,290,5224.17,3768,-04:00,-05:00
2024-11-03T17:39:00Z,NQ,5194.92,5195.86,436,449,5195.39,1749,-04:00,-05:00
2024-11-03T16:24:00Z,RTY,4973.84,4974.42,356,28,4974.13,1188,-04:00,-05:00
2024-11-03T17:53:00Z,NQ,5022.89,5023.81,192,279,5023.35,8427,-04:00,-05:00
2024-11-03T17:48:00Z,RTY,5513.56,5513.830000000001,218,228,5513.7,6864,-04:00,-05:00
2024-11-03T15:08:00Z,RTY,4580.37,4581.25,493,358,4580.81,3551,-04:00,-05:00
2024-11-03T15:40:00Z,RTY,4959.82,4960.7,175,474,4960.26,9676,-04:00,-05:00
2024-11-03T16:58:00Z,YM,5254.25,5254.69,473,403,5254.47,3641,-04:00,-05:00
2024-11-03T18:23:00Z,RTY,5665.47,5665.740000000001,345,307,5665.61,3460,-04:00,-05:00
2024-11-03T19:21:00Z,RTY,5733.73,5734.299999999999,413,125,5734.01,4596,-04:00,-05:00
2024-11-03T20:23:00Z,NQ,5331.23,5331.75,359,163,5331.49,2394,-04:00,-05:00
2024-11-03T21:19:00Z,NQ,4704.74,4705.53,406,347,4705.14,3030,-04:00,-05:00
2024-11-03T21:46:00Z,YM,4546.93,4547.31,185,365,4547.12,3591,-04:00,-05:00
2024-11-03T14:30:00Z,NQ,5604.43,5604.83,294,298,5604.63,1931,-04:00,-05:00
2024-11-03T21:35:00Z,ES,5250.45,5250.889999999999,99,263,5250.67,7932,-04:00,-05:00
2024-11-03T17:11:00Z,NQ,4955.62,4956.2699999999995,124,374,4955.94,9942,-04:00,-05:00
2024-11-03T16:47:00Z,NQ,4561.48,4562.37,283,223,4561.92,7075,-04:00,-05:00
2024-11-03T18:37:00Z,RTY,5054.93,5055.320000000001,478,315,5055.12,7880,-04:00,-05:00
2024-11-03T16:34:00Z,NQ,4669.95,4670.34,464,236,4670.15,1414,-04:00,-05:00
2024-11-03T17:07:00Z,NQ,5694.17,5694.8,258,96,5694.49,1024,-04:00,-05:00
2024-11-03T14:32:00Z,NQ,5462.57,5463.0,173,20,5462.78,621,-04:00,-05:00
2024-11-03T21:17:00Z,ES,4670.75,4671.09,196,211,4670.92,1337,-04:00,-05:00
2024-11-03T15:27:00Z,YM,5299.88,5300.81,12,36,5300.35,8012,-04:00,-05:00
2024-11-03T17:41:00Z,RTY,5564.54,5565.47,284,103,5565.01,351,-04:00,-05:00
2024-11-03T21:23:00Z,YM,5256.36,5256.71,134,445,5256.53,4517,-04:00,-05:00
2024-11-03T20:57:00Z,ES,5633.48,5634.179999999999,188,122,5633.83,6089,-04:00,-05:00
2024-11-03T15:47:00Z,RTY,5385.71,5386.7,326,392,5386.2,424,-04:00,-05:00
2024-11-03T14:31:00Z,YM,5384.11,5384.78,274,25,5384.44,2690,-04:00,-05:00
2024-11-03T16:50:00Z,YM,5570.41,5570.82,65,173,5570.61,844,-04:00,-05:00
2024-11-03T20:07:00Z,YM,5297.6,5298.52,270,94,5298.06,8776,-04:00,-05:00
2024-11-03T16:16:00Z,ES,4603.68,4604.01,389,55,4603.85,2468,-04:00,-05:00
2024-11-03T16:33:00Z,ES,5600.46,5601.15,294,426,5600.81,7992,-04:00,-05:00
2024-11-03T21:18:00Z,RTY,5203.1,5203.5,261,362,5203.3,5668,-04:00,-05:00
2024-11-03T19:24:00Z,RTY,5714.43,5715.09,190,281,5714.76,7724,-04:00,-05:00
2024-11-03T21:18:00Z,ES,5562.42,5563.04,331,340,5562.73,5843,-04:00,-05:00
2024-11-03T15:15:00Z,NQ,4895.83,4896.22,461,136,4896.02,3680,-04:00,-05:00
2024-11-03T20:58:00Z,RTY,5078.27,5078.81,202,67,5078.54,9385,-04:00,-05:00
2024-11-03T17:41:00Z,YM,5651.02,5651.320000000001,84,120,5651.17,5579,-04:00,-05:00
2024-11-03T21:18:00Z,ES,4583.34,4583.9400000000005,54,402,4583.64,1559,-04:00,-05:00
2024-11-03T20:18:00Z,YM,5763.33,5763.9,250,208,5763.61,939,-04:00,-05:00
2024-11-03T18:46:00Z,ES,5786.66,5787.55,208,362,5787.1,5128,-04:00,-05:00
2024-11-03T19:18:00Z,RTY,5048.72,5049.2,475,305,5048.96,354,-04:00,-05:00
2024-11-03T15:20:00Z,NQ,5770.51,5771.030000000001,152,57,5770.77,5948,-04:00,-05:00
2024-11-03T20:13:00Z,YM,5227.43,5228.39,370,326,5227.91,8879,-04:00,-05:00
2024-11-03T20:53:00Z,YM,4733.62,4734.57,150,314,4734.09,4402,-04:00,-05:00
2024-11-03T18:19:00Z,NQ,4576.89,4577.320000000001,237,51,4577.11,5517,-04:00,-05:00
2024-11-03T14:32:00Z,YM,5336.64,5337.1900000000005,71,341,5336.92,2071,-04:00,-05:00
2024-11-03T17:41:00Z,YM,5488.16,5488.48,100,20,5488.32,1093,-04:00,-05:00
2024-11-03T17:25:00Z,RTY,4845.71,4846.45,112,137,4846.08,5836,-04:00,-05:00
2024-11-03T16:45:00Z,YM,4708.37,4709.28,46,434,4708.82,5122,-04:00,-05:00
2024-11-03T16:19:00Z,NQ,5204.26,5205.150000000001,20,170,5204.7,6127,-04:00,-05:00
2024-11-03T17:57:00Z,ES,5030.27,5031.080000000001,139,226,5030.68,5823,-04:00,-05:00
2024-11-03T20:22:00Z,RTY,4893.67,4894.04,337,199,4893.85,371,-04:00,-05:00
2024-11-03T16:00:00Z,YM,4667.16,4667.86,223,163,4667.51,8846,-04:00,-05:00
2024-11-03T15:03:00Z,NQ,4860.15,4860.929999999999,216,244,4860.54,3930,-04:00,-05:00
2024-11-03T19:21:00Z,ES,5140.97,5141.46,76,186,5141.22,1928,-04:00,-05:00
2024-11-03T20:40:00Z,NQ,5704.74,5705.3099999999995,367,171,5705.02,7718,-04:00,-05:00
2024-11-03T18:58:00Z,NQ,4632.23,4632.95,16,168,4632.59,9816,-04:00,-05:00
2024-11-03T17:19:00Z,ES,4753.48,4753.73,276,458,4753.6,9418,-04:00,-05:00
2024-11-03T21:05:00Z,NQ,4579.02,4579.81,170,428,4579.42,5950,-04:00,-05:00
2024-11-03T19:30:00Z,RTY,4640.63,4641.28,244,162,4640.95,9513,-04:00,-05:00
2024-11-03T21:14:00Z,ES,4546.35,4546.63,270,240,4546.49,1844,-04:00,-05:00
2024-11-03T15:43:00Z,YM,4746.07,4746.599999999999,378,40,4746.33,7443,-04:00,-05:00
2024-11-03T17:49:00Z,RTY,4737.0,4737.87,431,282,4737.43,5173,-04:00,-05:00
2024-11-03T15:55:00Z,RTY,5391.19,5391.53,494,148,5391.36,1005,-04:00,-05:00
2024-11-03T18:11:00Z,ES,4515.75,4516.33,233,72,4516.04,2082,-04:00,-05:00
2024-11-03T18:35:00Z,NQ,4848.39,4848.85,42,449,4848.62,6177,-04:00,-05:00
2024-11-03T19:02:00Z,RTY,4518.78,4519.3,186,116,4519.04,5498,-04:00,-05:00
2024-11-03T16:52:00Z,YM,5165.43,5165.83,455,455,5165.63,9524,-04:00,-05:00
2024-11-03T21:02:00Z,RTY,4722.52,4722.820000000001,393,466,4722.67,7722,-04:00,-05:00
2024-11-03T18:43:00Z,YM,5624.22,5624.740000000001,290,241,5624.48,130,-04:00,-05:00
2024-11-03T14:16:00Z,NQ,5293.39,5294.18,189,264,5293.78,5296,-04:00,-05:00
2024-11-03T18:36:00Z,YM,5316.78,5317.679999999999,335,192,5317.23,778,-04:00,-05:00
2024-11-03T17:47:00Z,RTY,5455.29,5455.74,193,248,5455.51,7891,-04:00,-05:00
2024-11-03T14:05:00Z,NQ,5101.42,5102.06,354,385,5101.74,6709,-04:00,-05:00
2024-11-03T20:23:00Z,ES,5451.45,5451.71,216,194,5451.58,3797,-04:00,-05:00
2024-11-03T14:04:00Z,NQ,5761.94,5762.3099999999995,408,144,5762.12,2703,-04:00,-05:00
2024-11-03T15:40:00Z,RTY,5610.22,5610.81,305,414,5610.52,8930,-04:00,-05:00
2024-11-03T17:06:00Z,ES,5568.32,5568.92,256,405,5568.62,7685,-04:00,-05:00
2024-11-03T20:47:00Z,ES,4658.36,4658.98,39,117,4658.67,1633,-04:00,-05:00
2024-11-03T18:37:00Z,RTY,5718.33,5719.2699999999995,306,461,5718.8,3595,-04:00,-05:00
2024-11-03T14:49:00Z,ES,5097.3,5097.71,190,378,5097.51,4043,-04:00,-05:00
2024-11-03T18:55:00Z,ES,5355.25,5355.65,499,186,5355.45,4843,-04:00,-05:00
2024-11-03T19:26:00Z,ES,4561.45,4561.7,327,374,4561.57,7337,-04:00,-05:00
2024-11-03T15:46:00Z,YM,5553.63,5554.5,232,13,5554.07,9730,-04:00,-05:00
2024-11-03T18:41:00Z,YM,5512.03,5512.33,163,47,5512.18,4310,-04:00,-05:00
2024-11-03T16:13:00Z,ES,5007.96,5008.41,138,414,5008.18,6324,-04:00,-05:00
2024-11-03T17:49:00Z,ES,5574.92,5575.49,187,309,5575.2,4256,-04:00,-05:00
2024-11-03T17:58:00Z,NQ,5334.56,5334.84,448,139,5334.7,8054,-04:00,-05:00
2024-11-03T14:37:00Z,YM,5009.32,5009.61,498,48,5009.47,5536,-04:00,-05:00
2024-11-03T16:10:00Z,ES,5720.68,5721.12,365,291,5720.9,2371,-04:00,-05:00
2024-11-03T20:38:00Z,NQ,5432.06,5432.43,281,214,5432.25,4062,-04:00,-05:00
2024-11-03T19:32:00Z,NQ,5353.71,5354.29,406,339,5354.0,6406,-04:00,-05:00
2024-11-03T15:15:00Z,ES,4524.47,4524.79,418,482,4524.63,1570,-04:00,-05:00
2024-11-03T16:56:00Z,RTY,5696.92,5697.35,10,290,5697.14,3803,-04:00,-05:00
2024-11-03T17:45:00Z,ES,5789.68,5790.05,132,38,5789.86,5834,-04:00,-05:00
2024-11-03T16:37:00Z,NQ,5207.1,5207.820000000001,476,158,5207.46,3591,-04:00,-05:00
2024-11-03T14:34:00Z,ES,5738.03,5738.83,230,293,5738.43,2044,-04:00,-05:00
2024-11-03T15:43:00Z,ES,4697.11,4697.91,54,248,4697.51,4252,-04:00,-05:00
2024-11-03T14:19:00Z,NQ,5377.67,5377.95,241,450,5377.81,8578,-04:00,-05:00
2024-11-03T20:04:00Z,YM,4692.38,4692.67,398,330,4692.52,6065,-04:00,-05:00
2024-11-03T18:43:00Z,NQ,5576.43,5577.110000000001,296,417,5576.77,7753,-04:00,-05:00
2024-11-03T21:42:00Z,ES,4517.63,4518.35,136,259,4517.99,9665,-04:00,-05:00
2024-11-03T16:53:00Z,ES,5707.85,5708.360000000001,214,242,5708.11,7456,-04:00,-05:00
2024-11-03T14:19:00Z,YM,5327.18,5327.72,155,128,5327.45,7408,-04:00,-05:00
2024-11-03T18:58:00Z,NQ,4589.38,4589.86,162,494,4589.62,7733,-04:00,-05:00
2024-11-03T15:46:00Z,NQ,5751.35,5752.14,209,319,5751.75,4126,-04:00,-05:00
2024-11-03T18:35:00Z,YM,5513.81,5514.110000000001,401,182,5513.96,3960,-04:00,-05:00
2024-11-03T21:18:00Z,RTY,4999.9,5000.219999999999,495,427,5000.06,5178,-04:00,-05:00
2024-11-03T18:42:00Z,RTY,5046.04,5046.85,399,366,5046.44,5591,-04:00,-05:00
2024-11-03T21:45:00Z,RTY,5790.04,5790.47,15,424,5790.26,9175,-04:00,-05:00
2024-11-03T15:54:00Z,RTY,4904.27,4904.6900000000005,387,81,4904.48,2827,-04:00,-05:00
2024-11-03T16:15:00Z,RTY,5039.18,5040.02,340,450,5039.6,510,-04:00,-05:00
2024-11-03T17:12:00Z,RTY,4712.28,4713.23,152,34,4712.75,410,-04:00,-05:00
2024-11-03T15:22:00Z,ES,4922.22,4923.18,400,10,4922.7,2878,-04:00,-05:00
2024-11-03T15:04:00Z,RTY,4656.4,4657.12,404,44,4656.76,6653,-04:00,-05:00
2024-11-03T20:29:00Z,YM,5187.12,5187.94,194,327,5187.53,7028,-04:00,-05:00
2024-11-03T14:45:00Z,RTY,5486.71,5487.29,176,358,5487.0,4702,-04:00,-05:00
2024-11-03T19:14:00Z,RTY,4718.12,4718.76,492,44,4718.44,965,-04:00,-05:00
2024-11-03T19:41:00Z,NQ,5702.22,5703.150000000001,423,65,5702.69,1712,-04:00,-05:00
2024-11-03T17:08:00Z,ES,5383.08,5383.7,327,467,5383.39,2861,-04:00,-05:00
2024-11-03T18:41:00Z,ES,4703.39,4704.14,136,55,4703.77,5557,-04:00,-05:00
2024-11-03T16:40:00Z,YM,5719.78,5720.41,49,208,5720.09,7967,-04:00,-05:00
2024-11-03T14:41:00Z,RTY,5759.04,5759.62,472,332,5759.33,233,-04:00,-05:00
2024-11-03T19:21:00Z,NQ,4507.56,4508.120000000001,115,199,4507.84,6535,-04:00,-05:00
2024-11-03T21:56:00Z,NQ,5561.92,5562.52,387,61,5562.22,8752,-04:00,-05:00
2024-11-03T18:49:00Z,YM,4516.98,4517.54,466,378,4517.26,8892,-04:00,-05:00
2024-11-03T16:08:00Z,YM,5337.06,5337.860000000001,121,436,5337.46,8169,-04:00,-05:00
2024-11-03T19:54:00Z,RTY,5600.14,5600.740000000001,451,455,5600.44,5058,-04:00,-05:00
2024-11-03T17:28:00Z,NQ,5771.35,5771.76,169,332,5771.56,4843,-04:00,-05:00
2024-11-03T15:48:00Z,ES,5382.88,5383.53,74,480,5383.2,4638,-04:00,-05:00
2024-11-03T19:14:00Z,NQ,4636.86,4637.65,251,499,4637.25,8318,-04:00,-05:00
2024-11-03T16:55:00Z,NQ,4859.61,4860.33,229,338,4859.97,3449,-04:00,-05:00
2024-11-03T16:12:00Z,NQ,5255.61,5256.54,399,389,5256.07,8256,-04:00,-05:00
2024-11-03T21:29:00Z,YM,5697.52,5697.950000000001,179,490,5697.74,5896,-04:00,-05:00
2024-11-03T18:00:00Z,YM,5176.91,5177.23,139,76,5177.07,7580,-04:00,-05:00
2024-11-03T17:48:00Z,RTY,5352.61,5353.15,103,331,5352.88,523,-04:00,-05:00
2024-11-03T15:52:00Z,YM,4908.55,4909.42,139,160,4908.99,900,-04:00,-05:00
2024-11-03T15:19:00Z,ES,5685.17,5686.01,333,113,5685.59,3184,-04:00,-05:00
2024-11-03T14:29:00Z,RTY,4659.61,4660.19,68,185,4659.9,4281,-04:00,-05:00
2024-11-03T19:42:00Z,RTY,5007.87,5008.14,214,332,5008.01,268,-04:00,-05:00
2024-11-03T18:46:00Z,YM,5199.53,5200.3099999999995,272,309,5199.92,5979,-04:00,-05:00
2024-11-03T14:23:00Z,YM,5202.17,5202.58,302,371,5202.38,6758,-04:00,-05:00
2024-11-03T19:56:00Z,NQ,5001.07,5001.44,226,363,5001.25,432,-04:00,-05:00
2024-11-03T19:07:00Z,ES,5035.82,5036.61,191,223,5036.22,6831,-04:00,-05:00
2024-11-03T14:21:00Z,RTY,4941.02,4941.580000000001,315,135,4941.3,519,-04:00,-05:00
2024-11-03T21:27:00Z,ES,4687.95,4688.86,57,381,4688.4,1514,-04:00,-05:00
2024-11-03T20:27:00Z,RTY,5137.67,5138.0,187,387,5137.84,1925,-04:00,-05:00
2024-11-03T19:52:00Z,YM,5707.17,5708.1,486,488,5707.64,6567,-04:00,-05:00
2024-11-03T21:05:00Z,ES,5567.78,5568.73,445,121,5568.25,9495,-04:00,-05:00
2024-11-03T20:04:00Z,NQ,5722.33,5722.8099999999995,179,182,5722.57,9517,-04:00,-05:00
2024-11-03T14:35:00Z,ES,5589.76,5590.59,236,183,5590.18,276,-04:00,-05:00
2024-11-03T18:11:00Z,RTY,4533.51,4534.4400000000005,37,321,4533.98,5478,-04:00,-05:00
2024-11-03T19:55:00Z,YM,5522.45,5523.07,320,338,5522.76,220,-04:00,-05:00
2024-11-03T17:30:00Z,YM,4701.41,4701.93,368,221,4701.67,5104,-04:00,-05:00
2024-11-03T20:44:00Z,NQ,4890.1,4890.96,121,214,4890.53,7558,-04:00,-05:00
2024-11-03T16:50:00Z,YM,4923.22,4923.52,382,332,4923.37,5376,-04:00,-05:00
2024-11-03T14:51:00Z,YM,5360.65,5361.33,344,477,5360.99,809,-04:00,-05:00
2024-11-03T20:43:00Z,ES,4602.17,4603.14,12,454,4602.66,3719,-04:00,-05:00
2024-11-03T20:52:00Z,NQ,5371.56,5372.0,263,257,5371.78,5564,-04:00,-05:00
2024-11-03T16:22:00Z,ES,4792.72,4792.9800000000005,416,204,4792.85,4177,-04:00,-05:00
2024-11-03T20:16:00Z,YM,5624.73,5625.41,83,243,5625.07,7178,-04:00,-05:00
2024-11-03T16:58:00Z,YM,5018.06,5018.6,40,14,5018.33,2787,-04:00,-05:00
2024-11-03T17:16:00Z,YM,5648.09,5648.91,201,35,5648.5,6111,-04:00,-05:00
2024-11-03T20:33:00Z,ES,5148.59,5148.89,428,146,5148.74,6792,-04:00,-05:00
2024-11-03T19:25:00Z,YM,5214.44,5214.969999999999,239,59,5214.7,676,-04:00,-05:00
2024-11-03T21:30:00Z,ES,5046.32,5046.69,221,468,5046.5,4968,-04:00,-05:00
2024-11-03T19:55:00Z,YM,5138.71,5139.66,174,99,5139.18,4299,-04:00,-05:00
2024-11-03T16:56:00Z,NQ,5226.0,5226.41,439,123,5226.2,889,-04:00,-05:00
2024-11-03T17:55:00Z,ES,4750.34,4750.72,266,22,4750.53,1815,-04:00,-05:00
2024-11-03T15:33:00Z,RTY,5124.15,5124.54,281,227,5124.34,1231,-04:00,-05:00
2024-11-03T19:36:00Z,ES,5534.87,5535.5,440,263,5535.18,3885,-04:00,-05:00
2024-11-03T20:49:00Z,RTY,5531.49,5532.25,401,283,5531.87,5771,-04:00,-05:00
2024-11-03T14:35:00Z,ES,4962.08,4962.63,91,285,4962.35,6012,-04:00,-05:00
2024-11-03T14:07:00Z,YM,5273.54,5273.83,367,436,5273.68,1966,-04:00,-05:00
2024-11-03T15:34:00Z,ES,4724.95,4725.849999999999,203,499,4725.4,2875,-04:00,-05:00
2024-11-03T21:03:00Z,YM,5227.82,5228.2,109,483,5228.01,9342,-04:00,-05:00
2024-11-03T15:27:00Z,ES,5177.7,5178.2,383,394,5177.95,8982,-04:00,-05:00
2024-11-03T21:42:00Z,RTY,5352.35,5353.200000000001,264,187,5352.78,4208,-04:00,-05:00
2024-11-03T18:32:00Z,YM,5434.91,5435.5,117,89,5435.2,2349,-04:00,-05:00
2024-11-03T19:24:00Z,NQ,4575.42,4575.78,495,432,4575.6,4340,-04:00,-05:00
2024-11-03T16:30:00Z,NQ,5533.09,5534.09,497,106,5533.59,8981,-04:00,-05:00
2024-11-03T14:39:00Z,NQ,5077.71,5078.35,173,237,5078.03,4733,-04:00,-05:00
2024-11-03T18:03:00Z,ES,4918.79,4919.65,86,482,4919.22,9045,-04:00,-05:00
2024-11-03T16:37:00Z,RTY,4882.85,4883.63,228,51,4883.24,6210,-04:00,-05:00
2024-11-03T18:23:00Z,ES,5559.67,5560.42,362,51,5560.05,9450,-04:00,-05:00
2024-11-03T15:00:00Z,NQ,5196.58,5197.09,243,246,5196.84,7694,-04:00,-05:00
2024-11-03T14:23:00Z,RTY,5191.87,5192.74,268,351,5192.31,1221,-04:00,-05:00
2024-11-03T17:18:00Z,YM,4571.79,4572.37,40,145,4572.08,3965,-04:00,-05:00
2024-11-03T20:53:00Z,ES,5026.74,5027.5599999999995,490,290,5027.15,5230,-04:00,-05:00
2024-11-03T18:28:00Z,YM,5177.46,5178.11,289,212,5177.78,4626,-04:00,-05:00
2024-11-03T17:28:00Z,NQ,5232.38,5233.01,193,208,5232.69,7258,-04:00,-05:00
2024-11-03T18:59:00Z,YM,5290.31,5291.06,170,457,5290.69,5570,-04:00,-05:00
2024-11-03T14:16:00Z,RTY,5672.01,5672.3,400,411,5672.16,3201,-04:00,-05:00
2024-11-03T21:19:00Z,YM,5098.77,5099.43,308,384,5099.1,9071,-04:00,-05:00
2024-11-03T19:44:00Z,YM,5102.64,5102.92,148,365,5102.78,5478,-04:00,-05:00
2024-11-03T21:50:00Z,NQ,5539.31,5539.580000000001,215,164,5539.45,6176,-04:00,-05:00
2024-11-03T19:36:00Z,RTY,4817.8,4818.49,379,358,4818.15,8697,-04:00,-05:00
2024-11-03T19:20:00Z,RTY,4710.18,4710.51,125,338,4710.35,7793,-04:00,-05:00
2024-11-03T17:00:00Z,NQ,4626.61,4626.96,218,106,4626.78,9730,-04:00,-05:00
2024-11-03T16:14:00Z,RTY,4666.59,4667.25,155,225,4666.92,9354,-04:00,-05:00
2024-11-03T20:56:00Z,YM,5057.45,5057.91,452,235,5057.68,9893,-04:00,-05:00
2024-11-03T18:36:00Z,NQ,5622.26,5622.93,350,452,5622.6,1998,-04:00,-05:00
2024-11-03T14:58:00Z,RTY,4579.28,4579.88,189,237,4579.58,1626,-04:00,-05:00
2024-11-03T15:24:00Z,RTY,5329.78,5330.58,339,333,5330.18,710,-04:00,-05:00
2024-11-03T17:32:00Z,ES,5279.02,5279.290000000001,238,450,5279.16,5718,-04:00,-05:00
2024-11-03T21:36:00Z,NQ,5667.01,5667.33,313,145,5667.17,5699,-04:00,-05:00
2024-11-03T17:34:00Z,NQ,4742.05,4742.49,313,60,4742.27,6052,-04:00,-05:00
2024-11-03T19:53:00Z,RTY,5407.66,5408.55,426,276,5408.1,1288,-04:00,-05:00
2024-11-03T15:24:00Z,YM,5136.07,5136.4,264,350,5136.23,3125,-04:00,-05:00
2024-11-03T20:03:00Z,ES,4812.76,4813.17,349,391,4812.97,9603,-04:00,-05:00
2024-11-03T20:47:00Z,ES,4834.95,4835.59,411,272,4835.27,6507,-04:00,-05:00
2024-11-03T16:12:00Z,ES,5702.36,5703.13,345,247,5702.74,5461,-04:00,-05:00
2024-11-03T15:00:00Z,NQ,5331.1,5331.660000000001,86,17,5331.38,5415,-04:00,-05:00
2024-11-03T15:42:00Z,RTY,4765.85,4766.34,363,32,4766.1,3876,-04:00,-05:00
2024-11-03T16:48:00Z,YM,4928.43,4929.37,83,402,4928.9,5031,-04:00,-05:00
2024-11-03T18:50:00Z,ES,5323.77,5324.660000000001,67,376,5324.22,5621,-04:00,-05:00
2024-11-03T15:59:00Z,ES,5561.87,5562.67,60,334,5562.27,1616,-04:00,-05:00
2024-11-03T17:12:00Z,RTY,5103.17,5104.16,435,61,5103.66,6280,-04:00,-05:00
2024-11-03T18:01:00Z,RTY,5249.24,5249.83,190,88,5249.53,853,-04:00,-05:00
2024-11-03T21:08:00Z,RTY,4739.54,4740.42,312,357,4739.98,8746,-04:00,-05:00
2024-11-03T17:47:00Z,YM,4601.2,4601.58,49,137,4601.39,1293,-04:00,-05:00
2024-11-03T14:59:00Z,RTY,4632.41,4632.7,364,233,4632.56,2580,-04:00,-05:00
2024-11-03T21:53:00Z,ES,5481.08,5481.83,295,87,5481.45,6350,-04:00,-05:00
2024-11-03T14:26:00Z,NQ,5756.54,5756.92,103,141,5756.73,3703,-04:00,-05:00
2024-11-03T20:41:00Z,NQ,5274.67,5275.34,86,65,5275.01,4012,-04:00,-05:00
2024-11-03T21:05:00Z,ES,4766.13,4766.88,494,10,4766.51,8786,-04:00,-05:00
2024-11-03T14:44:00Z,NQ,5160.69,5161.65,430,169,5161.17,4669,-04:00,-05:00
2024-11-03T20:46:00Z,RTY,5729.62,5730.33,427,98,5729.98,5466,-04:00,-05:00
2024-11-03T14:47:00Z,ES,5398.17,5399.11,161,177,5398.64,140,-04:00,-05:00
2024-11-03T14:23:00Z,YM,4671.49,4672.16,437,166,4671.82,9584,-04:00,-05:00
2024-11-03T14:05:00Z,RTY,4682.62,4683.099999999999,481,305,4682.86,1202,-04:00,-05:00
2024-11-03T18:19:00Z,YM,5476.64,5477.13,262,68,5476.89,1344,-04:00,-05:00
2024-11-03T19:09:00Z,YM,4878.96,4879.41,260,336,4879.18,2584,-04:00,-05:00
2024-11-03T20:01:00Z,NQ,4933.65,4934.23,135,407,4933.94,7635,-04:00,-05:00
2024-11-03T15:08:00Z,RTY,4630.3,4631.0,144,17,4630.65,1387,-04:00,-05:00
2024-11-03T17:30:00Z,ES,5074.62,5074.87,119,442,5074.74,1927,-04:00,-05:00
2024-11-03T21:07:00Z,YM,5558.47,5558.900000000001,484,100,5558.69,4725,-04:00,-05:00
2024-11-03T19:15:00Z,NQ,5713.29,5714.2699999999995,464,13,5713.78,1360,-04:00,-05:00
2024-11-03T16:46:00Z,YM,5223.55,5224.46,362,27,5224.01,6286,-04:00,-05:00
2024-11-03T17:18:00Z,NQ,4995.59,4996.42,322,448,4996.01,9509,-04:00,-05:00
2024-11-03T18:17:00Z,ES,5643.59,5644.2300000000005,25,154,5643.91,9211,-04:00,-05:00
2024-11-03T15:55:00Z,RTY,5624.55,5625.13,209,262,5624.84,9763,-04:00,-05:00
2024-11-03T14:21:00Z,YM,5373.87,5374.57,339,167,5374.22,3440,-04:00,-05:00
2024-11-03T14:45:00Z,NQ,4815.16,4815.72,111,21,4815.44,787,-04:00,-05:00
2024-11-03T21:40:00Z,NQ,5550.83,5551.79,436,88,5551.31,1525,-04:00,-05:00
2024-11-03T21:53:00Z,YM,4927.47,4927.900000000001,158,373,4927.69,634,-04:00,-05:00
2024-11-03T18:55:00Z,RTY,4624.92,4625.36,217,203,4625.14,6453,-04:00,-05:00
2024-11-03T16:25:00Z,NQ,4756.35,4757.26,125,146,4756.81,3337,-04:00,-05:00
2024-11-03T19:32:00Z,RTY,4926.21,4926.57,41,473,4926.39,2144,-04:00,-05:00
2024-11-03T17:06:00Z,NQ,4707.97,4708.780000000001,106,114,4708.38,2177,-04:00,-05:00
2024-11-03T14:51:00Z,YM,4891.98,4892.82,70,149,4892.4,2185,-04:00,-05:00
2024-11-03T18:06:00Z,YM,4864.72,4865.21,30,159,4864.97,8286,-04:00,-05:00
2024-11-03T18:42:00Z,ES,4791.19,4791.94,159,391,4791.56,9995,-04:00,-05:00
2024-11-03T20:07:00Z,RTY,5036.44,5037.389999999999,346,328,5036.91,1753,-04:00,-05:00
2024-11-03T21:04:00Z,ES,4688.38,4688.64,417,72,4688.51,6512,-04:00,-05:00
2024-11-03T21:42:00Z,NQ,5733.5,5734.24,13,256,5733.87,2660,-04:00,-05:00
2024-11-03T19:28:00Z,YM,5035.68,5036.12,138,154,5035.9,3651,-04:00,-05:00
2024-11-03T18:53:00Z,YM,4616.61,4617.19,336,236,4616.9,6386,-04:00,-05:00
2024-11-03T14:22:00Z,YM,5176.4,5177.259999999999,210,351,5176.83,1428,-04:00,-05:00
2024-11-03T20:52:00Z,RTY,4898.47,4898.87,466,165,4898.67,3798,-04:00,-05:00
2024-11-03T18:39:00Z,RTY,5337.05,5337.7,38,498,5337.38,2640,-04:00,-05:00
2024-11-03T17:19:00Z,RTY,5022.29,5023.24,310,81,5022.76,3160,-04:00,-05:00
2024-11-03T19:28:00Z,RTY,4561.16,4561.51,13,99,4561.34,9240,-04:00,-05:00
2024-11-03T14:50:00Z,RTY,5315.87,5316.38,228,290,5316.12,2367,-04:00,-05:00
2024-11-03T15:30:00Z,NQ,5738.05,5738.38,369,246,5738.22,1974,-04:00,-05:00
2024-11-03T14:40:00Z,YM,4673.12,4673.45,109,58,4673.28,6846,-04:00,-05:00
2024-11-03T19:46:00Z,NQ,4759.68,4760.530000000001,185,416,4760.11,4718,-04:00,-05:00
2024-11-03T18:59:00Z,NQ,5525.03,5525.53,29,465,5525.28,6661,-04:00,-05:00
2024-11-03T19:21:00Z,RTY,5257.83,5258.64,155,258,5258.24,8278,-04:00,-05:00
2024-11-03T19:44:00Z,ES,5498.48,5499.339999999999,59,174,5498.91,7165,-04:00,-05:00
2024-11-03T16:25:00Z,YM,4900.38,4900.92,491,325,4900.65,5913,-04:00,-05:00
2024-11-03T20:52:00Z,RTY,5289.09,5289.46,29,163,5289.27,6709,-04:00,-05:00
2024-11-03T21:57:00Z,YM,4968.49,4969.3,138,294,4968.9,6629,-04:00,-05:00
2024-11-03T14:44:00Z,NQ,5414.36,5414.78,391,435,5414.57,4644,-04:00,-05:00
2024-11-03T16:10:00Z,NQ,5723.98,5724.36,415,381,5724.17,8656,-04:00,-05:00
2024-11-03T15:53:00Z,YM,5536.94,5537.4,414,10,5537.17,7206,-04:00,-05:00
2024-11-03T20:42:00Z,RTY,4932.87,4933.16,131,402,4933.01,2241,-04:00,-05:00
2024-11-03T14:39:00Z,NQ,5742.08,5742.78,162,18,5742.43,5399,-04:00,-05:00
2024-11-03T18:19:00Z,ES,5216.08,5216.38,429,154,5216.23,4710,-04:00,-05:00
2024-11-03T16:47:00Z,NQ,4707.54,4708.46,251,486,4708.0,6031,-04:00,-05:00
2024-11-03T14:55:00Z,ES,4769.97,4770.4400000000005,167,487,4770.2,5288,-04:00,-05:00
2024-11-03T17:56:00Z,NQ,5259.87,5260.75,27,133,5260.31,8285,-04:00,-05:00
2024-11-03T21:34:00Z,RTY,5187.51,5187.77,372,88,5187.64,1276,-04:00,-05:00
2024-11-03T15:14:00Z,NQ,5739.68,5740.530000000001,53,262,5740.11,2730,-04:00,-05:00
2024-11-03T18:10:00Z,RTY,4767.1,4767.8,330,245,4767.45,4673,-04:00,-05:00
2024-11-03T18:18:00Z,ES,5071.83,5072.54,332,446,5072.18,5979,-04:00,-05:00
2024-11-03T15:05:00Z,RTY,5268.26,5269.0,176,211,5268.63,8992,-04:00,-05:00
2024-11-03T16:12:00Z,YM,5437.27,5437.93,47,331,5437.6,2675,-04:00,-05:00
2024-11-03T20:48:00Z,ES,5284.41,5285.21,311,440,5284.81,5026,-04:00,-05:00
2024-11-03T16:11:00Z,YM,4887.17,4888.0,160,66,4887.59,5509,-04:00,-05:00
2024-11-03T18:55:00Z,RTY,5026.26,5026.610000000001,343,291,5026.44,6698,-04:00,-05:00
2024-11-03T16:07:00Z,NQ,5143.61,5144.17,256,285,5143.89,1521,-04:00,-05:00
2024-11-03T19:00:00Z,NQ,5265.95,5266.75,144,424,5266.35,662,-04:00,-05:00
2024-11-03T18:25:00Z,YM,5206.63,5207.1900000000005,163,226,5206.91,1028,-04:00,-05:00
2024-11-03T18:31:00Z,YM,5243.17,5244.11,38,378,5243.64,415,-04:00,-05:00
2024-11-03T21:09:00Z,YM,5389.89,5390.38,462,39,5390.14,4215,-04:00,-05:00
2024-11-03T18:48:00Z,RTY,5367.01,5367.39,44,408,5367.2,7142,-04:00,-05:00
2024-11-03T19:47:00Z,ES,5204.81,5205.1,500,190,5204.95,3866,-04:00,-05:00
2024-11-03T16:34:00Z,YM,5637.7,5638.59,139,320,5638.15,7004,-04:00,-05:00
2024-11-03T17:28:00Z,RTY,4549.53,4550.33,101,382,4549.93,6154,-04:00,-05:00
2024-11-03T19:24:00Z,YM,4810.55,4811.34,96,272,4810.94,7112,-04:00,-05:00
2024-11-03T19:49:00Z,ES,5304.75,5305.57,186,475,5305.16,2318,-04:00,-05:00
2024-11-03T15:51:00Z,RTY,5359.14,5359.52,454,420,5359.33,4432,-04:00,-05:00
2024-11-03T14:45:00Z,YM,5664.29,5665.14,299,436,5664.72,1007,-04:00,-05:00
2024-11-03T15:55:00Z,ES,5228.67,5229.12,430,421,5228.9,9578,-04:00,-05:00
2024-11-03T17:55:00Z,NQ,4852.36,4852.969999999999,333,444,4852.66,6609,-04:00,-05:00
2024-11-03T18:30:00Z,RTY,5746.56,5746.9800000000005,403,203,5746.77,9399,-04:00,-05:00
2024-11-03T14:59:00Z,NQ,5527.35,5528.280000000001,439,449,5527.82,3159,-04:00,-05:00
2024-11-03T21:56:00Z,NQ,4948.5,4949.24,487,435,4948.87,3000,-04:00,-05:00
2024-11-03T14:05:00Z,ES,4619.35,4620.14,431,69,4619.75,2617,-04:00,-05:00
2024-11-03T16:50:00Z,NQ,5573.22,5573.860000000001,479,194,5573.54,7876,-04:00,-05:00
2024-11-03T16:31:00Z,ES,5312.52,5313.0,380,400,5312.76,2578,-04:00,-05:00
2024-11-03T20:26:00Z,YM,5324.74,5325.48,173,50,5325.11,5203,-04:00,-05:00
2024-11-03T14:12:00Z,ES,4778.19,4778.75,290,377,4778.47,9758,-04:00,-05:00
2024-11-03T15:35:00Z,NQ,5031.23,5031.889999999999,37,478,5031.56,1416,-04:00,-05:00
2024-11-03T14:25:00Z,ES,5215.64,5216.530000000001,266,169,5216.09,8363,-04:00,-05:00
2024-11-03T21:52:00Z,ES,4730.76,4731.1,136,305,4730.93,9471,-04:00,-05:00
2024-11-03T15:05:00Z,RTY,5396.74,5397.34,266,162,5397.04,4893,-04:00,-05:00
2024-11-03T17:23:00Z,NQ,4511.11,4511.929999999999,286,93,4511.52,9665,-04:00,-05:00
2024-11-03T18:28:00Z,RTY,4900.28,4900.5599999999995,214,295,4900.42,7010,-04:00,-05:00
2024-11-03T19:56:00Z,RTY,5296.63,5297.43,179,123,5297.03,6416,-04:00,-05:00
2024-11-03T18:19:00Z,ES,5349.36,5350.04,327,153,5349.7,8268,-04:00,-05:00
2024-11-03T14:36:00Z,ES,4981.71,4982.55,421,485,4982.13,3318,-04:00,-05:00
2024-11-03T21:57:00Z,YM,5781.43,5782.42,500,212,5781.93,6316,-04:00,-05:00
2024-11-03T18:40:00Z,ES,5155.85,5156.490000000001,223,344,5156.17,8673,-04:00,-05:00
2024-11-03T14:22:00Z,NQ,5384.52,5385.05,25,351,5384.78,8761,-04:00,-05:00
2024-11-03T20:47:00Z,NQ,5360.89,5361.81,51,462,5361.35,1157,-04:00,-05:00
2024-11-03T21:58:00Z,ES,5501.91,5502.45,298,323,5502.18,5128,-04:00,-05:00
2024-11-03T20:50:00Z,NQ,5434.12,5434.73,243,315,5434.42,4941,-04:00,-05:00
2024-11-03T21:51:00Z,NQ,5397.99,5398.45,17,59,5398.22,9861,-04:00,-05:00
2024-11-03T16:56:00Z,YM,4591.57,4592.15,414,133,4591.86,2565,-04:00,-05:00
2024-11-03T14:44:00Z,NQ,4500.28,4500.59,479,153,4500.43,8695,-04:00,-05:00
2024-11-03T20:31:00Z,ES,4861.05,4861.96,86,469,4861.51,8992,-04:00,-05:00
2024-11-03T20:51:00Z,ES,4727.69,4728.04,370,26,4727.86,2936,-04:00,-05:00
2024-11-03T15:49:00Z,ES,5340.53,5341.12,333,309,5340.82,7666,-04:00,-05:00
2024-11-03T16:34:00Z,RTY,5682.62,5683.5,342,49,5683.06,9377,-04:00,-05:00
2024-11-03T21:44:00Z,ES,5136.69,5137.33,377,281,5137.01,4303,-04:00,-05:00
2024-11-03T20:04:00Z,ES,5539.65,5540.19,352,353,5539.92,8707,-04:00,-05:00
2024-11-03T15:03:00Z,ES,5365.16,5365.44,181,209,5365.3,5305,-04:00,-05:00
2024-11-03T19:10:00Z,YM,5418.23,5418.849999999999,209,426,5418.54,9811,-04:00,-05:00
2024-11-03T19:23:00Z,RTY,5475.47,5476.08,173,364,5475.77,2453,-04:00,-05:00
2024-11-03T17:47:00Z,ES,5242.79,5243.76,301,306,5243.27,7495,-04:00,-05:00
2024-11-03T15:53:00Z,YM,5135.1,5135.4400000000005,383,465,5135.27,2047,-04:00,-05:00
2024-11-03T15:47:00Z,YM,5285.08,5285.58,61,335,5285.33,3270,-04:00,-05:00
2024-11-03T19:57:00Z,RTY,5730.44,5731.259999999999,206,274,5730.85,7843,-04:00,-05:00
2024-11-03T14:24:00Z,YM,4890.76,4891.110000000001,485,42,4890.94,9612,-04:00,-05:00
2024-11-03T20:35:00Z,RTY,4503.95,4504.73,302,236,4504.34,8563,-04:00,-05:00
2024-11-03T14:22:00Z,YM,5788.52,5789.4400000000005,203,232,5788.98,8439,-04:00,-05:00
2024-11-03T21:08:00Z,ES,4837.82,4838.799999999999,378,128,4838.31,4261,-04:00,-05:00
2024-11-03T14:06:00Z,NQ,5730.75,5731.42,292,78,5731.09,9298,-04:00,-05:00
2024-11-03T21:48:00Z,RTY,5550.6,5551.4400000000005,39,160,5551.02,4322,-04:00,-05:00
2024-11-03T21:35:00Z,RTY,5640.47,5640.87,380,454,5640.67,2852,-04:00,-05:00
2024-11-03T15:09:00Z,ES,4853.38,4854.13,172,209,4853.76,4562,-04:00,-05:00
2024-11-03T20:45:00Z,ES,5762.3,5762.66,322,394,5762.48,5332,-04:00,-05:00
2024-11-03T14:01:00Z,YM,5240.1,5240.7300000000005,493,411,5240.42,8164,-04:00,-05:00
2024-11-03T17:18:00Z,ES,4514.65,4515.099999999999,216,45,4514.88,6472,-04:00,-05:00
2024-11-03T18:56:00Z,ES,4895.91,4896.26,485,432,4896.09,7075,-04:00,-05:00
2024-11-03T17:43:00Z,YM,5051.67,5052.51,480,307,5052.09,959,-04:00,-05:00
2024-11-03T14:30:00Z,NQ,4998.55,4999.52,105,147,4999.03,2709,-04:00,-05:00
2024-11-03T15:06:00Z,NQ,5721.4,5722.4,403,390,5721.9,5945,-04:00,-05:00
2024-11-03T20:51:00Z,ES,5065.61,5066.54,368,392,5066.07,8581,-04:00,-05:00
2024-11-03T15:44:00Z,YM,5554.63,5555.04,217,27,5554.84,5662,-04:00,-05:00
2024-11-03T20:22:00Z,NQ,4647.26,4648.030000000001,354,345,4647.65,5878,-04:00,-05:00
2024-11-03T17:34:00Z,NQ,5142.02,5142.64,147,224,5142.33,5474,-04:00,-05:00
2024-11-03T15:16:00Z,ES,4948.26,4948.99,450,494,4948.62,6546,-04:00,-05:00
2024-11-03T16:47:00Z,ES,4855.62,4855.87,436,52,4855.74,6917,-04:00,-05:00
2024-11-03T20:28:00Z,YM,5143.71,5144.21,220,493,5143.96,4166,-04:00,-05:00
2024-11-03T19:43:00Z,ES,4634.15,4634.589999999999,73,494,4634.37,6339,-04:00,-05:00
2024-11-03T14:02:00Z,ES,5480.1,5481.01,181,197,5480.56,5226,-04:00,-05:00
2024-11-03T20:10:00Z,NQ,5585.79,5586.15,102,15,5585.97,4277,-04:00,-05:00
2024-11-03T15:29:00Z,YM,4685.57,4686.28,488,359,4685.92,9259,-04:00,-05:00
2024-11-03T17:13:00Z,RTY,5265.46,5266.12,10,150,5265.79,8374,-04:00,-05:00
2024-11-03T16:41:00Z,NQ,5299.92,5300.47,394,230,5300.19,8449,-04:00,-05:00
2024-11-03T20:04:00Z,RTY,4925.03,4926.0199999999995,169,246,4925.52,2193,-04:00,-05:00
2024-11-03T19:36:00Z,RTY,4909.33,4910.04,169,382,4909.68,5423,-04:00,-05:00
2024-11-03T21:33:00Z,NQ,4708.14,4708.8,125,320,4708.47,1580,-04:00,-05:00
2024-11-03T21:17:00Z,RTY,4911.39,4911.820000000001,147,172,4911.61,7898,-04:00,-05:00
2024-11-03T14:41:00Z,RTY,4846.86,4847.679999999999,284,414,4847.27,3962,-04:00,-05:00
2024-11-03T17:54:00Z,YM,4657.03,4657.54,25,190,4657.28,9596,-04:00,-05:00
2024-11-03T21:57:00Z,RTY,5140.35,5141.25,252,187,5140.8,8647,-04:00,-05:00
2024-11-03T20:21:00Z,YM,4998.52,4999.330000000001,481,396,4998.93,2908,-04:00,-05:00
2024-11-03T15:46:00Z,NQ,5668.93,5669.280000000001,121,285,5669.11,1847,-04:00,-05:00
2024-11-03T15:22:00Z,ES,5476.24,5477.0,365,193,5476.62,9734,-04:00,-05:00
2024-11-03T18:51:00Z,ES,4563.43,4564.1,268,312,4563.77,1631,-04:00,-05:00
2024-11-03T18:09:00Z,RTY,5398.51,5399.38,202,273,5398.94,4406,-04:00,-05:00
2024-11-03T16:07:00Z,RTY,5600.85,5601.25,157,319,5601.05,6403,-04:00,-05:00
2024-11-03T19:34:00Z,ES,5381.3,5381.85,391,107,5381.58,9822,-04:00,-05:00
2024-11-03T21:20:00Z,NQ,5458.21,5459.18,331,56,5458.69,1875,-04:00,-05:00
2024-11-03T14:01:00Z,ES,5292.23,5292.75,499,486,5292.49,2443,-04:00,-05:00
2024-11-03T19:07:00Z,NQ,4942.1,4942.9400000000005,320,393,4942.52,467,-04:00,-05:00
2024-11-03T20:28:00Z,RTY,5078.02,5078.76,221,200,5078.39,659,-04:00,-05:00
2024-11-03T21:53:00Z,ES,5325.58,5326.05,227,439,5325.82,7816,-04:00,-05:00
2024-11-03T17:45:00Z,NQ,5438.41,5439.4,60,147,5438.9,3306,-04:00,-05:00
2024-11-03T21:17:00Z,YM,4740.27,4741.18,238,292,4740.73,5744,-04:00,-05:00
2024-11-03T17:59:00Z,RTY,5491.11,5491.37,122,313,5491.24,566,-04:00,-05:00
2024-11-03T14:33:00Z,NQ,5429.37,5430.25,483,222,5429.81,7547,-04:00,-05:00
2024-11-03T21:17:00Z,YM,4842.7,4843.61,85,40,4843.15,5947,-04:00,-05:00
2024-11-03T17:33:00Z,RTY,5761.71,5761.99,15,408,5761.85,8075,-04:00,-05:00
2024-11-03T17:30:00Z,NQ,5652.57,5652.86,311,282,5652.72,5912,-04:00,-05:00
2024-11-03T20:08:00Z,ES,5574.07,5574.83,455,24,5574.45,4045,-04:00,-05:00
2024-11-03T17:56:00Z,NQ,5247.09,5247.4800000000005,348,301,5247.28,6003,-04:00,-05:00
2024-11-03T21:33:00Z,NQ,5129.17,5129.68,151,376,5129.43,8666,-04:00,-05:00
2024-11-03T17:14:00Z,YM,5589.95,5590.26,363,246,5590.1,9955,-04:00,-05:00
2024-11-03T19:05:00Z,ES,5237.64,5238.410000000001,237,163,5238.03,2231,-04:00,-05:00
2024-11-03T15:14:00Z,RTY,4617.75,4618.44,87,137,4618.09,6635,-04:00,-05:00
2024-11-03T16:06:00Z,YM,5753.96,5754.4,131,168,5754.18,1400,-04:00,-05:00
2024-11-03T15:51:00Z,RTY,5251.78,5252.04,420,28,5251.91,2798,-04:00,-05:00
2024-11-03T16:22:00Z,YM,4549.11,4550.0,24,368,4549.56,981,-04:00,-05:00
2024-11-03T20:31:00Z,RTY,5149.7,5150.24,222,185,5149.97,1816,-04:00,-05:00
2024-11-03T14:03:00Z,NQ,4547.64,4548.240000000001,349,181,4547.94,5203,-04:00,-05:00
2024-11-03T21:40:00Z,RTY,5212.36,5213.15,277,267,5212.75,8290,-04:00,-05:00
2024-11-03T15:43:00Z,YM,5795.25,5795.57,325,174,5795.41,3773,-04:00,-05:00
2024-11-03T14:01:00Z,NQ,5389.15,5389.96,415,162,5389.56,4700,-04:00,-05:00
2024-11-03T15:54:00Z,RTY,4664.17,4664.88,132,101,4664.52,1501,-04:00,-05:00
2024-11-03T17:37:00Z,RTY,5210.04,5210.88,438,475,5210.46,5910,-04:00,-05:00
2024-11-03T21:37:00Z,RTY,4565.65,4566.3099999999995,229,174,4565.98,7947,-04:00,-05:00
2024-11-03T21:18:00Z,RTY,5268.68,5268.990000000001,434,158,5268.84,1384,-04:00,-05:00
2024-11-03T14:45:00Z,ES,4976.3,4976.96,290,421,4976.63,1645,-04:00,-05:00
2024-11-03T17:30:00Z,NQ,5122.55,5123.2300000000005,349,15,5122.89,3453,-04:00,-05:00
2024-11-03T16:54:00Z,YM,5212.15,5212.96,130,49,5212.56,9338,-04:00,-05:00
2024-11-03T17:01:00Z,YM,4548.92,4549.68,466,331,4549.3,3715,-04:00,-05:00
2024-11-03T20:15:00Z,RTY,4734.76,4735.08,34,205,4734.92,4000,-04:00,-05:00
2024-11-03T21:53:00Z,NQ,5442.94,5443.46,149,241,5443.2,4188,-04:00,-05:00
2024-11-03T21:08:00Z,ES,5641.96,5642.24,37,328,5642.1,2453,-04:00,-05:00
2024-11-03T17:10:00Z,ES,5781.24,5781.889999999999,133,188,5781.56,5907,-04:00,-05:00
2024-11-03T18:32:00Z,ES,4705.87,4706.34,286,114,4706.1,5623,-04:00,-05:00
2024-11-03T19:24:00Z,YM,5564.92,5565.59,288,32,5565.26,2068,-04:00,-05:00
2024-11-03T18:49:00Z,NQ,5403.41,5403.7699999999995,414,292,5403.59,8106,-04:00,-05:00
2024-11-03T14:26:00Z,YM,5150.71,5151.66,100,465,5151.18,3149,-04:00,-05:00
2024-11-03T21:21:00Z,RTY,5149.97,5150.81,110,130,5150.39,3279,-04:00,-05:00
2024-11-03T19:23:00Z,YM,5679.94,5680.36,286,38,5680.15,3975,-04:00,-05:00
2024-11-03T18:57:00Z,ES,5207.92,5208.82,245,442,5208.37,8041,-04:00,-05:00
2024-11-03T19:55:00Z,NQ,4782.6,4783.21,365,255,4782.91,1597,-04:00,-05:00
2024-11-03T15:45:00Z,RTY,4550.56,4551.0,428,336,4550.78,1756,-04:00,-05:00
2024-11-03T14:30:00Z,YM,5157.35,5157.950000000001,296,401,5157.65,5457,-04:00,-05:00
2024-11-03T20:36:00Z,RTY,4579.36,4579.7699999999995,153,133,4579.56,9074,-04:00,-05:00
2024-11-03T14:29:00Z,YM,4561.96,4562.55,220,64,4562.26,2403,-04:00,-05:00
2024-11-03T14:55:00Z,RTY,4782.29,4783.2,117,82,4782.74,169,-04:00,-05:00
2024-11-03T19:25:00Z,ES,5287.95,5288.73,203,276,5288.34,2827,-04:00,-05:00
2024-11-03T16:14:00Z,NQ,4955.64,4956.33,213,38,4955.99,8036,-04:00,-05:00
2024-11-03T21:00:00Z,RTY,5542.57,5543.25,485,171,5542.91,7743,-04:00,-05:00
2024-11-03T17:31:00Z,ES,5337.43,5337.9800000000005,318,82,5337.7,2534,-04:00,-05:00
2024-11-03T14:19:00Z,NQ,5321.27,5322.21,245,57,5321.74,3033,-04:00,-05:00
2024-11-03T14:15:00Z,RTY,4581.13,4582.05,109,39,4581.59,1359,-04:00,-05:00
