influencer_id,handle,platform,follower_count,post_date,campaign,disclosed_material_connection,disclosure_format,disclosure_position,post_reach,engagement_rate_pct,clicks,conversions,revenue_usd,claim_used,claim_compliant,ftc_issue_flag,penalty_risk_usd
INF-001,@drwellnessnetwork,Instagram,285000,2026-06-27,ProBio+ Q1,NO,none,none,52268,6.77,1762,29,1174.57,Clinically demonstrated to support immune function,NO,YES,51744.0
INF-002,@healthcoach_jay,TikTok,42000,2026-06-27,ProBio+ Q1,NO,#giftedpartnership at hashtag end,end_of_caption,17541,2.38,237,3,123.25,May help support immune health,NO,YES,51744.0
INF-003,@nutritionbyjessica,Instagram,67500,2026-06-26,ProBio+ Q1,YES,Ad: at beginning,beginning_of_caption,22315,5.56,851,29,1220.54,Supports digestive wellness based on probiotic blend,YES,NO,0.0
INF-004,@fitnesswithmark,YouTube,125000,2026-06-25,ProBio+ Q1,YES,Verbal+on-screen first 30s,beginning_of_video,40847,7.22,1187,45,1956.63,B-vitamins support energy metabolism,YES,NO,0.0
INF-005,@momlifewellness,Instagram,38000,2026-06-24,ProBio+ Q1,YES,#ad at beginning,beginning_of_caption,8867,3.24,202,3,125.67,Supports immune health naturally,YES,NO,0.0
INF-006,@doctordave_wellness,Instagram,198000,2026-06-24,ProBio+ Q1,NO,none,none,80041,5.84,3378,121,5163.21,Doctor recommended for immune function,NO,YES,51744.0
INF-007,@probioticlover,TikTok,28000,2026-06-25,ProBio+ Q1,NO,buried in hashtags,end_of_caption,4861,3.76,119,4,167.19,May help support gut health,NO,YES,51744.0
INF-008,@wellnessmama_official,Instagram,412000,2026-06-23,ProBio+ Q1,YES,Ad: at beginning,beginning_of_caption,148885,2.11,1542,33,1332.84,Supports immune and digestive health,YES,NO,0.0
INF-009,@holistichealthguru,YouTube,88000,2026-06-23,ProBio+ Q1,YES,Verbal+on-screen first 30s,beginning_of_video,36075,4.35,912,36,1468.92,Clinically inspired probiotic formula supports wellness,YES,NO,0.0
INF-010,@fitfoodienutritionist,Instagram,55000,2026-06-24,ProBio+ Q1,YES,#ad at beginning,beginning_of_caption,11706,3.59,325,10,430.36,Supports digestive comfort,YES,NO,0.0
INF-001,@drwellnessnetwork,Instagram,285000,2026-06-30,ProBio+ Q1,NO,none,none,88418,3.44,1779,37,1650.83,Clinically demonstrated to support immune function,NO,YES,51744.0
INF-002,@healthcoach_jay,TikTok,42000,2026-07-04,ProBio+ Q1,NO,#giftedpartnership at hashtag end,end_of_caption,13317,6.39,627,23,946.11,May help support immune health,NO,YES,51744.0
INF-003,@nutritionbyjessica,Instagram,67500,2026-06-29,ProBio+ Q1,YES,Ad: at beginning,beginning_of_caption,26427,4.49,506,21,899.34,Supports digestive wellness based on probiotic blend,YES,NO,0.0
INF-004,@fitnesswithmark,YouTube,125000,2026-07-04,ProBio+ Q1,YES,Verbal+on-screen first 30s,beginning_of_video,30550,6.19,1055,44,1860.51,B-vitamins support energy metabolism,YES,NO,0.0
INF-005,@momlifewellness,Instagram,38000,2026-07-01,ProBio+ Q1,YES,#ad at beginning,beginning_of_caption,7291,6.79,304,11,463.45,Supports immune health naturally,YES,NO,0.0
INF-006,@doctordave_wellness,Instagram,198000,2026-07-03,ProBio+ Q1,NO,none,none,53424,3.27,1395,40,1617.78,Doctor recommended for immune function,NO,YES,51744.0
INF-007,@probioticlover,TikTok,28000,2026-06-29,ProBio+ Q1,NO,buried in hashtags,end_of_caption,11433,2.82,149,5,214.86,May help support gut health,NO,YES,51744.0
INF-008,@wellnessmama_official,Instagram,412000,2026-07-02,ProBio+ Q1,YES,Ad: at beginning,beginning_of_caption,108968,8.47,5645,248,10984.89,Supports immune and digestive health,YES,NO,0.0
INF-009,@holistichealthguru,YouTube,88000,2026-06-29,ProBio+ Q1,YES,Verbal+on-screen first 30s,beginning_of_video,31159,2.57,603,22,964.33,Clinically inspired probiotic formula supports wellness,YES,NO,0.0
INF-010,@fitfoodienutritionist,Instagram,55000,2026-07-01,ProBio+ Q1,YES,#ad at beginning,beginning_of_caption,10090,4.71,276,11,488.06,Supports digestive comfort,YES,NO,0.0
INF-001,@drwellnessnetwork,Instagram,285000,2026-07-08,ProBio+ Q1,NO,none,none,125846,6.91,5244,81,3492.44,Clinically demonstrated to support immune function,NO,YES,51744.0
INF-002,@healthcoach_jay,TikTok,42000,2026-07-12,ProBio+ Q1,NO,#giftedpartnership at hashtag end,end_of_caption,14350,5.88,389,14,597.62,May help support immune health,NO,YES,51744.0
INF-003,@nutritionbyjessica,Instagram,67500,2026-07-12,ProBio+ Q1,YES,Ad: at beginning,beginning_of_caption,28804,7.95,1464,41,1662.52,Supports digestive wellness based on probiotic blend,YES,NO,0.0
INF-004,@fitnesswithmark,YouTube,125000,2026-07-08,ProBio+ Q1,YES,Verbal+on-screen first 30s,beginning_of_video,51702,7.37,1992,27,1198.26,B-vitamins support energy metabolism,YES,NO,0.0
INF-005,@momlifewellness,Instagram,38000,2026-07-06,ProBio+ Q1,YES,#ad at beginning,beginning_of_caption,6676,5.06,144,5,219.1,Supports immune health naturally,YES,NO,0.0
INF-006,@doctordave_wellness,Instagram,198000,2026-07-07,ProBio+ Q1,NO,none,none,68889,8.14,2613,76,3269.75,Doctor recommended for immune function,NO,YES,51744.0
INF-007,@probioticlover,TikTok,28000,2026-07-07,ProBio+ Q1,NO,buried in hashtags,end_of_caption,12002,6.86,556,19,797.71,May help support gut health,NO,YES,51744.0
INF-008,@wellnessmama_official,Instagram,412000,2026-07-11,ProBio+ Q1,YES,Ad: at beginning,beginning_of_caption,142124,4.74,4089,65,2672.38,Supports immune and digestive health,YES,NO,0.0
INF-009,@holistichealthguru,YouTube,88000,2026-07-08,ProBio+ Q1,YES,Verbal+on-screen first 30s,beginning_of_video,13755,5.51,481,5,217.65,Clinically inspired probiotic formula supports wellness,YES,NO,0.0
INF-010,@fitfoodienutritionist,Instagram,55000,2026-07-06,ProBio+ Q1,YES,#ad at beginning,beginning_of_caption,12027,7.87,704,10,411.8,Supports digestive comfort,YES,NO,0.0
INF-001,@drwellnessnetwork,Instagram,285000,2026-07-18,ProBio+ Q1,NO,none,none,84252,5.41,3142,129,5530.37,Clinically demonstrated to support immune function,NO,YES,51744.0
INF-002,@healthcoach_jay,TikTok,42000,2026-07-14,ProBio+ Q1,NO,#giftedpartnership at hashtag end,end_of_caption,16186,7.21,555,8,337.16,May help support immune health,NO,YES,51744.0
INF-003,@nutritionbyjessica,Instagram,67500,2026-07-16,ProBio+ Q1,YES,Ad: at beginning,beginning_of_caption,18449,7.59,590,19,821.2,Supports digestive wellness based on probiotic blend,YES,NO,0.0
INF-004,@fitnesswithmark,YouTube,125000,2026-07-13,ProBio+ Q1,YES,Verbal+on-screen first 30s,beginning_of_video,33848,4.07,1025,20,818.82,B-vitamins support energy metabolism,YES,NO,0.0
INF-005,@momlifewellness,Instagram,38000,2026-07-16,ProBio+ Q1,YES,#ad at beginning,beginning_of_caption,7298,3.03,129,5,201.83,Supports immune health naturally,YES,NO,0.0
INF-006,@doctordave_wellness,Instagram,198000,2026-07-19,ProBio+ Q1,NO,none,none,80864,5.49,1865,83,3666.12,Doctor recommended for immune function,NO,YES,51744.0
INF-007,@probioticlover,TikTok,28000,2026-07-13,ProBio+ Q1,NO,buried in hashtags,end_of_caption,11981,7.49,418,11,451.65,May help support gut health,NO,YES,51744.0
INF-008,@wellnessmama_official,Instagram,412000,2026-07-16,ProBio+ Q1,YES,Ad: at beginning,beginning_of_caption,173341,2.9,2015,50,2231.13,Supports immune and digestive health,YES,NO,0.0
INF-009,@holistichealthguru,YouTube,88000,2026-07-19,ProBio+ Q1,YES,Verbal+on-screen first 30s,beginning_of_video,25212,4.63,913,40,1710.75,Clinically inspired probiotic formula supports wellness,YES,NO,0.0
INF-010,@fitfoodienutritionist,Instagram,55000,2026-07-18,ProBio+ Q1,YES,#ad at beginning,beginning_of_caption,16280,3.07,243,3,131.01,Supports digestive comfort,YES,NO,0.0
INF-001,@drwellnessnetwork,Instagram,285000,2026-07-20,ProBio+ Q2,NO,none,none,106701,2.18,1473,42,1858.65,Clinically demonstrated to support immune function,NO,YES,51744.0
INF-002,@healthcoach_jay,TikTok,42000,2026-07-21,ProBio+ Q2,NO,#giftedpartnership at hashtag end,end_of_caption,7016,5.2,270,3,120.99,May help support immune health,NO,YES,51744.0
INF-003,@nutritionbyjessica,Instagram,67500,2026-07-26,ProBio+ Q2,YES,Ad: at beginning,beginning_of_caption,14887,2.6,292,5,214.81,Supports digestive wellness based on probiotic blend,YES,NO,0.0
INF-004,@fitnesswithmark,YouTube,125000,2026-07-24,ProBio+ Q2,YES,Verbal+on-screen first 30s,beginning_of_video,21824,6.2,847,19,784.58,B-vitamins support energy metabolism,YES,NO,0.0
INF-005,@momlifewellness,Instagram,38000,2026-07-25,ProBio+ Q2,YES,#ad at beginning,beginning_of_caption,13864,3.4,263,8,331.92,Supports immune health naturally,YES,NO,0.0
INF-006,@doctordave_wellness,Instagram,198000,2026-07-22,ProBio+ Q2,NO,none,none,84883,8.07,2765,89,3809.64,Doctor recommended for immune function,NO,YES,51744.0
INF-007,@probioticlover,TikTok,28000,2026-07-20,ProBio+ Q2,NO,buried in hashtags,end_of_caption,4815,3.23,78,3,133.18,May help support gut health,NO,YES,51744.0
INF-008,@wellnessmama_official,Instagram,412000,2026-07-21,ProBio+ Q2,YES,Ad: at beginning,beginning_of_caption,107473,2.86,2254,79,3400.82,Supports immune and digestive health,YES,NO,0.0
INF-009,@holistichealthguru,YouTube,88000,2026-07-26,ProBio+ Q2,YES,Verbal+on-screen first 30s,beginning_of_video,30464,1.85,409,8,346.46,Clinically inspired probiotic formula supports wellness,YES,NO,0.0
INF-010,@fitfoodienutritionist,Instagram,55000,2026-07-21,ProBio+ Q2,YES,#ad at beginning,beginning_of_caption,12613,7.76,682,11,455.39,Supports digestive comfort,YES,NO,0.0
INF-001,@drwellnessnetwork,Instagram,285000,2026-07-28,ProBio+ Q2,NO,none,none,104105,3.16,2150,44,1867.04,Clinically demonstrated to support immune function,NO,YES,51744.0
INF-002,@healthcoach_jay,TikTok,42000,2026-08-02,ProBio+ Q2,NO,#giftedpartnership at hashtag end,end_of_caption,6940,6.05,307,4,166.63,May help support immune health,NO,YES,51744.0
INF-003,@nutritionbyjessica,Instagram,67500,2026-07-28,ProBio+ Q2,YES,Ad: at beginning,beginning_of_caption,23026,3.56,570,17,716.18,Supports digestive wellness based on probiotic blend,YES,NO,0.0
INF-004,@fitnesswithmark,YouTube,125000,2026-07-27,ProBio+ Q2,YES,Verbal+on-screen first 30s,beginning_of_video,22945,8.13,1261,21,843.57,B-vitamins support energy metabolism,YES,NO,0.0
INF-005,@momlifewellness,Instagram,38000,2026-07-29,ProBio+ Q2,YES,#ad at beginning,beginning_of_caption,12340,2.79,155,3,133.45,Supports immune health naturally,YES,NO,0.0
INF-006,@doctordave_wellness,Instagram,198000,2026-08-02,ProBio+ Q2,NO,none,none,87448,2.07,983,33,1429.71,Doctor recommended for immune function,NO,YES,51744.0
INF-007,@probioticlover,TikTok,28000,2026-07-29,ProBio+ Q2,NO,buried in hashtags,end_of_caption,10752,7.72,466,15,611.44,May help support gut health,NO,YES,51744.0
INF-008,@wellnessmama_official,Instagram,412000,2026-07-28,ProBio+ Q2,YES,Ad: at beginning,beginning_of_caption,168665,8.34,10188,418,16767.62,Supports immune and digestive health,YES,NO,0.0
INF-009,@holistichealthguru,YouTube,88000,2026-08-01,ProBio+ Q2,YES,Verbal+on-screen first 30s,beginning_of_video,37606,7.04,1494,50,2183.26,Clinically inspired probiotic formula supports wellness,YES,NO,0.0
INF-010,@fitfoodienutritionist,Instagram,55000,2026-07-28,ProBio+ Q2,YES,#ad at beginning,beginning_of_caption,12652,7.08,397,16,708.53,Supports digestive comfort,YES,NO,0.0
INF-001,@drwellnessnetwork,Instagram,285000,2026-08-04,ProBio+ Q2,NO,none,none,59813,7.95,2567,100,4434.66,Clinically demonstrated to support immune function,NO,YES,51744.0
INF-002,@healthcoach_jay,TikTok,42000,2026-08-04,ProBio+ Q2,NO,#giftedpartnership at hashtag end,end_of_caption,6598,3.09,108,4,179.3,May help support immune health,NO,YES,51744.0
INF-003,@nutritionbyjessica,Instagram,67500,2026-08-05,ProBio+ Q2,YES,Ad: at beginning,beginning_of_caption,17235,5.21,603,24,999.5,Supports digestive wellness based on probiotic blend,YES,NO,0.0
INF-004,@fitnesswithmark,YouTube,125000,2026-08-03,ProBio+ Q2,YES,Verbal+on-screen first 30s,beginning_of_video,23075,8.3,902,39,1611.38,B-vitamins support energy metabolism,YES,NO,0.0
INF-005,@momlifewellness,Instagram,38000,2026-08-03,ProBio+ Q2,YES,#ad at beginning,beginning_of_caption,12500,4.12,368,9,404.2,Supports immune health naturally,YES,NO,0.0
INF-006,@doctordave_wellness,Instagram,198000,2026-08-03,ProBio+ Q2,NO,none,none,52580,5.66,1493,52,2079.92,Doctor recommended for immune function,NO,YES,51744.0
INF-007,@probioticlover,TikTok,28000,2026-08-09,ProBio+ Q2,NO,buried in hashtags,end_of_caption,8722,6.62,402,13,543.54,May help support gut health,NO,YES,51744.0
INF-008,@wellnessmama_official,Instagram,412000,2026-08-03,ProBio+ Q2,YES,Ad: at beginning,beginning_of_caption,179080,7.97,9266,314,12752.52,Supports immune and digestive health,YES,NO,0.0
INF-009,@holistichealthguru,YouTube,88000,2026-08-05,ProBio+ Q2,YES,Verbal+on-screen first 30s,beginning_of_video,26588,6.27,884,30,1282.86,Clinically inspired probiotic formula supports wellness,YES,NO,0.0
INF-010,@fitfoodienutritionist,Instagram,55000,2026-08-04,ProBio+ Q2,YES,#ad at beginning,beginning_of_caption,15187,8.1,825,34,1464.3,Supports digestive comfort,YES,NO,0.0
INF-001,@drwellnessnetwork,Instagram,285000,2026-08-12,ProBio+ Q2,NO,none,none,77469,7.39,2985,56,2459.45,Clinically demonstrated to support immune function,NO,YES,51744.0
INF-002,@healthcoach_jay,TikTok,42000,2026-08-14,ProBio+ Q2,NO,#giftedpartnership at hashtag end,end_of_caption,14549,4.92,412,7,296.49,May help support immune health,NO,YES,51744.0
INF-003,@nutritionbyjessica,Instagram,67500,2026-08-16,ProBio+ Q2,YES,Ad: at beginning,beginning_of_caption,25028,6.21,798,27,1163.33,Supports digestive wellness based on probiotic blend,YES,NO,0.0
INF-004,@fitnesswithmark,YouTube,125000,2026-08-10,ProBio+ Q2,YES,Verbal+on-screen first 30s,beginning_of_video,49440,6.83,2259,43,1762.38,B-vitamins support energy metabolism,YES,NO,0.0
INF-005,@momlifewellness,Instagram,38000,2026-08-10,ProBio+ Q2,YES,#ad at beginning,beginning_of_caption,6226,8.39,336,12,507.2,Supports immune health naturally,YES,NO,0.0
INF-006,@doctordave_wellness,Instagram,198000,2026-08-15,ProBio+ Q2,NO,none,none,63894,6.61,2338,58,2362.22,Doctor recommended for immune function,NO,YES,51744.0
INF-007,@probioticlover,TikTok,28000,2026-08-15,ProBio+ Q2,NO,buried in hashtags,end_of_caption,4246,6.83,205,3,126.35,May help support gut health,NO,YES,51744.0
INF-008,@wellnessmama_official,Instagram,412000,2026-08-11,ProBio+ Q2,YES,Ad: at beginning,beginning_of_caption,161187,6.46,6099,185,8246.81,Supports immune and digestive health,YES,NO,0.0
INF-009,@holistichealthguru,YouTube,88000,2026-08-10,ProBio+ Q2,YES,Verbal+on-screen first 30s,beginning_of_video,25250,7.17,1207,53,2277.26,Clinically inspired probiotic formula supports wellness,YES,NO,0.0
INF-010,@fitfoodienutritionist,Instagram,55000,2026-08-16,ProBio+ Q2,YES,#ad at beginning,beginning_of_caption,22958,5.9,931,26,1147.71,Supports digestive comfort,YES,NO,0.0
INF-001,@drwellnessnetwork,Instagram,285000,2026-08-21,ProBio+ Q3,NO,none,none,80875,2.87,1728,46,2012.45,Clinically demonstrated to support immune function,NO,YES,51744.0
INF-002,@healthcoach_jay,TikTok,42000,2026-08-23,ProBio+ Q3,NO,#giftedpartnership at hashtag end,end_of_caption,14334,6.93,604,19,785.9,May help support immune health,NO,YES,51744.0
INF-003,@nutritionbyjessica,Instagram,67500,2026-08-17,ProBio+ Q3,YES,Ad: at beginning,beginning_of_caption,24574,3.37,442,18,727.07,Supports digestive wellness based on probiotic blend,YES,NO,0.0
INF-004,@fitnesswithmark,YouTube,125000,2026-08-18,ProBio+ Q3,YES,Verbal+on-screen first 30s,beginning_of_video,27422,6.45,1207,17,714.48,B-vitamins support energy metabolism,YES,NO,0.0
INF-005,@momlifewellness,Instagram,38000,2026-08-21,ProBio+ Q3,YES,#ad at beginning,beginning_of_caption,11011,2.22,179,4,175.36,Supports immune health naturally,YES,NO,0.0
INF-006,@doctordave_wellness,Instagram,198000,2026-08-22,ProBio+ Q3,NO,none,none,30860,7.7,1497,41,1832.85,Doctor recommended for immune function,NO,YES,51744.0
INF-007,@probioticlover,TikTok,28000,2026-08-19,ProBio+ Q3,NO,buried in hashtags,end_of_caption,10529,7.52,618,15,655.91,May help support gut health,NO,YES,51744.0
INF-008,@wellnessmama_official,Instagram,412000,2026-08-21,ProBio+ Q3,YES,Ad: at beginning,beginning_of_caption,160663,7.82,7479,157,6659.66,Supports immune and digestive health,YES,NO,0.0
INF-009,@holistichealthguru,YouTube,88000,2026-08-20,ProBio+ Q3,YES,Verbal+on-screen first 30s,beginning_of_video,22073,6.35,787,13,550.25,Clinically inspired probiotic formula supports wellness,YES,NO,0.0
INF-010,@fitfoodienutritionist,Instagram,55000,2026-08-18,ProBio+ Q3,YES,#ad at beginning,beginning_of_caption,24431,5.38,1002,31,1342.45,Supports digestive comfort,YES,NO,0.0
INF-001,@drwellnessnetwork,Instagram,285000,2026-08-24,ProBio+ Q3,NO,none,none,97705,2.71,1548,21,879.6,Clinically demonstrated to support immune function,NO,YES,51744.0
INF-002,@healthcoach_jay,TikTok,42000,2026-08-25,ProBio+ Q3,NO,#giftedpartnership at hashtag end,end_of_caption,12029,4.06,367,7,313.22,May help support immune health,NO,YES,51744.0
INF-003,@nutritionbyjessica,Instagram,67500,2026-08-27,ProBio+ Q3,YES,Ad: at beginning,beginning_of_caption,15233,2.35,145,4,179.96,Supports digestive wellness based on probiotic blend,YES,NO,0.0
INF-004,@fitnesswithmark,YouTube,125000,2026-08-26,ProBio+ Q3,YES,Verbal+on-screen first 30s,beginning_of_video,27158,2.26,480,6,240.87,B-vitamins support energy metabolism,YES,NO,0.0
INF-005,@momlifewellness,Instagram,38000,2026-08-25,ProBio+ Q3,YES,#ad at beginning,beginning_of_caption,7972,1.94,71,1,43.34,Supports immune health naturally,YES,NO,0.0
INF-006,@doctordave_wellness,Instagram,198000,2026-08-28,ProBio+ Q3,NO,none,none,85996,4.92,2126,51,2193.99,Doctor recommended for immune function,NO,YES,51744.0
INF-007,@probioticlover,TikTok,28000,2026-08-29,ProBio+ Q3,NO,buried in hashtags,end_of_caption,10234,7.01,333,7,300.18,May help support gut health,NO,YES,51744.0
INF-008,@wellnessmama_official,Instagram,412000,2026-08-26,ProBio+ Q3,YES,Ad: at beginning,beginning_of_caption,132968,7.88,5764,248,10163.45,Supports immune and digestive health,YES,NO,0.0
INF-009,@holistichealthguru,YouTube,88000,2026-08-28,ProBio+ Q3,YES,Verbal+on-screen first 30s,beginning_of_video,31432,6.0,831,31,1371.49,Clinically inspired probiotic formula supports wellness,YES,NO,0.0
INF-010,@fitfoodienutritionist,Instagram,55000,2026-08-28,ProBio+ Q3,YES,#ad at beginning,beginning_of_caption,21541,7.13,962,12,511.84,Supports digestive comfort,YES,NO,0.0
INF-001,@drwellnessnetwork,Instagram,285000,2026-09-05,ProBio+ Q3,NO,none,none,74433,5.19,2072,82,3616.34,Clinically demonstrated to support immune function,NO,YES,51744.0
INF-002,@healthcoach_jay,TikTok,42000,2026-08-31,ProBio+ Q3,NO,#giftedpartnership at hashtag end,end_of_caption,11762,4.23,376,10,407.55,May help support immune health,NO,YES,51744.0
INF-003,@nutritionbyjessica,Instagram,67500,2026-09-01,ProBio+ Q3,YES,Ad: at beginning,beginning_of_caption,24984,8.27,1049,40,1707.23,Supports digestive wellness based on probiotic blend,YES,NO,0.0
INF-004,@fitnesswithmark,YouTube,125000,2026-09-03,ProBio+ Q3,YES,Verbal+on-screen first 30s,beginning_of_video,36182,7.33,1689,38,1566.26,B-vitamins support energy metabolism,YES,NO,0.0
INF-005,@momlifewellness,Instagram,38000,2026-08-31,ProBio+ Q3,YES,#ad at beginning,beginning_of_caption,8879,4.82,299,9,389.98,Supports immune health naturally,YES,NO,0.0
INF-006,@doctordave_wellness,Instagram,198000,2026-09-02,ProBio+ Q3,NO,none,none,31404,7.5,1113,21,923.56,Doctor recommended for immune function,NO,YES,51744.0
INF-007,@probioticlover,TikTok,28000,2026-09-02,ProBio+ Q3,NO,buried in hashtags,end_of_caption,6549,5.79,285,8,340.59,May help support gut health,NO,YES,51744.0
INF-008,@wellnessmama_official,Instagram,412000,2026-09-01,ProBio+ Q3,YES,Ad: at beginning,beginning_of_caption,72381,6.62,2853,105,4561.52,Supports immune and digestive health,YES,NO,0.0
INF-009,@holistichealthguru,YouTube,88000,2026-09-05,ProBio+ Q3,YES,Verbal+on-screen first 30s,beginning_of_video,31992,4.8,624,13,546.16,Clinically inspired probiotic formula supports wellness,YES,NO,0.0
INF-010,@fitfoodienutritionist,Instagram,55000,2026-09-01,ProBio+ Q3,YES,#ad at beginning,beginning_of_caption,13302,5.7,446,13,547.53,Supports digestive comfort,YES,NO,0.0
INF-001,@drwellnessnetwork,Instagram,285000,2026-09-12,ProBio+ Q3,NO,none,none,89808,4.16,2172,48,1974.85,Clinically demonstrated to support immune function,NO,YES,51744.0
INF-002,@healthcoach_jay,TikTok,42000,2026-09-12,ProBio+ Q3,NO,#giftedpartnership at hashtag end,end_of_caption,8726,2.6,139,5,204.58,May help support immune health,NO,YES,51744.0
INF-003,@nutritionbyjessica,Instagram,67500,2026-09-08,ProBio+ Q3,YES,Ad: at beginning,beginning_of_caption,25081,3.65,582,21,902.45,Supports digestive wellness based on probiotic blend,YES,NO,0.0
INF-004,@fitnesswithmark,YouTube,125000,2026-09-07,ProBio+ Q3,YES,Verbal+on-screen first 30s,beginning_of_video,49973,3.78,1028,22,957.66,B-vitamins support energy metabolism,YES,NO,0.0
INF-005,@momlifewellness,Instagram,38000,2026-09-08,ProBio+ Q3,YES,#ad at beginning,beginning_of_caption,8827,8.33,456,15,609.32,Supports immune health naturally,YES,NO,0.0
INF-006,@doctordave_wellness,Instagram,198000,2026-09-13,ProBio+ Q3,NO,none,none,74415,2.49,750,16,678.14,Doctor recommended for immune function,NO,YES,51744.0
INF-007,@probioticlover,TikTok,28000,2026-09-09,ProBio+ Q3,NO,buried in hashtags,end_of_caption,5748,2.14,95,2,88.2,May help support gut health,NO,YES,51744.0
INF-008,@wellnessmama_official,Instagram,412000,2026-09-10,ProBio+ Q3,YES,Ad: at beginning,beginning_of_caption,122579,5.67,4688,79,3479.61,Supports immune and digestive health,YES,NO,0.0
INF-009,@holistichealthguru,YouTube,88000,2026-09-09,ProBio+ Q3,YES,Verbal+on-screen first 30s,beginning_of_video,15448,3.46,333,8,343.77,Clinically inspired probiotic formula supports wellness,YES,NO,0.0
INF-010,@fitfoodienutritionist,Instagram,55000,2026-09-11,ProBio+ Q3,YES,#ad at beginning,beginning_of_caption,11973,5.3,368,9,398.62,Supports digestive comfort,YES,NO,0.0
INF-001,@drwellnessnetwork,Instagram,285000,2026-09-17,ProBio+ Q4,NO,none,none,68860,5.96,2642,96,4293.88,Clinically demonstrated to support immune function,NO,YES,51744.0
INF-002,@healthcoach_jay,TikTok,42000,2026-09-15,ProBio+ Q4,NO,#giftedpartnership at hashtag end,end_of_caption,14181,3.57,218,4,171.0,May help support immune health,NO,YES,51744.0
INF-003,@nutritionbyjessica,Instagram,67500,2026-09-15,ProBio+ Q4,YES,Ad: at beginning,beginning_of_caption,10179,4.82,312,6,246.88,Supports digestive wellness based on probiotic blend,YES,NO,0.0
INF-004,@fitnesswithmark,YouTube,125000,2026-09-19,ProBio+ Q4,YES,Verbal+on-screen first 30s,beginning_of_video,29351,7.56,950,18,743.63,B-vitamins support energy metabolism,YES,NO,0.0
INF-005,@momlifewellness,Instagram,38000,2026-09-20,ProBio+ Q4,YES,#ad at beginning,beginning_of_caption,12825,6.23,617,16,683.4,Supports immune health naturally,YES,NO,0.0
INF-006,@doctordave_wellness,Instagram,198000,2026-09-19,ProBio+ Q4,NO,none,none,38549,3.58,630,8,351.63,Doctor recommended for immune function,NO,YES,51744.0
INF-007,@probioticlover,TikTok,28000,2026-09-18,ProBio+ Q4,NO,buried in hashtags,end_of_caption,10491,5.61,303,4,173.73,May help support gut health,NO,YES,51744.0
INF-008,@wellnessmama_official,Instagram,412000,2026-09-19,ProBio+ Q4,YES,Ad: at beginning,beginning_of_caption,111550,3.62,2487,65,2793.71,Supports immune and digestive health,YES,NO,0.0
INF-009,@holistichealthguru,YouTube,88000,2026-09-17,ProBio+ Q4,YES,Verbal+on-screen first 30s,beginning_of_video,32591,5.84,781,15,650.42,Clinically inspired probiotic formula supports wellness,YES,NO,0.0
INF-010,@fitfoodienutritionist,Instagram,55000,2026-09-20,ProBio+ Q4,YES,#ad at beginning,beginning_of_caption,17740,8.17,1159,39,1612.16,Supports digestive comfort,YES,NO,0.0
INF-001,@drwellnessnetwork,Instagram,285000,2026-09-21,ProBio+ Q4,NO,none,none,107995,2.97,1948,51,2110.42,Clinically demonstrated to support immune function,NO,YES,51744.0
INF-002,@healthcoach_jay,TikTok,42000,2026-09-25,ProBio+ Q4,NO,#giftedpartnership at hashtag end,end_of_caption,11792,7.26,674,18,756.57,May help support immune health,NO,YES,51744.0
INF-003,@nutritionbyjessica,Instagram,67500,2026-09-23,ProBio+ Q4,YES,Ad: at beginning,beginning_of_caption,23695,7.55,951,33,1367.23,Supports digestive wellness based on probiotic blend,YES,NO,0.0
INF-004,@fitnesswithmark,YouTube,125000,2026-09-24,ProBio+ Q4,YES,Verbal+on-screen first 30s,beginning_of_video,49258,5.49,1573,35,1456.22,B-vitamins support energy metabolism,YES,NO,0.0
INF-005,@momlifewellness,Instagram,38000,2026-09-27,ProBio+ Q4,YES,#ad at beginning,beginning_of_caption,10307,5.25,430,14,597.84,Supports immune health naturally,YES,NO,0.0
INF-006,@doctordave_wellness,Instagram,198000,2026-09-24,ProBio+ Q4,NO,none,none,32919,5.27,1125,32,1350.41,Doctor recommended for immune function,NO,YES,51744.0
INF-007,@probioticlover,TikTok,28000,2026-09-21,ProBio+ Q4,NO,buried in hashtags,end_of_caption,5909,5.48,249,6,260.89,May help support gut health,NO,YES,51744.0
INF-008,@wellnessmama_official,Instagram,412000,2026-09-21,ProBio+ Q4,YES,Ad: at beginning,beginning_of_caption,65368,6.02,2832,100,4154.38,Supports immune and digestive health,YES,NO,0.0
INF-009,@holistichealthguru,YouTube,88000,2026-09-21,ProBio+ Q4,YES,Verbal+on-screen first 30s,beginning_of_video,27779,2.42,535,22,930.54,Clinically inspired probiotic formula supports wellness,YES,NO,0.0
INF-010,@fitfoodienutritionist,Instagram,55000,2026-09-21,ProBio+ Q4,YES,#ad at beginning,beginning_of_caption,18937,2.83,414,8,348.14,Supports digestive comfort,YES,NO,0.0
INF-001,@drwellnessnetwork,Instagram,285000,2026-10-01,ProBio+ Q4,NO,none,none,114118,8.37,4751,143,5992.83,Clinically demonstrated to support immune function,NO,YES,51744.0
INF-002,@healthcoach_jay,TikTok,42000,2026-10-02,ProBio+ Q4,NO,#giftedpartnership at hashtag end,end_of_caption,12703,7.69,728,15,659.1,May help support immune health,NO,YES,51744.0
INF-003,@nutritionbyjessica,Instagram,67500,2026-10-01,ProBio+ Q4,YES,Ad: at beginning,beginning_of_caption,17007,7.08,610,7,305.34,Supports digestive wellness based on probiotic blend,YES,NO,0.0
INF-004,@fitnesswithmark,YouTube,125000,2026-10-04,ProBio+ Q4,YES,Verbal+on-screen first 30s,beginning_of_video,40760,8.49,2061,34,1451.22,B-vitamins support energy metabolism,YES,NO,0.0
INF-005,@momlifewellness,Instagram,38000,2026-09-30,ProBio+ Q4,YES,#ad at beginning,beginning_of_caption,9489,6.91,361,15,665.07,Supports immune health naturally,YES,NO,0.0
INF-006,@doctordave_wellness,Instagram,198000,2026-10-03,ProBio+ Q4,NO,none,none,43885,4.37,1423,36,1496.91,Doctor recommended for immune function,NO,YES,51744.0
INF-007,@probioticlover,TikTok,28000,2026-10-01,ProBio+ Q4,NO,buried in hashtags,end_of_caption,10123,7.24,406,13,573.22,May help support gut health,NO,YES,51744.0
INF-008,@wellnessmama_official,Instagram,412000,2026-09-29,ProBio+ Q4,YES,Ad: at beginning,beginning_of_caption,123022,2.05,1515,47,2083.91,Supports immune and digestive health,YES,NO,0.0
INF-009,@holistichealthguru,YouTube,88000,2026-10-04,ProBio+ Q4,YES,Verbal+on-screen first 30s,beginning_of_video,35509,2.47,670,8,325.69,Clinically inspired probiotic formula supports wellness,YES,NO,0.0
INF-010,@fitfoodienutritionist,Instagram,55000,2026-10-04,ProBio+ Q4,YES,#ad at beginning,beginning_of_caption,19053,2.83,316,13,541.88,Supports digestive comfort,YES,NO,0.0
INF-001,@drwellnessnetwork,Instagram,285000,2026-10-10,ProBio+ Q4,NO,none,none,76734,2.34,954,32,1365.06,Clinically demonstrated to support immune function,NO,YES,51744.0
INF-002,@healthcoach_jay,TikTok,42000,2026-10-07,ProBio+ Q4,NO,#giftedpartnership at hashtag end,end_of_caption,14197,7.75,654,19,818.47,May help support immune health,NO,YES,51744.0
INF-003,@nutritionbyjessica,Instagram,67500,2026-10-06,ProBio+ Q4,YES,Ad: at beginning,beginning_of_caption,22906,7.97,1458,53,2234.47,Supports digestive wellness based on probiotic blend,YES,NO,0.0
INF-004,@fitnesswithmark,YouTube,125000,2026-10-05,ProBio+ Q4,YES,Verbal+on-screen first 30s,beginning_of_video,47263,6.52,1356,23,954.21,B-vitamins support energy metabolism,YES,NO,0.0
INF-005,@momlifewellness,Instagram,38000,2026-10-05,ProBio+ Q4,YES,#ad at beginning,beginning_of_caption,6224,7.13,229,5,203.59,Supports immune health naturally,YES,NO,0.0
INF-006,@doctordave_wellness,Instagram,198000,2026-10-09,ProBio+ Q4,NO,none,none,54175,6.37,1628,28,1205.05,Doctor recommended for immune function,NO,YES,51744.0
INF-007,@probioticlover,TikTok,28000,2026-10-08,ProBio+ Q4,NO,buried in hashtags,end_of_caption,9405,3.41,245,4,169.18,May help support gut health,NO,YES,51744.0
INF-008,@wellnessmama_official,Instagram,412000,2026-10-07,ProBio+ Q4,YES,Ad: at beginning,beginning_of_caption,118602,6.27,5648,154,6379.94,Supports immune and digestive health,YES,NO,0.0
INF-009,@holistichealthguru,YouTube,88000,2026-10-09,ProBio+ Q4,YES,Verbal+on-screen first 30s,beginning_of_video,17370,4.76,445,13,561.4,Clinically inspired probiotic formula supports wellness,YES,NO,0.0
INF-010,@fitfoodienutritionist,Instagram,55000,2026-10-08,ProBio+ Q4,YES,#ad at beginning,beginning_of_caption,19640,4.86,497,22,973.65,Supports digestive comfort,YES,NO,0.0
INF-001,@drwellnessnetwork,Instagram,285000,2026-10-12,ProBio+ Q5,NO,none,none,63031,5.63,2235,100,4146.62,Clinically demonstrated to support immune function,NO,YES,51744.0
INF-002,@healthcoach_jay,TikTok,42000,2026-10-18,ProBio+ Q5,NO,#giftedpartnership at hashtag end,end_of_caption,14593,3.64,332,11,480.85,May help support immune health,NO,YES,51744.0
INF-003,@nutritionbyjessica,Instagram,67500,2026-10-12,ProBio+ Q5,YES,Ad: at beginning,beginning_of_caption,28564,6.79,1421,59,2588.25,Supports digestive wellness based on probiotic blend,YES,NO,0.0
INF-004,@fitnesswithmark,YouTube,125000,2026-10-13,ProBio+ Q5,YES,Verbal+on-screen first 30s,beginning_of_video,41514,4.16,1130,36,1561.64,B-vitamins support energy metabolism,YES,NO,0.0
INF-005,@momlifewellness,Instagram,38000,2026-10-17,ProBio+ Q5,YES,#ad at beginning,beginning_of_caption,14449,6.36,417,6,258.76,Supports immune health naturally,YES,NO,0.0
INF-006,@doctordave_wellness,Instagram,198000,2026-10-12,ProBio+ Q5,NO,none,none,48050,4.75,1442,52,2102.91,Doctor recommended for immune function,NO,YES,51744.0
INF-007,@probioticlover,TikTok,28000,2026-10-14,ProBio+ Q5,NO,buried in hashtags,end_of_caption,6944,4.58,152,5,221.86,May help support gut health,NO,YES,51744.0
INF-008,@wellnessmama_official,Instagram,412000,2026-10-14,ProBio+ Q5,YES,Ad: at beginning,beginning_of_caption,127413,7.92,7388,151,6661.13,Supports immune and digestive health,YES,NO,0.0
INF-009,@holistichealthguru,YouTube,88000,2026-10-15,ProBio+ Q5,YES,Verbal+on-screen first 30s,beginning_of_video,38738,3.78,1095,42,1777.93,Clinically inspired probiotic formula supports wellness,YES,NO,0.0
INF-010,@fitfoodienutritionist,Instagram,55000,2026-10-12,ProBio+ Q5,YES,#ad at beginning,beginning_of_caption,10572,8.28,651,23,1032.46,Supports digestive comfort,YES,NO,0.0
INF-001,@drwellnessnetwork,Instagram,285000,2026-10-25,ProBio+ Q5,NO,none,none,111542,4.25,3395,42,1792.26,Clinically demonstrated to support immune function,NO,YES,51744.0
INF-002,@healthcoach_jay,TikTok,42000,2026-10-22,ProBio+ Q5,NO,#giftedpartnership at hashtag end,end_of_caption,10944,6.82,376,9,388.64,May help support immune health,NO,YES,51744.0
INF-003,@nutritionbyjessica,Instagram,67500,2026-10-21,ProBio+ Q5,YES,Ad: at beginning,beginning_of_caption,12319,3.37,170,7,299.58,Supports digestive wellness based on probiotic blend,YES,NO,0.0
INF-004,@fitnesswithmark,YouTube,125000,2026-10-23,ProBio+ Q5,YES,Verbal+on-screen first 30s,beginning_of_video,27051,2.22,438,18,747.02,B-vitamins support energy metabolism,YES,NO,0.0
INF-005,@momlifewellness,Instagram,38000,2026-10-22,ProBio+ Q5,YES,#ad at beginning,beginning_of_caption,7030,2.1,61,2,81.14,Supports immune health naturally,YES,NO,0.0
INF-006,@doctordave_wellness,Instagram,198000,2026-10-20,ProBio+ Q5,NO,none,none,82403,2.71,1298,44,1923.05,Doctor recommended for immune function,NO,YES,51744.0
INF-007,@probioticlover,TikTok,28000,2026-10-23,ProBio+ Q5,NO,buried in hashtags,end_of_caption,7720,6.77,241,6,242.91,May help support gut health,NO,YES,51744.0
INF-008,@wellnessmama_official,Instagram,412000,2026-10-22,ProBio+ Q5,YES,Ad: at beginning,beginning_of_caption,137894,8.09,5710,198,8133.12,Supports immune and digestive health,YES,NO,0.0
INF-009,@holistichealthguru,YouTube,88000,2026-10-22,ProBio+ Q5,YES,Verbal+on-screen first 30s,beginning_of_video,38294,7.53,1268,43,1836.63,Clinically inspired probiotic formula supports wellness,YES,NO,0.0
INF-010,@fitfoodienutritionist,Instagram,55000,2026-10-24,ProBio+ Q5,YES,#ad at beginning,beginning_of_caption,14168,4.47,301,4,176.92,Supports digestive comfort,YES,NO,0.0
INF-001,@drwellnessnetwork,Instagram,285000,2026-10-29,ProBio+ Q5,NO,none,none,50588,3.22,1068,47,1891.42,Clinically demonstrated to support immune function,NO,YES,51744.0
INF-002,@healthcoach_jay,TikTok,42000,2026-10-28,ProBio+ Q5,NO,#giftedpartnership at hashtag end,end_of_caption,9368,2.64,154,2,87.63,May help support immune health,NO,YES,51744.0
INF-003,@nutritionbyjessica,Instagram,67500,2026-10-27,ProBio+ Q5,YES,Ad: at beginning,beginning_of_caption,21999,7.25,786,29,1274.06,Supports digestive wellness based on probiotic blend,YES,NO,0.0
INF-004,@fitnesswithmark,YouTube,125000,2026-10-30,ProBio+ Q5,YES,Verbal+on-screen first 30s,beginning_of_video,18856,7.55,651,10,412.43,B-vitamins support energy metabolism,YES,NO,0.0
INF-005,@momlifewellness,Instagram,38000,2026-10-27,ProBio+ Q5,YES,#ad at beginning,beginning_of_caption,6953,7.61,239,5,219.66,Supports immune health naturally,YES,NO,0.0
INF-006,@doctordave_wellness,Instagram,198000,2026-10-30,ProBio+ Q5,NO,none,none,48932,2.97,611,22,937.65,Doctor recommended for immune function,NO,YES,51744.0
INF-007,@probioticlover,TikTok,28000,2026-10-31,ProBio+ Q5,NO,buried in hashtags,end_of_caption,4733,4.8,123,3,126.75,May help support gut health,NO,YES,51744.0
INF-008,@wellnessmama_official,Instagram,412000,2026-10-27,ProBio+ Q5,YES,Ad: at beginning,beginning_of_caption,178653,2.09,2663,108,4600.5,Supports immune and digestive health,YES,NO,0.0
INF-009,@holistichealthguru,YouTube,88000,2026-10-29,ProBio+ Q5,YES,Verbal+on-screen first 30s,beginning_of_video,30184,2.01,485,19,800.31,Clinically inspired probiotic formula supports wellness,YES,NO,0.0
INF-010,@fitfoodienutritionist,Instagram,55000,2026-10-26,ProBio+ Q5,YES,#ad at beginning,beginning_of_caption,16339,7.89,553,8,344.25,Supports digestive comfort,YES,NO,0.0
INF-001,@drwellnessnetwork,Instagram,285000,2026-11-02,ProBio+ Q5,NO,none,none,53539,5.98,2030,72,3016.41,Clinically demonstrated to support immune function,NO,YES,51744.0
INF-002,@healthcoach_jay,TikTok,42000,2026-11-06,ProBio+ Q5,NO,#giftedpartnership at hashtag end,end_of_caption,12985,4.84,403,6,260.99,May help support immune health,NO,YES,51744.0
INF-003,@nutritionbyjessica,Instagram,67500,2026-11-08,ProBio+ Q5,YES,Ad: at beginning,beginning_of_caption,23382,7.68,1114,45,1896.32,Supports digestive wellness based on probiotic blend,YES,NO,0.0
INF-004,@fitnesswithmark,YouTube,125000,2026-11-03,ProBio+ Q5,YES,Verbal+on-screen first 30s,beginning_of_video,34268,7.34,1407,50,2077.64,B-vitamins support energy metabolism,YES,NO,0.0
INF-005,@momlifewellness,Instagram,38000,2026-11-04,ProBio+ Q5,YES,#ad at beginning,beginning_of_caption,13282,4.31,263,11,443.58,Supports immune health naturally,YES,NO,0.0
INF-006,@doctordave_wellness,Instagram,198000,2026-11-08,ProBio+ Q5,NO,none,none,34770,4.69,1137,27,1097.3,Doctor recommended for immune function,NO,YES,51744.0
INF-007,@probioticlover,TikTok,28000,2026-11-02,ProBio+ Q5,NO,buried in hashtags,end_of_caption,9126,5.56,269,4,167.03,May help support gut health,NO,YES,51744.0
INF-008,@wellnessmama_official,Instagram,412000,2026-11-07,ProBio+ Q5,YES,Ad: at beginning,beginning_of_caption,178123,4.63,6320,86,3562.82,Supports immune and digestive health,YES,NO,0.0
INF-009,@holistichealthguru,YouTube,88000,2026-11-04,ProBio+ Q5,YES,Verbal+on-screen first 30s,beginning_of_video,22483,5.67,618,20,822.22,Clinically inspired probiotic formula supports wellness,YES,NO,0.0
INF-010,@fitfoodienutritionist,Instagram,55000,2026-11-02,ProBio+ Q5,YES,#ad at beginning,beginning_of_caption,14026,5.53,345,7,287.85,Supports digestive comfort,YES,NO,0.0
INF-001,@drwellnessnetwork,Instagram,285000,2026-11-12,ProBio+ Q6,NO,none,none,115010,8.33,6968,224,9677.58,Clinically demonstrated to support immune function,NO,YES,51744.0
INF-002,@healthcoach_jay,TikTok,42000,2026-11-09,ProBio+ Q6,NO,#giftedpartnership at hashtag end,end_of_caption,13973,6.21,587,7,289.49,May help support immune health,NO,YES,51744.0
INF-003,@nutritionbyjessica,Instagram,67500,2026-11-15,ProBio+ Q6,YES,Ad: at beginning,beginning_of_caption,16381,4.08,268,10,428.22,Supports digestive wellness based on probiotic blend,YES,NO,0.0
INF-004,@fitnesswithmark,YouTube,125000,2026-11-12,ProBio+ Q6,YES,Verbal+on-screen first 30s,beginning_of_video,21359,6.76,1138,17,724.92,B-vitamins support energy metabolism,YES,NO,0.0
INF-005,@momlifewellness,Instagram,38000,2026-11-12,ProBio+ Q6,YES,#ad at beginning,beginning_of_caption,10486,4.08,234,8,350.99,Supports immune health naturally,YES,NO,0.0
INF-006,@doctordave_wellness,Instagram,198000,2026-11-13,ProBio+ Q6,NO,none,none,65115,7.72,2323,85,3420.3,Doctor recommended for immune function,NO,YES,51744.0
INF-007,@probioticlover,TikTok,28000,2026-11-09,ProBio+ Q6,NO,buried in hashtags,end_of_caption,6485,6.23,240,6,248.14,May help support gut health,NO,YES,51744.0
INF-008,@wellnessmama_official,Instagram,412000,2026-11-15,ProBio+ Q6,YES,Ad: at beginning,beginning_of_caption,125126,4.11,2285,78,3350.54,Supports immune and digestive health,YES,NO,0.0
INF-009,@holistichealthguru,YouTube,88000,2026-11-13,ProBio+ Q6,YES,Verbal+on-screen first 30s,beginning_of_video,30812,2.1,361,11,440.31,Clinically inspired probiotic formula supports wellness,YES,NO,0.0
INF-010,@fitfoodienutritionist,Instagram,55000,2026-11-11,ProBio+ Q6,YES,#ad at beginning,beginning_of_caption,23847,6.94,1167,25,1014.75,Supports digestive comfort,YES,NO,0.0
INF-001,@drwellnessnetwork,Instagram,285000,2026-11-19,ProBio+ Q6,NO,none,none,106619,2.98,1754,61,2591.97,Clinically demonstrated to support immune function,NO,YES,51744.0
INF-002,@healthcoach_jay,TikTok,42000,2026-11-22,ProBio+ Q6,NO,#giftedpartnership at hashtag end,end_of_caption,14717,4.17,342,12,506.05,May help support immune health,NO,YES,51744.0
INF-003,@nutritionbyjessica,Instagram,67500,2026-11-19,ProBio+ Q6,YES,Ad: at beginning,beginning_of_caption,28778,7.58,1374,42,1828.57,Supports digestive wellness based on probiotic blend,YES,NO,0.0
INF-004,@fitnesswithmark,YouTube,125000,2026-11-19,ProBio+ Q6,YES,Verbal+on-screen first 30s,beginning_of_video,29606,4.51,1050,18,805.11,B-vitamins support energy metabolism,YES,NO,0.0
INF-005,@momlifewellness,Instagram,38000,2026-11-19,ProBio+ Q6,YES,#ad at beginning,beginning_of_caption,15185,7.96,526,20,824.13,Supports immune health naturally,YES,NO,0.0
INF-006,@doctordave_wellness,Instagram,198000,2026-11-20,ProBio+ Q6,NO,none,none,53486,2.33,932,34,1397.33,Doctor recommended for immune function,NO,YES,51744.0
INF-007,@probioticlover,TikTok,28000,2026-11-22,ProBio+ Q6,NO,buried in hashtags,end_of_caption,5612,5.22,130,3,133.56,May help support gut health,NO,YES,51744.0
INF-008,@wellnessmama_official,Instagram,412000,2026-11-18,ProBio+ Q6,YES,Ad: at beginning,beginning_of_caption,105195,8.22,5691,96,3888.39,Supports immune and digestive health,YES,NO,0.0
INF-009,@holistichealthguru,YouTube,88000,2026-11-18,ProBio+ Q6,YES,Verbal+on-screen first 30s,beginning_of_video,18407,5.84,756,25,1021.89,Clinically inspired probiotic formula supports wellness,YES,NO,0.0
INF-010,@fitfoodienutritionist,Instagram,55000,2026-11-22,ProBio+ Q6,YES,#ad at beginning,beginning_of_caption,18611,4.91,571,17,737.73,Supports digestive comfort,YES,NO,0.0
INF-001,@drwellnessnetwork,Instagram,285000,2026-11-27,ProBio+ Q6,NO,none,none,97725,8.41,4350,191,7940.0,Clinically demonstrated to support immune function,NO,YES,51744.0
INF-002,@healthcoach_jay,TikTok,42000,2026-11-26,ProBio+ Q6,NO,#giftedpartnership at hashtag end,end_of_caption,7160,4.76,177,3,120.81,May help support immune health,NO,YES,51744.0
INF-003,@nutritionbyjessica,Instagram,67500,2026-11-27,ProBio+ Q6,YES,Ad: at beginning,beginning_of_caption,11627,4.89,235,5,207.13,Supports digestive wellness based on probiotic blend,YES,NO,0.0
INF-004,@fitnesswithmark,YouTube,125000,2026-11-28,ProBio+ Q6,YES,Verbal+on-screen first 30s,beginning_of_video,51159,7.53,2488,71,3003.55,B-vitamins support energy metabolism,YES,NO,0.0
INF-005,@momlifewellness,Instagram,38000,2026-11-27,ProBio+ Q6,YES,#ad at beginning,beginning_of_caption,16578,6.75,465,19,814.12,Supports immune health naturally,YES,NO,0.0
INF-006,@doctordave_wellness,Instagram,198000,2026-11-24,ProBio+ Q6,NO,none,none,48798,4.99,1120,15,607.61,Doctor recommended for immune function,NO,YES,51744.0
INF-007,@probioticlover,TikTok,28000,2026-11-29,ProBio+ Q6,NO,buried in hashtags,end_of_caption,7084,6.59,280,4,164.91,May help support gut health,NO,YES,51744.0
INF-008,@wellnessmama_official,Instagram,412000,2026-11-26,ProBio+ Q6,YES,Ad: at beginning,beginning_of_caption,184285,5.31,6301,151,6731.53,Supports immune and digestive health,YES,NO,0.0
INF-009,@holistichealthguru,YouTube,88000,2026-11-26,ProBio+ Q6,YES,Verbal+on-screen first 30s,beginning_of_video,23991,4.07,624,23,994.21,Clinically inspired probiotic formula supports wellness,YES,NO,0.0
INF-010,@fitfoodienutritionist,Instagram,55000,2026-11-23,ProBio+ Q6,YES,#ad at beginning,beginning_of_caption,13689,5.54,420,8,353.98,Supports digestive comfort,YES,NO,0.0
INF-001,@drwellnessnetwork,Instagram,285000,2026-12-04,ProBio+ Q6,NO,none,none,117415,4.03,2995,49,2045.22,Clinically demonstrated to support immune function,NO,YES,51744.0
INF-002,@healthcoach_jay,TikTok,42000,2026-12-05,ProBio+ Q6,NO,#giftedpartnership at hashtag end,end_of_caption,15100,4.43,426,18,747.68,May help support immune health,NO,YES,51744.0
INF-003,@nutritionbyjessica,Instagram,67500,2026-12-03,ProBio+ Q6,YES,Ad: at beginning,beginning_of_caption,23155,4.0,417,14,626.16,Supports digestive wellness based on probiotic blend,YES,NO,0.0
INF-004,@fitnesswithmark,YouTube,125000,2026-12-05,ProBio+ Q6,YES,Verbal+on-screen first 30s,beginning_of_video,52966,2.43,860,24,961.95,B-vitamins support energy metabolism,YES,NO,0.0
INF-005,@momlifewellness,Instagram,38000,2026-12-02,ProBio+ Q6,YES,#ad at beginning,beginning_of_caption,7754,3.24,195,5,205.61,Supports immune health naturally,YES,NO,0.0
INF-006,@doctordave_wellness,Instagram,198000,2026-12-01,ProBio+ Q6,NO,none,none,38903,3.78,1051,30,1280.67,Doctor recommended for immune function,NO,YES,51744.0
INF-007,@probioticlover,TikTok,28000,2026-12-05,ProBio+ Q6,NO,buried in hashtags,end_of_caption,11622,2.05,127,4,162.58,May help support gut health,NO,YES,51744.0
INF-008,@wellnessmama_official,Instagram,412000,2026-12-03,ProBio+ Q6,YES,Ad: at beginning,beginning_of_caption,80865,3.01,1648,53,2358.67,Supports immune and digestive health,YES,NO,0.0
INF-009,@holistichealthguru,YouTube,88000,2026-12-05,ProBio+ Q6,YES,Verbal+on-screen first 30s,beginning_of_video,24754,4.55,755,14,590.95,Clinically inspired probiotic formula supports wellness,YES,NO,0.0
INF-010,@fitfoodienutritionist,Instagram,55000,2026-12-02,ProBio+ Q6,YES,#ad at beginning,beginning_of_caption,20664,7.05,719,14,627.45,Supports digestive comfort,YES,NO,0.0
INF-001,@drwellnessnetwork,Instagram,285000,2026-12-13,ProBio+ Q7,NO,none,none,82850,7.4,3354,145,6512.27,Clinically demonstrated to support immune function,NO,YES,51744.0
INF-002,@healthcoach_jay,TikTok,42000,2026-12-10,ProBio+ Q7,NO,#giftedpartnership at hashtag end,end_of_caption,15994,7.01,674,17,693.6,May help support immune health,NO,YES,51744.0
INF-003,@nutritionbyjessica,Instagram,67500,2026-12-08,ProBio+ Q7,YES,Ad: at beginning,beginning_of_caption,26350,2.73,359,11,487.97,Supports digestive wellness based on probiotic blend,YES,NO,0.0
INF-004,@fitnesswithmark,YouTube,125000,2026-12-11,ProBio+ Q7,YES,Verbal+on-screen first 30s,beginning_of_video,53786,6.57,2142,34,1373.92,B-vitamins support energy metabolism,YES,NO,0.0
INF-005,@momlifewellness,Instagram,38000,2026-12-08,ProBio+ Q7,YES,#ad at beginning,beginning_of_caption,8809,7.87,318,8,357.78,Supports immune health naturally,YES,NO,0.0
INF-006,@doctordave_wellness,Instagram,198000,2026-12-08,ProBio+ Q7,NO,none,none,78212,7.73,4668,119,4994.7,Doctor recommended for immune function,NO,YES,51744.0
INF-007,@probioticlover,TikTok,28000,2026-12-09,ProBio+ Q7,NO,buried in hashtags,end_of_caption,6180,8.46,287,3,133.93,May help support gut health,NO,YES,51744.0
INF-008,@wellnessmama_official,Instagram,412000,2026-12-13,ProBio+ Q7,YES,Ad: at beginning,beginning_of_caption,150137,4.05,2787,36,1604.77,Supports immune and digestive health,YES,NO,0.0
INF-009,@holistichealthguru,YouTube,88000,2026-12-10,ProBio+ Q7,YES,Verbal+on-screen first 30s,beginning_of_video,31576,2.73,588,15,600.24,Clinically inspired probiotic formula supports wellness,YES,NO,0.0
INF-010,@fitfoodienutritionist,Instagram,55000,2026-12-07,ProBio+ Q7,YES,#ad at beginning,beginning_of_caption,8563,3.24,127,5,215.17,Supports digestive comfort,YES,NO,0.0
INF-001,@drwellnessnetwork,Instagram,285000,2026-12-17,ProBio+ Q7,NO,none,none,52256,3.73,1014,13,547.16,Clinically demonstrated to support immune function,NO,YES,51744.0
INF-002,@healthcoach_jay,TikTok,42000,2026-12-20,ProBio+ Q7,NO,#giftedpartnership at hashtag end,end_of_caption,14147,2.22,230,6,256.02,May help support immune health,NO,YES,51744.0
INF-003,@nutritionbyjessica,Instagram,67500,2026-12-19,ProBio+ Q7,YES,Ad: at beginning,beginning_of_caption,20561,3.42,321,8,344.51,Supports digestive wellness based on probiotic blend,YES,NO,0.0
INF-004,@fitnesswithmark,YouTube,125000,2026-12-15,ProBio+ Q7,YES,Verbal+on-screen first 30s,beginning_of_video,40149,3.06,819,23,961.24,B-vitamins support energy metabolism,YES,NO,0.0
INF-005,@momlifewellness,Instagram,38000,2026-12-18,ProBio+ Q7,YES,#ad at beginning,beginning_of_caption,11902,7.07,507,6,266.14,Supports immune health naturally,YES,NO,0.0
INF-006,@doctordave_wellness,Instagram,198000,2026-12-14,ProBio+ Q7,NO,none,none,67458,8.37,2831,35,1537.64,Doctor recommended for immune function,NO,YES,51744.0
INF-007,@probioticlover,TikTok,28000,2026-12-16,ProBio+ Q7,NO,buried in hashtags,end_of_caption,6225,6.2,170,5,218.87,May help support gut health,NO,YES,51744.0
INF-008,@wellnessmama_official,Instagram,412000,2026-12-15,ProBio+ Q7,YES,Ad: at beginning,beginning_of_caption,67279,5.46,2664,47,2062.63,Supports immune and digestive health,YES,NO,0.0
INF-009,@holistichealthguru,YouTube,88000,2026-12-17,ProBio+ Q7,YES,Verbal+on-screen first 30s,beginning_of_video,39093,5.01,926,15,653.55,Clinically inspired probiotic formula supports wellness,YES,NO,0.0
INF-010,@fitfoodienutritionist,Instagram,55000,2026-12-17,ProBio+ Q7,YES,#ad at beginning,beginning_of_caption,8860,3.15,199,8,332.54,Supports digestive comfort,YES,NO,0.0
INF-001,@drwellnessnetwork,Instagram,285000,2026-12-23,ProBio+ Q7,NO,none,none,86815,8.43,4517,91,3981.84,Clinically demonstrated to support immune function,NO,YES,51744.0
INF-002,@healthcoach_jay,TikTok,42000,2026-12-22,ProBio+ Q7,NO,#giftedpartnership at hashtag end,end_of_caption,9904,7.58,314,10,413.56,May help support immune health,NO,YES,51744.0
INF-003,@nutritionbyjessica,Instagram,67500,2026-12-27,ProBio+ Q7,YES,Ad: at beginning,beginning_of_caption,17577,7.76,951,39,1635.01,Supports digestive wellness based on probiotic blend,YES,NO,0.0
INF-004,@fitnesswithmark,YouTube,125000,2026-12-22,ProBio+ Q7,YES,Verbal+on-screen first 30s,beginning_of_video,37357,5.13,1475,42,1847.82,B-vitamins support energy metabolism,YES,NO,0.0
INF-005,@momlifewellness,Instagram,38000,2026-12-26,ProBio+ Q7,YES,#ad at beginning,beginning_of_caption,10539,4.69,394,7,290.21,Supports immune health naturally,YES,NO,0.0
INF-006,@doctordave_wellness,Instagram,198000,2026-12-21,ProBio+ Q7,NO,none,none,34456,6.23,1121,35,1474.22,Doctor recommended for immune function,NO,YES,51744.0
INF-007,@probioticlover,TikTok,28000,2026-12-26,ProBio+ Q7,NO,buried in hashtags,end_of_caption,7928,4.8,262,11,473.71,May help support gut health,NO,YES,51744.0
INF-008,@wellnessmama_official,Instagram,412000,2026-12-24,ProBio+ Q7,YES,Ad: at beginning,beginning_of_caption,95735,8.37,6243,90,3885.98,Supports immune and digestive health,YES,NO,0.0
INF-009,@holistichealthguru,YouTube,88000,2026-12-23,ProBio+ Q7,YES,Verbal+on-screen first 30s,beginning_of_video,26745,6.82,846,11,486.57,Clinically inspired probiotic formula supports wellness,YES,NO,0.0
INF-010,@fitfoodienutritionist,Instagram,55000,2026-12-26,ProBio+ Q7,YES,#ad at beginning,beginning_of_caption,21141,2.03,183,6,250.93,Supports digestive comfort,YES,NO,0.0
INF-001,@drwellnessnetwork,Instagram,285000,2026-12-31,ProBio+ Q7,NO,none,none,123929,2.02,1154,30,1255.34,Clinically demonstrated to support immune function,NO,YES,51744.0
INF-002,@healthcoach_jay,TikTok,42000,2026-12-31,ProBio+ Q7,NO,#giftedpartnership at hashtag end,end_of_caption,15914,5.65,550,13,562.09,May help support immune health,NO,YES,51744.0
INF-003,@nutritionbyjessica,Instagram,67500,2026-12-29,ProBio+ Q7,YES,Ad: at beginning,beginning_of_caption,29575,1.97,276,8,356.46,Supports digestive wellness based on probiotic blend,YES,NO,0.0
INF-004,@fitnesswithmark,YouTube,125000,2026-12-28,ProBio+ Q7,YES,Verbal+on-screen first 30s,beginning_of_video,28566,3.54,585,26,1076.86,B-vitamins support energy metabolism,YES,NO,0.0
INF-005,@momlifewellness,Instagram,38000,2026-12-31,ProBio+ Q7,YES,#ad at beginning,beginning_of_caption,7982,2.71,92,1,43.56,Supports immune health naturally,YES,NO,0.0
INF-006,@doctordave_wellness,Instagram,198000,2026-12-28,ProBio+ Q7,NO,none,none,77844,8.28,5121,174,7575.56,Doctor recommended for immune function,NO,YES,51744.0
INF-007,@probioticlover,TikTok,28000,2027-01-01,ProBio+ Q7,NO,buried in hashtags,end_of_caption,8754,7.77,503,17,758.65,May help support gut health,NO,YES,51744.0
INF-008,@wellnessmama_official,Instagram,412000,2027-01-02,ProBio+ Q7,YES,Ad: at beginning,beginning_of_caption,83317,4.22,1721,76,3340.22,Supports immune and digestive health,YES,NO,0.0
INF-009,@holistichealthguru,YouTube,88000,2026-12-29,ProBio+ Q7,YES,Verbal+on-screen first 30s,beginning_of_video,34065,1.98,419,10,440.08,Clinically inspired probiotic formula supports wellness,YES,NO,0.0
INF-010,@fitfoodienutritionist,Instagram,55000,2027-01-01,ProBio+ Q7,YES,#ad at beginning,beginning_of_caption,10391,7.72,341,8,348.6,Supports digestive comfort,YES,NO,0.0
INF-001,@drwellnessnetwork,Instagram,285000,2027-01-07,ProBio+ Q8,NO,none,none,87696,6.95,4445,64,2870.52,Clinically demonstrated to support immune function,NO,YES,51744.0
INF-002,@healthcoach_jay,TikTok,42000,2027-01-09,ProBio+ Q8,NO,#giftedpartnership at hashtag end,end_of_caption,7234,4.92,216,3,132.41,May help support immune health,NO,YES,51744.0
INF-003,@nutritionbyjessica,Instagram,67500,2027-01-08,ProBio+ Q8,YES,Ad: at beginning,beginning_of_caption,23080,3.02,548,14,623.61,Supports digestive wellness based on probiotic blend,YES,NO,0.0
INF-004,@fitnesswithmark,YouTube,125000,2027-01-04,ProBio+ Q8,YES,Verbal+on-screen first 30s,beginning_of_video,49927,5.27,1372,23,1027.26,B-vitamins support energy metabolism,YES,NO,0.0
INF-005,@momlifewellness,Instagram,38000,2027-01-05,ProBio+ Q8,YES,#ad at beginning,beginning_of_caption,9644,8.1,592,23,948.59,Supports immune health naturally,YES,NO,0.0
INF-006,@doctordave_wellness,Instagram,198000,2027-01-09,ProBio+ Q8,NO,none,none,86507,3.64,2046,66,2670.17,Doctor recommended for immune function,NO,YES,51744.0
INF-007,@probioticlover,TikTok,28000,2027-01-09,ProBio+ Q8,NO,buried in hashtags,end_of_caption,5616,8.11,210,7,305.15,May help support gut health,NO,YES,51744.0
INF-008,@wellnessmama_official,Instagram,412000,2027-01-08,ProBio+ Q8,YES,Ad: at beginning,beginning_of_caption,103529,7.99,3445,139,5615.06,Supports immune and digestive health,YES,NO,0.0
INF-009,@holistichealthguru,YouTube,88000,2027-01-09,ProBio+ Q8,YES,Verbal+on-screen first 30s,beginning_of_video,33554,3.57,580,17,732.37,Clinically inspired probiotic formula supports wellness,YES,NO,0.0
INF-010,@fitfoodienutritionist,Instagram,55000,2027-01-04,ProBio+ Q8,YES,#ad at beginning,beginning_of_caption,16467,6.0,509,22,932.9,Supports digestive comfort,YES,NO,0.0
INF-001,@drwellnessnetwork,Instagram,285000,2027-01-17,ProBio+ Q8,NO,none,none,111778,4.52,2937,101,4118.82,Clinically demonstrated to support immune function,NO,YES,51744.0
INF-002,@healthcoach_jay,TikTok,42000,2027-01-14,ProBio+ Q8,NO,#giftedpartnership at hashtag end,end_of_caption,12401,3.17,252,5,217.91,May help support immune health,NO,YES,51744.0
INF-003,@nutritionbyjessica,Instagram,67500,2027-01-16,ProBio+ Q8,YES,Ad: at beginning,beginning_of_caption,30132,4.11,692,25,1064.12,Supports digestive wellness based on probiotic blend,YES,NO,0.0
INF-004,@fitnesswithmark,YouTube,125000,2027-01-11,ProBio+ Q8,YES,Verbal+on-screen first 30s,beginning_of_video,30716,4.93,767,15,607.11,B-vitamins support energy metabolism,YES,NO,0.0
INF-005,@momlifewellness,Instagram,38000,2027-01-13,ProBio+ Q8,YES,#ad at beginning,beginning_of_caption,16477,7.59,709,31,1379.55,Supports immune health naturally,YES,NO,0.0
INF-006,@doctordave_wellness,Instagram,198000,2027-01-17,ProBio+ Q8,NO,none,none,49149,5.67,1463,54,2293.99,Doctor recommended for immune function,NO,YES,51744.0
INF-007,@probioticlover,TikTok,28000,2027-01-15,ProBio+ Q8,NO,buried in hashtags,end_of_caption,8121,7.69,374,5,209.78,May help support gut health,NO,YES,51744.0
INF-008,@wellnessmama_official,Instagram,412000,2027-01-14,ProBio+ Q8,YES,Ad: at beginning,beginning_of_caption,181282,3.24,3178,43,1825.97,Supports immune and digestive health,YES,NO,0.0
INF-009,@holistichealthguru,YouTube,88000,2027-01-17,ProBio+ Q8,YES,Verbal+on-screen first 30s,beginning_of_video,30472,4.95,927,37,1559.35,Clinically inspired probiotic formula supports wellness,YES,NO,0.0
INF-010,@fitfoodienutritionist,Instagram,55000,2027-01-13,ProBio+ Q8,YES,#ad at beginning,beginning_of_caption,20253,6.92,765,19,813.99,Supports digestive comfort,YES,NO,0.0
INF-001,@drwellnessnetwork,Instagram,285000,2027-01-19,ProBio+ Q8,NO,none,none,73745,3.73,1525,40,1709.57,Clinically demonstrated to support immune function,NO,YES,51744.0
INF-002,@healthcoach_jay,TikTok,42000,2027-01-24,ProBio+ Q8,NO,#giftedpartnership at hashtag end,end_of_caption,18762,6.36,534,23,965.07,May help support immune health,NO,YES,51744.0
INF-003,@nutritionbyjessica,Instagram,67500,2027-01-24,ProBio+ Q8,YES,Ad: at beginning,beginning_of_caption,30107,5.54,911,15,645.03,Supports digestive wellness based on probiotic blend,YES,NO,0.0
INF-004,@fitnesswithmark,YouTube,125000,2027-01-21,ProBio+ Q8,YES,Verbal+on-screen first 30s,beginning_of_video,37502,2.1,358,8,338.87,B-vitamins support energy metabolism,YES,NO,0.0
INF-005,@momlifewellness,Instagram,38000,2027-01-21,ProBio+ Q8,YES,#ad at beginning,beginning_of_caption,7397,7.78,262,11,457.41,Supports immune health naturally,YES,NO,0.0
INF-006,@doctordave_wellness,Instagram,198000,2027-01-21,ProBio+ Q8,NO,none,none,88542,6.75,3105,71,3133.33,Doctor recommended for immune function,NO,YES,51744.0
INF-007,@probioticlover,TikTok,28000,2027-01-22,ProBio+ Q8,NO,buried in hashtags,end_of_caption,8314,5.57,273,3,124.94,May help support gut health,NO,YES,51744.0
INF-008,@wellnessmama_official,Instagram,412000,2027-01-18,ProBio+ Q8,YES,Ad: at beginning,beginning_of_caption,182915,5.71,7506,269,11682.73,Supports immune and digestive health,YES,NO,0.0
INF-009,@holistichealthguru,YouTube,88000,2027-01-18,ProBio+ Q8,YES,Verbal+on-screen first 30s,beginning_of_video,28958,3.58,686,30,1286.47,Clinically inspired probiotic formula supports wellness,YES,NO,0.0
INF-010,@fitfoodienutritionist,Instagram,55000,2027-01-19,ProBio+ Q8,YES,#ad at beginning,beginning_of_caption,20153,5.71,538,17,732.51,Supports digestive comfort,YES,NO,0.0
INF-001,@drwellnessnetwork,Instagram,285000,2027-01-31,ProBio+ Q8,NO,none,none,75256,7.31,2733,84,3653.38,Clinically demonstrated to support immune function,NO,YES,51744.0
INF-002,@healthcoach_jay,TikTok,42000,2027-01-26,ProBio+ Q8,NO,#giftedpartnership at hashtag end,end_of_caption,6538,3.9,117,4,168.17,May help support immune health,NO,YES,51744.0
INF-003,@nutritionbyjessica,Instagram,67500,2027-01-31,ProBio+ Q8,YES,Ad: at beginning,beginning_of_caption,22507,4.96,825,29,1262.05,Supports digestive wellness based on probiotic blend,YES,NO,0.0
INF-004,@fitnesswithmark,YouTube,125000,2027-01-29,ProBio+ Q8,YES,Verbal+on-screen first 30s,beginning_of_video,26525,3.98,701,20,831.18,B-vitamins support energy metabolism,YES,NO,0.0
INF-005,@momlifewellness,Instagram,38000,2027-01-26,ProBio+ Q8,YES,#ad at beginning,beginning_of_caption,10940,5.37,363,12,531.94,Supports immune health naturally,YES,NO,0.0
INF-006,@doctordave_wellness,Instagram,198000,2027-01-30,ProBio+ Q8,NO,none,none,67912,6.45,2821,51,2102.35,Doctor recommended for immune function,NO,YES,51744.0
INF-007,@probioticlover,TikTok,28000,2027-01-29,ProBio+ Q8,NO,buried in hashtags,end_of_caption,6707,8.11,431,16,696.23,May help support gut health,NO,YES,51744.0
INF-008,@wellnessmama_official,Instagram,412000,2027-01-30,ProBio+ Q8,YES,Ad: at beginning,beginning_of_caption,148936,3.92,3149,134,5891.58,Supports immune and digestive health,YES,NO,0.0
INF-009,@holistichealthguru,YouTube,88000,2027-01-27,ProBio+ Q8,YES,Verbal+on-screen first 30s,beginning_of_video,20797,5.64,724,30,1258.88,Clinically inspired probiotic formula supports wellness,YES,NO,0.0
INF-010,@fitfoodienutritionist,Instagram,55000,2027-01-27,ProBio+ Q8,YES,#ad at beginning,beginning_of_caption,24001,7.19,890,19,827.65,Supports digestive comfort,YES,NO,0.0
INF-001,@drwellnessnetwork,Instagram,285000,2027-02-03,ProBio+ Q9,NO,none,none,121752,6.2,5276,100,4412.98,Clinically demonstrated to support immune function,NO,YES,51744.0
INF-002,@healthcoach_jay,TikTok,42000,2027-02-03,ProBio+ Q9,NO,#giftedpartnership at hashtag end,end_of_caption,18056,6.46,530,17,729.71,May help support immune health,NO,YES,51744.0
INF-003,@nutritionbyjessica,Instagram,67500,2027-02-02,ProBio+ Q9,YES,Ad: at beginning,beginning_of_caption,11152,7.86,429,8,323.93,Supports digestive wellness based on probiotic blend,YES,NO,0.0
INF-004,@fitnesswithmark,YouTube,125000,2027-02-03,ProBio+ Q9,YES,Verbal+on-screen first 30s,beginning_of_video,45650,2.47,798,9,384.68,B-vitamins support energy metabolism,YES,NO,0.0
INF-005,@momlifewellness,Instagram,38000,2027-02-02,ProBio+ Q9,YES,#ad at beginning,beginning_of_caption,10338,8.06,626,17,696.78,Supports immune health naturally,YES,NO,0.0
INF-006,@doctordave_wellness,Instagram,198000,2027-02-03,ProBio+ Q9,NO,none,none,48777,6.13,2281,34,1457.26,Doctor recommended for immune function,NO,YES,51744.0
INF-007,@probioticlover,TikTok,28000,2027-02-05,ProBio+ Q9,NO,buried in hashtags,end_of_caption,10404,7.5,323,13,547.03,May help support gut health,NO,YES,51744.0
INF-008,@wellnessmama_official,Instagram,412000,2027-02-07,ProBio+ Q9,YES,Ad: at beginning,beginning_of_caption,83527,7.96,5311,133,5648.1,Supports immune and digestive health,YES,NO,0.0
INF-009,@holistichealthguru,YouTube,88000,2027-02-06,ProBio+ Q9,YES,Verbal+on-screen first 30s,beginning_of_video,38600,8.0,2318,28,1199.23,Clinically inspired probiotic formula supports wellness,YES,NO,0.0
INF-010,@fitfoodienutritionist,Instagram,55000,2027-02-01,ProBio+ Q9,YES,#ad at beginning,beginning_of_caption,23569,4.04,553,18,767.01,Supports digestive comfort,YES,NO,0.0
INF-001,@drwellnessnetwork,Instagram,285000,2027-02-09,ProBio+ Q9,NO,none,none,115515,4.94,2722,42,1713.7,Clinically demonstrated to support immune function,NO,YES,51744.0
INF-002,@healthcoach_jay,TikTok,42000,2027-02-11,ProBio+ Q9,NO,#giftedpartnership at hashtag end,end_of_caption,14468,6.61,387,8,331.72,May help support immune health,NO,YES,51744.0
INF-003,@nutritionbyjessica,Instagram,67500,2027-02-13,ProBio+ Q9,YES,Ad: at beginning,beginning_of_caption,25459,2.98,563,23,1014.87,Supports digestive wellness based on probiotic blend,YES,NO,0.0
INF-004,@fitnesswithmark,YouTube,125000,2027-02-12,ProBio+ Q9,YES,Verbal+on-screen first 30s,beginning_of_video,31047,4.49,610,27,1144.19,B-vitamins support energy metabolism,YES,NO,0.0
INF-005,@momlifewellness,Instagram,38000,2027-02-09,ProBio+ Q9,YES,#ad at beginning,beginning_of_caption,5777,4.37,146,3,124.91,Supports immune health naturally,YES,NO,0.0
INF-006,@doctordave_wellness,Instagram,198000,2027-02-12,ProBio+ Q9,NO,none,none,72639,1.88,903,31,1249.32,Doctor recommended for immune function,NO,YES,51744.0
INF-007,@probioticlover,TikTok,28000,2027-02-08,ProBio+ Q9,NO,buried in hashtags,end_of_caption,8109,2.87,156,6,266.57,May help support gut health,NO,YES,51744.0
INF-008,@wellnessmama_official,Instagram,412000,2027-02-14,ProBio+ Q9,YES,Ad: at beginning,beginning_of_caption,100236,2.59,1989,43,1851.71,Supports immune and digestive health,YES,NO,0.0
INF-009,@holistichealthguru,YouTube,88000,2027-02-09,ProBio+ Q9,YES,Verbal+on-screen first 30s,beginning_of_video,38474,5.0,1119,49,2051.05,Clinically inspired probiotic formula supports wellness,YES,NO,0.0
INF-010,@fitfoodienutritionist,Instagram,55000,2027-02-13,ProBio+ Q9,YES,#ad at beginning,beginning_of_caption,17312,4.95,527,17,698.39,Supports digestive comfort,YES,NO,0.0
INF-001,@drwellnessnetwork,Instagram,285000,2027-02-16,ProBio+ Q9,NO,none,none,100919,5.79,4177,122,5200.97,Clinically demonstrated to support immune function,NO,YES,51744.0
INF-002,@healthcoach_jay,TikTok,42000,2027-02-17,ProBio+ Q9,NO,#giftedpartnership at hashtag end,end_of_caption,7284,5.58,172,5,212.59,May help support immune health,NO,YES,51744.0
INF-003,@nutritionbyjessica,Instagram,67500,2027-02-19,ProBio+ Q9,YES,Ad: at beginning,beginning_of_caption,20992,2.9,451,11,477.31,Supports digestive wellness based on probiotic blend,YES,NO,0.0
INF-004,@fitnesswithmark,YouTube,125000,2027-02-20,ProBio+ Q9,YES,Verbal+on-screen first 30s,beginning_of_video,40618,2.41,591,22,929.66,B-vitamins support energy metabolism,YES,NO,0.0
INF-005,@momlifewellness,Instagram,38000,2027-02-19,ProBio+ Q9,YES,#ad at beginning,beginning_of_caption,10435,5.58,363,12,498.37,Supports immune health naturally,YES,NO,0.0
INF-006,@doctordave_wellness,Instagram,198000,2027-02-15,ProBio+ Q9,NO,none,none,53219,7.27,2701,83,3337.97,Doctor recommended for immune function,NO,YES,51744.0
INF-007,@probioticlover,TikTok,28000,2027-02-17,ProBio+ Q9,NO,buried in hashtags,end_of_caption,10083,5.43,232,9,404.29,May help support gut health,NO,YES,51744.0
INF-008,@wellnessmama_official,Instagram,412000,2027-02-18,ProBio+ Q9,YES,Ad: at beginning,beginning_of_caption,65722,4.54,2111,78,3500.77,Supports immune and digestive health,YES,NO,0.0
INF-009,@holistichealthguru,YouTube,88000,2027-02-20,ProBio+ Q9,YES,Verbal+on-screen first 30s,beginning_of_video,38643,4.31,1260,33,1470.99,Clinically inspired probiotic formula supports wellness,YES,NO,0.0
INF-010,@fitfoodienutritionist,Instagram,55000,2027-02-18,ProBio+ Q9,YES,#ad at beginning,beginning_of_caption,14448,6.37,611,18,778.64,Supports digestive comfort,YES,NO,0.0
INF-001,@drwellnessnetwork,Instagram,285000,2027-02-24,ProBio+ Q9,NO,none,none,52893,8.45,2490,40,1795.34,Clinically demonstrated to support immune function,NO,YES,51744.0
INF-002,@healthcoach_jay,TikTok,42000,2027-02-28,ProBio+ Q9,NO,#giftedpartnership at hashtag end,end_of_caption,6343,1.95,64,2,85.42,May help support immune health,NO,YES,51744.0
INF-003,@nutritionbyjessica,Instagram,67500,2027-02-26,ProBio+ Q9,YES,Ad: at beginning,beginning_of_caption,17805,3.34,347,5,204.66,Supports digestive wellness based on probiotic blend,YES,NO,0.0
INF-004,@fitnesswithmark,YouTube,125000,2027-02-27,ProBio+ Q9,YES,Verbal+on-screen first 30s,beginning_of_video,47455,2.02,636,20,893.42,B-vitamins support energy metabolism,YES,NO,0.0
INF-005,@momlifewellness,Instagram,38000,2027-02-22,ProBio+ Q9,YES,#ad at beginning,beginning_of_caption,8443,2.25,121,3,130.05,Supports immune health naturally,YES,NO,0.0
INF-006,@doctordave_wellness,Instagram,198000,2027-02-28,ProBio+ Q9,NO,none,none,32591,6.76,1235,24,985.83,Doctor recommended for immune function,NO,YES,51744.0
INF-007,@probioticlover,TikTok,28000,2027-02-28,ProBio+ Q9,NO,buried in hashtags,end_of_caption,10718,2.74,234,4,178.29,May help support gut health,NO,YES,51744.0
INF-008,@wellnessmama_official,Instagram,412000,2027-02-26,ProBio+ Q9,YES,Ad: at beginning,beginning_of_caption,101216,5.81,3934,88,3651.9,Supports immune and digestive health,YES,NO,0.0
INF-009,@holistichealthguru,YouTube,88000,2027-02-23,ProBio+ Q9,YES,Verbal+on-screen first 30s,beginning_of_video,39222,5.29,1173,24,1026.57,Clinically inspired probiotic formula supports wellness,YES,NO,0.0
INF-010,@fitfoodienutritionist,Instagram,55000,2027-02-26,ProBio+ Q9,YES,#ad at beginning,beginning_of_caption,22765,7.91,1171,30,1274.04,Supports digestive comfort,YES,NO,0.0
INF-001,@drwellnessnetwork,Instagram,285000,2027-03-03,ProBio+ Q10,NO,none,none,123255,6.3,5546,124,5216.88,Clinically demonstrated to support immune function,NO,YES,51744.0
INF-002,@healthcoach_jay,TikTok,42000,2027-03-02,ProBio+ Q10,NO,#giftedpartnership at hashtag end,end_of_caption,10078,3.03,187,3,123.35,May help support immune health,NO,YES,51744.0
INF-003,@nutritionbyjessica,Instagram,67500,2027-03-07,ProBio+ Q10,YES,Ad: at beginning,beginning_of_caption,24453,7.2,1348,41,1837.99,Supports digestive wellness based on probiotic blend,YES,NO,0.0
INF-004,@fitnesswithmark,YouTube,125000,2027-03-05,ProBio+ Q10,YES,Verbal+on-screen first 30s,beginning_of_video,38624,4.4,853,19,767.32,B-vitamins support energy metabolism,YES,NO,0.0
INF-005,@momlifewellness,Instagram,38000,2027-03-04,ProBio+ Q10,YES,#ad at beginning,beginning_of_caption,15357,2.42,256,4,165.33,Supports immune health naturally,YES,NO,0.0
INF-006,@doctordave_wellness,Instagram,198000,2027-03-06,ProBio+ Q10,NO,none,none,65635,2.06,580,22,944.41,Doctor recommended for immune function,NO,YES,51744.0
INF-007,@probioticlover,TikTok,28000,2027-03-06,ProBio+ Q10,NO,buried in hashtags,end_of_caption,8894,5.01,333,7,313.43,May help support gut health,NO,YES,51744.0
INF-008,@wellnessmama_official,Instagram,412000,2027-03-01,ProBio+ Q10,YES,Ad: at beginning,beginning_of_caption,87979,3.07,1881,68,2975.79,Supports immune and digestive health,YES,NO,0.0
INF-009,@holistichealthguru,YouTube,88000,2027-03-02,ProBio+ Q10,YES,Verbal+on-screen first 30s,beginning_of_video,31564,6.52,1149,22,915.16,Clinically inspired probiotic formula supports wellness,YES,NO,0.0
INF-010,@fitfoodienutritionist,Instagram,55000,2027-03-03,ProBio+ Q10,YES,#ad at beginning,beginning_of_caption,14530,5.38,425,8,340.43,Supports digestive comfort,YES,NO,0.0
INF-001,@drwellnessnetwork,Instagram,285000,2027-03-11,ProBio+ Q10,NO,none,none,82593,7.18,4085,151,6280.27,Clinically demonstrated to support immune function,NO,YES,51744.0
INF-002,@healthcoach_jay,TikTok,42000,2027-03-09,ProBio+ Q10,NO,#giftedpartnership at hashtag end,end_of_caption,10970,4.57,313,6,244.32,May help support immune health,NO,YES,51744.0
INF-003,@nutritionbyjessica,Instagram,67500,2027-03-10,ProBio+ Q10,YES,Ad: at beginning,beginning_of_caption,21329,5.71,837,18,737.48,Supports digestive wellness based on probiotic blend,YES,NO,0.0
INF-004,@fitnesswithmark,YouTube,125000,2027-03-09,ProBio+ Q10,YES,Verbal+on-screen first 30s,beginning_of_video,32993,7.38,1460,49,2127.3,B-vitamins support energy metabolism,YES,NO,0.0
INF-005,@momlifewellness,Instagram,38000,2027-03-10,ProBio+ Q10,YES,#ad at beginning,beginning_of_caption,14402,5.07,503,18,761.29,Supports immune health naturally,YES,NO,0.0
INF-006,@doctordave_wellness,Instagram,198000,2027-03-13,ProBio+ Q10,NO,none,none,76921,2.93,1550,43,1916.7,Doctor recommended for immune function,NO,YES,51744.0
INF-007,@probioticlover,TikTok,28000,2027-03-12,ProBio+ Q10,NO,buried in hashtags,end_of_caption,12518,8.21,626,24,968.68,May help support gut health,NO,YES,51744.0
INF-008,@wellnessmama_official,Instagram,412000,2027-03-14,ProBio+ Q10,YES,Ad: at beginning,beginning_of_caption,144391,6.92,5644,224,9216.97,Supports immune and digestive health,YES,NO,0.0
INF-009,@holistichealthguru,YouTube,88000,2027-03-13,ProBio+ Q10,YES,Verbal+on-screen first 30s,beginning_of_video,17187,3.27,327,4,172.71,Clinically inspired probiotic formula supports wellness,YES,NO,0.0
INF-010,@fitfoodienutritionist,Instagram,55000,2027-03-12,ProBio+ Q10,YES,#ad at beginning,beginning_of_caption,23310,6.22,589,17,714.79,Supports digestive comfort,YES,NO,0.0
INF-001,@drwellnessnetwork,Instagram,285000,2027-03-15,ProBio+ Q10,NO,none,none,88015,3.64,2534,31,1365.73,Clinically demonstrated to support immune function,NO,YES,51744.0
INF-002,@healthcoach_jay,TikTok,42000,2027-03-20,ProBio+ Q10,NO,#giftedpartnership at hashtag end,end_of_caption,11725,8.1,447,18,767.01,May help support immune health,NO,YES,51744.0
INF-003,@nutritionbyjessica,Instagram,67500,2027-03-16,ProBio+ Q10,YES,Ad: at beginning,beginning_of_caption,14011,5.33,542,11,461.72,Supports digestive wellness based on probiotic blend,YES,NO,0.0
INF-004,@fitnesswithmark,YouTube,125000,2027-03-17,ProBio+ Q10,YES,Verbal+on-screen first 30s,beginning_of_video,54723,4.88,1327,46,1908.53,B-vitamins support energy metabolism,YES,NO,0.0
INF-005,@momlifewellness,Instagram,38000,2027-03-21,ProBio+ Q10,YES,#ad at beginning,beginning_of_caption,15365,6.18,705,26,1051.9,Supports immune health naturally,YES,NO,0.0
INF-006,@doctordave_wellness,Instagram,198000,2027-03-18,ProBio+ Q10,NO,none,none,52103,4.99,1702,59,2383.8,Doctor recommended for immune function,NO,YES,51744.0
INF-007,@probioticlover,TikTok,28000,2027-03-21,ProBio+ Q10,NO,buried in hashtags,end_of_caption,7844,7.06,346,13,526.07,May help support gut health,NO,YES,51744.0
INF-008,@wellnessmama_official,Instagram,412000,2027-03-19,ProBio+ Q10,YES,Ad: at beginning,beginning_of_caption,175407,3.34,4455,155,6637.71,Supports immune and digestive health,YES,NO,0.0
INF-009,@holistichealthguru,YouTube,88000,2027-03-17,ProBio+ Q10,YES,Verbal+on-screen first 30s,beginning_of_video,14429,2.3,255,10,428.08,Clinically inspired probiotic formula supports wellness,YES,NO,0.0
INF-010,@fitfoodienutritionist,Instagram,55000,2027-03-15,ProBio+ Q10,YES,#ad at beginning,beginning_of_caption,11209,7.5,341,6,244.27,Supports digestive comfort,YES,NO,0.0
INF-001,@drwellnessnetwork,Instagram,285000,2027-03-28,ProBio+ Q10,NO,none,none,103686,4.47,1996,34,1400.54,Clinically demonstrated to support immune function,NO,YES,51744.0
INF-002,@healthcoach_jay,TikTok,42000,2027-03-28,ProBio+ Q10,NO,#giftedpartnership at hashtag end,end_of_caption,17002,6.34,664,16,699.02,May help support immune health,NO,YES,51744.0
INF-003,@nutritionbyjessica,Instagram,67500,2027-03-28,ProBio+ Q10,YES,Ad: at beginning,beginning_of_caption,30141,6.65,1203,53,2133.7,Supports digestive wellness based on probiotic blend,YES,NO,0.0
INF-004,@fitnesswithmark,YouTube,125000,2027-03-25,ProBio+ Q10,YES,Verbal+on-screen first 30s,beginning_of_video,27455,2.31,407,13,558.58,B-vitamins support energy metabolism,YES,NO,0.0
INF-005,@momlifewellness,Instagram,38000,2027-03-28,ProBio+ Q10,YES,#ad at beginning,beginning_of_caption,9420,6.05,406,10,411.31,Supports immune health naturally,YES,NO,0.0
INF-006,@doctordave_wellness,Instagram,198000,2027-03-26,ProBio+ Q10,NO,none,none,85603,4.69,2697,91,3678.08,Doctor recommended for immune function,NO,YES,51744.0
INF-007,@probioticlover,TikTok,28000,2027-03-26,ProBio+ Q10,NO,buried in hashtags,end_of_caption,6681,3.45,98,2,83.78,May help support gut health,NO,YES,51744.0
INF-008,@wellnessmama_official,Instagram,412000,2027-03-28,ProBio+ Q10,YES,Ad: at beginning,beginning_of_caption,140150,6.76,4989,77,3081.23,Supports immune and digestive health,YES,NO,0.0
INF-009,@holistichealthguru,YouTube,88000,2027-03-24,ProBio+ Q10,YES,Verbal+on-screen first 30s,beginning_of_video,24941,6.9,758,11,463.59,Clinically inspired probiotic formula supports wellness,YES,NO,0.0
INF-010,@fitfoodienutritionist,Instagram,55000,2027-03-26,ProBio+ Q10,YES,#ad at beginning,beginning_of_caption,17403,4.53,323,7,283.19,Supports digestive comfort,YES,NO,0.0
INF-001,@drwellnessnetwork,Instagram,285000,2027-04-02,ProBio+ Q11,NO,none,none,109819,7.59,3375,86,3774.18,Clinically demonstrated to support immune function,NO,YES,51744.0
INF-002,@healthcoach_jay,TikTok,42000,2027-04-03,ProBio+ Q11,NO,#giftedpartnership at hashtag end,end_of_caption,17654,7.86,1097,33,1347.65,May help support immune health,NO,YES,51744.0
INF-003,@nutritionbyjessica,Instagram,67500,2027-04-01,ProBio+ Q11,YES,Ad: at beginning,beginning_of_caption,13557,3.6,247,4,163.3,Supports digestive wellness based on probiotic blend,YES,NO,0.0
INF-004,@fitnesswithmark,YouTube,125000,2027-03-31,ProBio+ Q11,YES,Verbal+on-screen first 30s,beginning_of_video,34541,5.04,749,15,618.34,B-vitamins support energy metabolism,YES,NO,0.0
INF-005,@momlifewellness,Instagram,38000,2027-04-03,ProBio+ Q11,YES,#ad at beginning,beginning_of_caption,11352,5.93,392,6,240.14,Supports immune health naturally,YES,NO,0.0
INF-006,@doctordave_wellness,Instagram,198000,2027-04-01,ProBio+ Q11,NO,none,none,49433,5.96,2126,48,1999.86,Doctor recommended for immune function,NO,YES,51744.0
INF-007,@probioticlover,TikTok,28000,2027-04-04,ProBio+ Q11,NO,buried in hashtags,end_of_caption,11117,6.16,436,9,387.05,May help support gut health,NO,YES,51744.0
INF-008,@wellnessmama_official,Instagram,412000,2027-04-03,ProBio+ Q11,YES,Ad: at beginning,beginning_of_caption,86625,3.91,2661,116,4807.88,Supports immune and digestive health,YES,NO,0.0
INF-009,@holistichealthguru,YouTube,88000,2027-04-03,ProBio+ Q11,YES,Verbal+on-screen first 30s,beginning_of_video,29908,8.28,1765,40,1655.66,Clinically inspired probiotic formula supports wellness,YES,NO,0.0
INF-010,@fitfoodienutritionist,Instagram,55000,2027-04-04,ProBio+ Q11,YES,#ad at beginning,beginning_of_caption,14733,2.56,235,7,299.03,Supports digestive comfort,YES,NO,0.0
INF-001,@drwellnessnetwork,Instagram,285000,2027-04-10,ProBio+ Q11,NO,none,none,108381,1.98,1482,63,2585.41,Clinically demonstrated to support immune function,NO,YES,51744.0
INF-002,@healthcoach_jay,TikTok,42000,2027-04-11,ProBio+ Q11,NO,#giftedpartnership at hashtag end,end_of_caption,9970,6.44,467,17,714.61,May help support immune health,NO,YES,51744.0
INF-003,@nutritionbyjessica,Instagram,67500,2027-04-08,ProBio+ Q11,YES,Ad: at beginning,beginning_of_caption,12943,3.83,248,4,168.42,Supports digestive wellness based on probiotic blend,YES,NO,0.0
INF-004,@fitnesswithmark,YouTube,125000,2027-04-08,ProBio+ Q11,YES,Verbal+on-screen first 30s,beginning_of_video,21523,8.44,1074,27,1148.12,B-vitamins support energy metabolism,YES,NO,0.0
INF-005,@momlifewellness,Instagram,38000,2027-04-11,ProBio+ Q11,YES,#ad at beginning,beginning_of_caption,13585,5.44,529,12,533.61,Supports immune health naturally,YES,NO,0.0
INF-006,@doctordave_wellness,Instagram,198000,2027-04-09,ProBio+ Q11,NO,none,none,64972,7.93,2286,46,1992.42,Doctor recommended for immune function,NO,YES,51744.0
INF-007,@probioticlover,TikTok,28000,2027-04-06,ProBio+ Q11,NO,buried in hashtags,end_of_caption,9634,2.1,160,5,209.94,May help support gut health,NO,YES,51744.0
INF-008,@wellnessmama_official,Instagram,412000,2027-04-11,ProBio+ Q11,YES,Ad: at beginning,beginning_of_caption,102785,7.13,3241,49,2013.9,Supports immune and digestive health,YES,NO,0.0
INF-009,@holistichealthguru,YouTube,88000,2027-04-10,ProBio+ Q11,YES,Verbal+on-screen first 30s,beginning_of_video,26896,5.69,964,25,1048.64,Clinically inspired probiotic formula supports wellness,YES,NO,0.0
INF-010,@fitfoodienutritionist,Instagram,55000,2027-04-11,ProBio+ Q11,YES,#ad at beginning,beginning_of_caption,19462,6.43,576,25,1060.1,Supports digestive comfort,YES,NO,0.0
INF-001,@drwellnessnetwork,Instagram,285000,2027-04-14,ProBio+ Q11,NO,none,none,78315,8.24,2880,123,5005.9,Clinically demonstrated to support immune function,NO,YES,51744.0
INF-002,@healthcoach_jay,TikTok,42000,2027-04-14,ProBio+ Q11,NO,#giftedpartnership at hashtag end,end_of_caption,10622,7.05,455,10,404.78,May help support immune health,NO,YES,51744.0
INF-003,@nutritionbyjessica,Instagram,67500,2027-04-17,ProBio+ Q11,YES,Ad: at beginning,beginning_of_caption,24234,3.94,496,19,770.74,Supports digestive wellness based on probiotic blend,YES,NO,0.0
INF-004,@fitnesswithmark,YouTube,125000,2027-04-18,ProBio+ Q11,YES,Verbal+on-screen first 30s,beginning_of_video,31615,2.53,575,24,1048.62,B-vitamins support energy metabolism,YES,NO,0.0
INF-005,@momlifewellness,Instagram,38000,2027-04-16,ProBio+ Q11,YES,#ad at beginning,beginning_of_caption,7688,2.87,137,5,205.75,Supports immune health naturally,YES,NO,0.0
INF-006,@doctordave_wellness,Instagram,198000,2027-04-15,ProBio+ Q11,NO,none,none,67107,3.05,1356,33,1441.34,Doctor recommended for immune function,NO,YES,51744.0
INF-007,@probioticlover,TikTok,28000,2027-04-13,ProBio+ Q11,NO,buried in hashtags,end_of_caption,7976,4.68,149,2,82.76,May help support gut health,NO,YES,51744.0
INF-008,@wellnessmama_official,Instagram,412000,2027-04-17,ProBio+ Q11,YES,Ad: at beginning,beginning_of_caption,161759,2.22,1582,64,2619.19,Supports immune and digestive health,YES,NO,0.0
INF-009,@holistichealthguru,YouTube,88000,2027-04-14,ProBio+ Q11,YES,Verbal+on-screen first 30s,beginning_of_video,18402,2.56,314,8,358.56,Clinically inspired probiotic formula supports wellness,YES,NO,0.0
INF-010,@fitfoodienutritionist,Instagram,55000,2027-04-14,ProBio+ Q11,YES,#ad at beginning,beginning_of_caption,18100,5.9,677,15,663.26,Supports digestive comfort,YES,NO,0.0
INF-001,@drwellnessnetwork,Instagram,285000,2027-04-23,ProBio+ Q11,NO,none,none,57501,6.31,2613,110,4723.49,Clinically demonstrated to support immune function,NO,YES,51744.0
INF-002,@healthcoach_jay,TikTok,42000,2027-04-24,ProBio+ Q11,NO,#giftedpartnership at hashtag end,end_of_caption,7987,2.59,108,1,43.46,May help support immune health,NO,YES,51744.0
INF-003,@nutritionbyjessica,Instagram,67500,2027-04-23,ProBio+ Q11,YES,Ad: at beginning,beginning_of_caption,17991,5.8,657,17,721.2,Supports digestive wellness based on probiotic blend,YES,NO,0.0
INF-004,@fitnesswithmark,YouTube,125000,2027-04-23,ProBio+ Q11,YES,Verbal+on-screen first 30s,beginning_of_video,44753,6.12,2190,66,2800.92,B-vitamins support energy metabolism,YES,NO,0.0
INF-005,@momlifewellness,Instagram,38000,2027-04-20,ProBio+ Q11,YES,#ad at beginning,beginning_of_caption,7832,7.44,377,15,671.24,Supports immune health naturally,YES,NO,0.0
INF-006,@doctordave_wellness,Instagram,198000,2027-04-22,ProBio+ Q11,NO,none,none,37810,7.26,2156,61,2590.36,Doctor recommended for immune function,NO,YES,51744.0
INF-007,@probioticlover,TikTok,28000,2027-04-24,ProBio+ Q11,NO,buried in hashtags,end_of_caption,8330,6.56,315,5,214.08,May help support gut health,NO,YES,51744.0
INF-008,@wellnessmama_official,Instagram,412000,2027-04-25,ProBio+ Q11,YES,Ad: at beginning,beginning_of_caption,155866,3.76,2988,88,3593.13,Supports immune and digestive health,YES,NO,0.0
INF-009,@holistichealthguru,YouTube,88000,2027-04-22,ProBio+ Q11,YES,Verbal+on-screen first 30s,beginning_of_video,28133,6.98,1174,33,1414.17,Clinically inspired probiotic formula supports wellness,YES,NO,0.0
INF-010,@fitfoodienutritionist,Instagram,55000,2027-04-21,ProBio+ Q11,YES,#ad at beginning,beginning_of_caption,21039,7.32,842,32,1286.34,Supports digestive comfort,YES,NO,0.0
INF-001,@drwellnessnetwork,Instagram,285000,2027-05-01,ProBio+ Q12,NO,none,none,80486,3.26,1495,54,2335.95,Clinically demonstrated to support immune function,NO,YES,51744.0
INF-002,@healthcoach_jay,TikTok,42000,2027-04-27,ProBio+ Q12,NO,#giftedpartnership at hashtag end,end_of_caption,10051,8.5,495,11,484.81,May help support immune health,NO,YES,51744.0
INF-003,@nutritionbyjessica,Instagram,67500,2027-04-29,ProBio+ Q12,YES,Ad: at beginning,beginning_of_caption,27647,2.59,518,9,393.1,Supports digestive wellness based on probiotic blend,YES,NO,0.0
INF-004,@fitnesswithmark,YouTube,125000,2027-05-01,ProBio+ Q12,YES,Verbal+on-screen first 30s,beginning_of_video,31898,6.56,1366,23,935.78,B-vitamins support energy metabolism,YES,NO,0.0
INF-005,@momlifewellness,Instagram,38000,2027-04-27,ProBio+ Q12,YES,#ad at beginning,beginning_of_caption,14974,7.2,677,20,859.49,Supports immune health naturally,YES,NO,0.0
INF-006,@doctordave_wellness,Instagram,198000,2027-04-27,ProBio+ Q12,NO,none,none,48925,6.52,1645,34,1505.52,Doctor recommended for immune function,NO,YES,51744.0
INF-007,@probioticlover,TikTok,28000,2027-05-01,ProBio+ Q12,NO,buried in hashtags,end_of_caption,11047,2.71,209,5,201.43,May help support gut health,NO,YES,51744.0
INF-008,@wellnessmama_official,Instagram,412000,2027-04-28,ProBio+ Q12,YES,Ad: at beginning,beginning_of_caption,168967,2.65,3342,67,2917.65,Supports immune and digestive health,YES,NO,0.0
INF-009,@holistichealthguru,YouTube,88000,2027-05-02,ProBio+ Q12,YES,Verbal+on-screen first 30s,beginning_of_video,19735,7.45,819,13,560.98,Clinically inspired probiotic formula supports wellness,YES,NO,0.0
INF-010,@fitfoodienutritionist,Instagram,55000,2027-05-01,ProBio+ Q12,YES,#ad at beginning,beginning_of_caption,15084,4.83,476,19,768.65,Supports digestive comfort,YES,NO,0.0
INF-001,@drwellnessnetwork,Instagram,285000,2027-05-07,ProBio+ Q12,NO,none,none,106858,6.45,5175,139,5897.8,Clinically demonstrated to support immune function,NO,YES,51744.0
INF-002,@healthcoach_jay,TikTok,42000,2027-05-07,ProBio+ Q12,NO,#giftedpartnership at hashtag end,end_of_caption,6331,6.99,306,11,465.1,May help support immune health,NO,YES,51744.0
INF-003,@nutritionbyjessica,Instagram,67500,2027-05-08,ProBio+ Q12,YES,Ad: at beginning,beginning_of_caption,24245,7.5,1306,32,1434.58,Supports digestive wellness based on probiotic blend,YES,NO,0.0
INF-004,@fitnesswithmark,YouTube,125000,2027-05-09,ProBio+ Q12,YES,Verbal+on-screen first 30s,beginning_of_video,26694,3.6,702,16,686.07,B-vitamins support energy metabolism,YES,NO,0.0
INF-005,@momlifewellness,Instagram,38000,2027-05-07,ProBio+ Q12,YES,#ad at beginning,beginning_of_caption,15417,7.08,827,30,1206.59,Supports immune health naturally,YES,NO,0.0
INF-006,@doctordave_wellness,Instagram,198000,2027-05-08,ProBio+ Q12,NO,none,none,76263,4.88,1673,67,2827.16,Doctor recommended for immune function,NO,YES,51744.0
INF-007,@probioticlover,TikTok,28000,2027-05-03,ProBio+ Q12,NO,buried in hashtags,end_of_caption,12531,4.67,467,19,843.61,May help support gut health,NO,YES,51744.0
INF-008,@wellnessmama_official,Instagram,412000,2027-05-05,ProBio+ Q12,YES,Ad: at beginning,beginning_of_caption,81449,8.05,3341,112,4619.1,Supports immune and digestive health,YES,NO,0.0
INF-009,@holistichealthguru,YouTube,88000,2027-05-05,ProBio+ Q12,YES,Verbal+on-screen first 30s,beginning_of_video,30743,6.15,795,25,1090.5,Clinically inspired probiotic formula supports wellness,YES,NO,0.0
INF-010,@fitfoodienutritionist,Instagram,55000,2027-05-09,ProBio+ Q12,YES,#ad at beginning,beginning_of_caption,12113,6.19,510,6,254.24,Supports digestive comfort,YES,NO,0.0
INF-001,@drwellnessnetwork,Instagram,285000,2027-05-11,ProBio+ Q12,NO,none,none,93509,5.28,2853,34,1418.07,Clinically demonstrated to support immune function,NO,YES,51744.0
INF-002,@healthcoach_jay,TikTok,42000,2027-05-10,ProBio+ Q12,NO,#giftedpartnership at hashtag end,end_of_caption,18750,4.63,393,5,209.53,May help support immune health,NO,YES,51744.0
INF-003,@nutritionbyjessica,Instagram,67500,2027-05-15,ProBio+ Q12,YES,Ad: at beginning,beginning_of_caption,26445,2.49,360,7,293.33,Supports digestive wellness based on probiotic blend,YES,NO,0.0
INF-004,@fitnesswithmark,YouTube,125000,2027-05-16,ProBio+ Q12,YES,Verbal+on-screen first 30s,beginning_of_video,46993,2.69,1007,16,682.28,B-vitamins support energy metabolism,YES,NO,0.0
INF-005,@momlifewellness,Instagram,38000,2027-05-10,ProBio+ Q12,YES,#ad at beginning,beginning_of_caption,12657,2.9,198,3,131.19,Supports immune health naturally,YES,NO,0.0
INF-006,@doctordave_wellness,Instagram,198000,2027-05-13,ProBio+ Q12,NO,none,none,66294,4.76,1536,63,2563.47,Doctor recommended for immune function,NO,YES,51744.0
INF-007,@probioticlover,TikTok,28000,2027-05-10,ProBio+ Q12,NO,buried in hashtags,end_of_caption,9152,4.37,314,7,284.82,May help support gut health,NO,YES,51744.0
INF-008,@wellnessmama_official,Instagram,412000,2027-05-12,ProBio+ Q12,YES,Ad: at beginning,beginning_of_caption,141475,3.46,3134,112,4638.44,Supports immune and digestive health,YES,NO,0.0
INF-009,@holistichealthguru,YouTube,88000,2027-05-15,ProBio+ Q12,YES,Verbal+on-screen first 30s,beginning_of_video,13908,7.48,780,14,602.34,Clinically inspired probiotic formula supports wellness,YES,NO,0.0
INF-010,@fitfoodienutritionist,Instagram,55000,2027-05-11,ProBio+ Q12,YES,#ad at beginning,beginning_of_caption,20589,3.78,328,13,581.92,Supports digestive comfort,YES,NO,0.0
INF-001,@drwellnessnetwork,Instagram,285000,2027-05-20,ProBio+ Q12,NO,none,none,75743,3.42,1697,24,1066.41,Clinically demonstrated to support immune function,NO,YES,51744.0
INF-002,@healthcoach_jay,TikTok,42000,2027-05-17,ProBio+ Q12,NO,#giftedpartnership at hashtag end,end_of_caption,18734,8.06,683,27,1156.46,May help support immune health,NO,YES,51744.0
INF-003,@nutritionbyjessica,Instagram,67500,2027-05-19,ProBio+ Q12,YES,Ad: at beginning,beginning_of_caption,21188,2.96,369,16,645.68,Supports digestive wellness based on probiotic blend,YES,NO,0.0
INF-004,@fitnesswithmark,YouTube,125000,2027-05-21,ProBio+ Q12,YES,Verbal+on-screen first 30s,beginning_of_video,21282,3.56,315,4,175.75,B-vitamins support energy metabolism,YES,NO,0.0
INF-005,@momlifewellness,Instagram,38000,2027-05-21,ProBio+ Q12,YES,#ad at beginning,beginning_of_caption,8965,6.57,416,10,420.01,Supports immune health naturally,YES,NO,0.0
INF-006,@doctordave_wellness,Instagram,198000,2027-05-22,ProBio+ Q12,NO,none,none,61571,5.93,1865,41,1744.41,Doctor recommended for immune function,NO,YES,51744.0
INF-007,@probioticlover,TikTok,28000,2027-05-18,ProBio+ Q12,NO,buried in hashtags,end_of_caption,12384,2.84,186,5,219.03,May help support gut health,NO,YES,51744.0
INF-008,@wellnessmama_official,Instagram,412000,2027-05-22,ProBio+ Q12,YES,Ad: at beginning,beginning_of_caption,145978,2.24,2221,80,3537.79,Supports immune and digestive health,YES,NO,0.0
INF-009,@holistichealthguru,YouTube,88000,2027-05-17,ProBio+ Q12,YES,Verbal+on-screen first 30s,beginning_of_video,19654,8.0,701,22,885.83,Clinically inspired probiotic formula supports wellness,YES,NO,0.0
INF-010,@fitfoodienutritionist,Instagram,55000,2027-05-22,ProBio+ Q12,YES,#ad at beginning,beginning_of_caption,20487,6.76,620,21,913.45,Supports digestive comfort,YES,NO,0.0
INF-001,@drwellnessnetwork,Instagram,285000,2027-05-25,ProBio+ Q13,NO,none,none,85193,4.12,2130,83,3426.76,Clinically demonstrated to support immune function,NO,YES,51744.0
INF-002,@healthcoach_jay,TikTok,42000,2027-05-26,ProBio+ Q13,NO,#giftedpartnership at hashtag end,end_of_caption,7899,7.03,281,11,482.32,May help support immune health,NO,YES,51744.0
INF-003,@nutritionbyjessica,Instagram,67500,2027-05-24,ProBio+ Q13,YES,Ad: at beginning,beginning_of_caption,16908,4.68,482,9,403.79,Supports digestive wellness based on probiotic blend,YES,NO,0.0
INF-004,@fitnesswithmark,YouTube,125000,2027-05-29,ProBio+ Q13,YES,Verbal+on-screen first 30s,beginning_of_video,21640,4.85,571,16,685.19,B-vitamins support energy metabolism,YES,NO,0.0
INF-005,@momlifewellness,Instagram,38000,2027-05-26,ProBio+ Q13,YES,#ad at beginning,beginning_of_caption,7493,6.98,396,13,527.37,Supports immune health naturally,YES,NO,0.0
INF-006,@doctordave_wellness,Instagram,198000,2027-05-29,ProBio+ Q13,NO,none,none,59924,2.1,937,18,762.28,Doctor recommended for immune function,NO,YES,51744.0
INF-007,@probioticlover,TikTok,28000,2027-05-27,ProBio+ Q13,NO,buried in hashtags,end_of_caption,11929,3.0,280,3,132.02,May help support gut health,NO,YES,51744.0
INF-008,@wellnessmama_official,Instagram,412000,2027-05-29,ProBio+ Q13,YES,Ad: at beginning,beginning_of_caption,153346,4.61,3737,96,4184.78,Supports immune and digestive health,YES,NO,0.0
INF-009,@holistichealthguru,YouTube,88000,2027-05-26,ProBio+ Q13,YES,Verbal+on-screen first 30s,beginning_of_video,35006,5.63,882,30,1207.6,Clinically inspired probiotic formula supports wellness,YES,NO,0.0
INF-010,@fitfoodienutritionist,Instagram,55000,2027-05-25,ProBio+ Q13,YES,#ad at beginning,beginning_of_caption,21521,8.38,1409,20,846.31,Supports digestive comfort,YES,NO,0.0
INF-001,@drwellnessnetwork,Instagram,285000,2027-06-02,ProBio+ Q13,NO,none,none,108886,3.88,1835,49,2049.9,Clinically demonstrated to support immune function,NO,YES,51744.0
INF-002,@healthcoach_jay,TikTok,42000,2027-06-02,ProBio+ Q13,NO,#giftedpartnership at hashtag end,end_of_caption,13403,3.84,334,9,386.54,May help support immune health,NO,YES,51744.0
INF-003,@nutritionbyjessica,Instagram,67500,2027-06-03,ProBio+ Q13,YES,Ad: at beginning,beginning_of_caption,30330,7.0,1471,44,1934.67,Supports digestive wellness based on probiotic blend,YES,NO,0.0
INF-004,@fitnesswithmark,YouTube,125000,2027-06-01,ProBio+ Q13,YES,Verbal+on-screen first 30s,beginning_of_video,18989,4.55,426,9,397.69,B-vitamins support energy metabolism,YES,NO,0.0
INF-005,@momlifewellness,Instagram,38000,2027-05-31,ProBio+ Q13,YES,#ad at beginning,beginning_of_caption,16541,1.81,198,7,305.38,Supports immune health naturally,YES,NO,0.0
INF-006,@doctordave_wellness,Instagram,198000,2027-05-31,ProBio+ Q13,NO,none,none,41888,8.39,1995,87,3902.19,Doctor recommended for immune function,NO,YES,51744.0
INF-007,@probioticlover,TikTok,28000,2027-06-01,ProBio+ Q13,NO,buried in hashtags,end_of_caption,10177,2.42,189,7,298.12,May help support gut health,NO,YES,51744.0
INF-008,@wellnessmama_official,Instagram,412000,2027-06-05,ProBio+ Q13,YES,Ad: at beginning,beginning_of_caption,172493,4.87,5873,183,7780.64,Supports immune and digestive health,YES,NO,0.0
INF-009,@holistichealthguru,YouTube,88000,2027-06-05,ProBio+ Q13,YES,Verbal+on-screen first 30s,beginning_of_video,34847,2.3,502,13,582.54,Clinically inspired probiotic formula supports wellness,YES,NO,0.0
INF-010,@fitfoodienutritionist,Instagram,55000,2027-06-01,ProBio+ Q13,YES,#ad at beginning,beginning_of_caption,13062,7.5,754,18,794.69,Supports digestive comfort,YES,NO,0.0
INF-001,@drwellnessnetwork,Instagram,285000,2027-06-09,ProBio+ Q13,NO,none,none,69943,3.62,1088,20,877.79,Clinically demonstrated to support immune function,NO,YES,51744.0
INF-002,@healthcoach_jay,TikTok,42000,2027-06-11,ProBio+ Q13,NO,#giftedpartnership at hashtag end,end_of_caption,7673,2.51,111,2,81.19,May help support immune health,NO,YES,51744.0
INF-003,@nutritionbyjessica,Instagram,67500,2027-06-09,ProBio+ Q13,YES,Ad: at beginning,beginning_of_caption,29658,3.19,495,10,405.9,Supports digestive wellness based on probiotic blend,YES,NO,0.0
INF-004,@fitnesswithmark,YouTube,125000,2027-06-08,ProBio+ Q13,YES,Verbal+on-screen first 30s,beginning_of_video,49034,3.84,1283,40,1642.6,B-vitamins support energy metabolism,YES,NO,0.0
INF-005,@momlifewellness,Instagram,38000,2027-06-13,ProBio+ Q13,YES,#ad at beginning,beginning_of_caption,9436,2.41,113,2,85.11,Supports immune health naturally,YES,NO,0.0
INF-006,@doctordave_wellness,Instagram,198000,2027-06-12,ProBio+ Q13,NO,none,none,47451,7.29,1624,70,3098.41,Doctor recommended for immune function,NO,YES,51744.0
INF-007,@probioticlover,TikTok,28000,2027-06-11,ProBio+ Q13,NO,buried in hashtags,end_of_caption,10483,3.47,212,8,325.51,May help support gut health,NO,YES,51744.0
INF-008,@wellnessmama_official,Instagram,412000,2027-06-07,ProBio+ Q13,YES,Ad: at beginning,beginning_of_caption,69422,7.03,2386,44,1847.69,Supports immune and digestive health,YES,NO,0.0
INF-009,@holistichealthguru,YouTube,88000,2027-06-12,ProBio+ Q13,YES,Verbal+on-screen first 30s,beginning_of_video,29839,6.12,1155,23,1013.24,Clinically inspired probiotic formula supports wellness,YES,NO,0.0
INF-010,@fitfoodienutritionist,Instagram,55000,2027-06-07,ProBio+ Q13,YES,#ad at beginning,beginning_of_caption,24703,3.12,507,19,768.55,Supports digestive comfort,YES,NO,0.0
INF-001,@drwellnessnetwork,Instagram,285000,2027-06-20,ProBio+ Q13,NO,none,none,113659,4.02,1905,51,2082.33,Clinically demonstrated to support immune function,NO,YES,51744.0
INF-002,@healthcoach_jay,TikTok,42000,2027-06-18,ProBio+ Q13,NO,#giftedpartnership at hashtag end,end_of_caption,11757,6.65,467,11,463.36,May help support immune health,NO,YES,51744.0
INF-003,@nutritionbyjessica,Instagram,67500,2027-06-16,ProBio+ Q13,YES,Ad: at beginning,beginning_of_caption,14473,3.05,225,9,361.47,Supports digestive wellness based on probiotic blend,YES,NO,0.0
INF-004,@fitnesswithmark,YouTube,125000,2027-06-18,ProBio+ Q13,YES,Verbal+on-screen first 30s,beginning_of_video,41886,6.14,1541,63,2670.26,B-vitamins support energy metabolism,YES,NO,0.0
INF-005,@momlifewellness,Instagram,38000,2027-06-14,ProBio+ Q13,YES,#ad at beginning,beginning_of_caption,8889,2.72,116,4,170.48,Supports immune health naturally,YES,NO,0.0
INF-006,@doctordave_wellness,Instagram,198000,2027-06-19,ProBio+ Q13,NO,none,none,88748,5.44,1968,48,2090.73,Doctor recommended for immune function,NO,YES,51744.0
INF-007,@probioticlover,TikTok,28000,2027-06-17,ProBio+ Q13,NO,buried in hashtags,end_of_caption,8773,5.05,338,9,377.39,May help support gut health,NO,YES,51744.0
INF-008,@wellnessmama_official,Instagram,412000,2027-06-15,ProBio+ Q13,YES,Ad: at beginning,beginning_of_caption,65021,5.8,1552,60,2483.68,Supports immune and digestive health,YES,NO,0.0
INF-009,@holistichealthguru,YouTube,88000,2027-06-20,ProBio+ Q13,YES,Verbal+on-screen first 30s,beginning_of_video,39376,5.35,1488,66,2960.75,Clinically inspired probiotic formula supports wellness,YES,NO,0.0
INF-010,@fitfoodienutritionist,Instagram,55000,2027-06-14,ProBio+ Q13,YES,#ad at beginning,beginning_of_caption,12339,3.42,258,9,393.08,Supports digestive comfort,YES,NO,0.0
