study_id,paper_doi,condition,participant_id,dv_primary,dv_secondary,manipulation_check,age,gender,education,session_date,response_time_ms,attrition_flag,note
S0001,10.1037/pspa0000226,treatment_b,P00001,3.613,3.435,4.18,60,F,MA,2019-04-17,2087542,1,why_connect_3a_row_1
S0002,10.1177/0956797614520714,treatment_b,P00002,4.774,3.124,5.17,30,F,Other,2019-11-23,881850,0,why_connect_3a_row_2
S0003,10.1177/0956797615575277,treatment_a,P00003,3.79,3.362,6.1,37,M,HS,2019-10-27,239832,1,why_connect_3a_row_3
S0004,10.1177/0956797614520714,treatment_a,P00004,5.219,3.262,4.22,18,F,PhD,2019-09-06,1393437,0,why_connect_3a_row_4
S0005,10.1177/0956797614520714,treatment_b,P00005,3.028,1.959,5.13,54,NB,Other,2019-03-14,1821477,0,why_connect_3a_row_5
S0006,10.1177/0956797614520714,treatment_b,P00006,5.421,5.155,5.56,57,M,Other,2019-02-18,1502952,0,why_connect_3a_row_6
S0007,10.1037/pspa0000226,control,P00007,3.062,3.887,5.16,51,NB,HS,2019-11-11,1737588,0,why_connect_3a_row_7
S0008,10.1037/pspa0000226,treatment_a,P00008,4.885,4.036,4.5,37,M,HS,2019-10-05,1909179,0,why_connect_3a_row_8
S0009,10.1073/pnas.1209746109,control,P00009,3.789,4.889,5.1,38,M,MA,2019-03-02,1994198,0,why_connect_3a_row_9
S0010,10.1177/0956797615575277,treatment_a,P00010,3.672,4.885,5.25,35,F,HS,2019-10-27,2034285,0,why_connect_3a_row_10
S0011,10.1177/0956797615575277,treatment_b,P00011,4.838,2.091,5.65,29,NB,MA,2019-08-15,1920056,0,why_connect_3a_row_11
S0012,10.1037/pspa0000226,control,P00012,4.743,3.281,5.35,55,M,BA,2019-09-10,1400376,0,why_connect_3a_row_12
S0013,10.1177/0956797615575277,treatment_b,P00013,4.551,5.067,4.31,23,F,PhD,2019-04-14,1459565,0,why_connect_3a_row_13
S0014,10.1177/0956797615575277,control,P00014,4.575,4.092,5.12,53,F,MA,2019-10-05,1049061,0,why_connect_3a_row_14
S0015,10.1037/pspa0000226,treatment_b,P00015,2.507,4.613,6.66,30,F,PhD,2019-11-05,538489,0,why_connect_3a_row_15
S0016,10.1177/0956797614520714,treatment_a,P00016,5.901,2.635,3.37,22,F,HS,2019-11-12,398508,0,why_connect_3a_row_16
S0017,10.1177/0956797615575277,control,P00017,4.119,2.834,5.11,32,F,MA,2019-09-03,1762439,0,why_connect_3a_row_17
S0018,10.1073/pnas.1209746109,control,P00018,3.943,3.422,3.92,30,M,BA,2019-03-03,1025393,0,why_connect_3a_row_18
S0019,10.1177/0956797615575277,treatment_a,P00019,4.629,3.699,5.72,43,F,PhD,2019-09-04,602750,0,why_connect_3a_row_19
S0020,10.1177/0956797615575277,treatment_b,P00020,3.374,2.314,4.5,41,M,HS,2019-09-03,1518150,1,why_connect_3a_row_20
S0021,10.1073/pnas.1209746109,treatment_b,P00021,4.302,2.352,6.4,30,F,MA,2019-06-11,2153519,0,why_connect_3a_row_21
S0022,10.1073/pnas.1209746109,treatment_a,P00022,4.342,3.887,5.31,60,F,PhD,2019-10-20,987384,0,why_connect_3a_row_22
S0023,10.1073/pnas.1209746109,treatment_a,P00023,5.568,4.722,3.17,52,M,MA,2019-06-08,1170109,0,why_connect_3a_row_23
S0024,10.1037/pspa0000226,treatment_b,P00024,4.771,3.954,5.21,53,NB,Other,2019-02-15,236330,0,why_connect_3a_row_24
S0025,10.1177/0956797614520714,treatment_a,P00025,5.647,3.196,4.85,42,M,HS,2019-10-11,1689362,0,why_connect_3a_row_25
S0026,10.1037/pspa0000226,treatment_b,P00026,4.853,3.957,3.92,38,F,MA,2019-11-25,1736053,0,why_connect_3a_row_26
S0027,10.1037/pspa0000226,control,P00027,4.6,3.917,4.58,38,NB,Other,2019-11-17,2109852,0,why_connect_3a_row_27
S0028,10.1177/0956797615575277,treatment_a,P00028,4.484,4.803,5.51,59,NB,MA,2019-06-10,2163063,0,why_connect_3a_row_28
S0029,10.1037/pspa0000226,treatment_a,P00029,3.061,2.31,6.45,57,F,PhD,2019-04-05,427178,0,why_connect_3a_row_29
S0030,10.1177/0956797615575277,control,P00030,5.652,5.252,4.06,29,F,MA,2019-06-17,980617,0,why_connect_3a_row_30
S0031,10.1177/0956797615575277,treatment_a,P00031,3.916,3.501,4.48,47,NB,MA,2019-11-27,2302404,0,why_connect_3a_row_31
S0032,10.1073/pnas.1209746109,treatment_a,P00032,5.114,3.987,5.38,29,NB,HS,2019-08-24,1619105,0,why_connect_3a_row_32
S0033,10.1073/pnas.1209746109,treatment_a,P00033,4.722,3.602,4.86,38,NB,HS,2019-12-17,219546,0,why_connect_3a_row_33
S0034,10.1073/pnas.1209746109,treatment_a,P00034,4.094,5.218,5.6,26,NB,MA,2019-01-27,1137955,0,why_connect_3a_row_34
S0035,10.1177/0956797615575277,treatment_a,P00035,3.744,3.554,4.42,62,F,HS,2019-11-19,938671,0,why_connect_3a_row_35
S0036,10.1177/0956797614520714,treatment_a,P00036,5.073,4.368,4.37,64,NB,BA,2019-11-07,1218127,0,why_connect_3a_row_36
S0037,10.1177/0956797615575277,treatment_a,P00037,3.404,3.86,5.6,36,F,Other,2019-02-06,1629745,0,why_connect_3a_row_37
S0038,10.1073/pnas.1209746109,treatment_a,P00038,4.673,3.688,4.0,38,F,BA,2019-11-15,1136336,0,why_connect_3a_row_38
S0039,10.1073/pnas.1209746109,control,P00039,3.803,3.106,3.86,62,M,PhD,2019-07-10,2136487,0,why_connect_3a_row_39
S0040,10.1177/0956797615575277,control,P00040,2.323,4.375,4.79,35,NB,MA,2019-07-28,467201,0,why_connect_3a_row_40
S0041,10.1073/pnas.1209746109,treatment_b,P00041,2.547,4.881,5.86,55,F,Other,2019-08-14,1863833,0,why_connect_3a_row_41
S0042,10.1037/pspa0000226,control,P00042,4.752,6.274,4.58,53,F,Other,2019-03-24,309316,0,why_connect_3a_row_42
S0043,10.1073/pnas.1209746109,treatment_b,P00043,4.708,5.409,4.77,33,M,Other,2019-02-14,741943,0,why_connect_3a_row_43
S0044,10.1177/0956797615575277,treatment_b,P00044,4.672,3.915,5.39,64,F,MA,2019-10-03,1163873,0,why_connect_3a_row_44
S0045,10.1177/0956797615575277,treatment_a,P00045,3.314,4.036,5.97,33,M,Other,2019-10-26,1654438,1,why_connect_3a_row_45
S0046,10.1177/0956797615575277,control,P00046,5.47,1.954,4.78,58,NB,HS,2019-11-26,1877441,0,why_connect_3a_row_46
S0047,10.1177/0956797614520714,treatment_b,P00047,4.632,1.91,6.16,61,F,HS,2019-09-23,2249818,0,why_connect_3a_row_47
S0048,10.1037/pspa0000226,control,P00048,4.476,2.796,4.4,56,NB,Other,2019-10-18,1379988,0,why_connect_3a_row_48
S0049,10.1073/pnas.1209746109,treatment_b,P00049,4.377,3.887,5.32,40,F,HS,2019-11-10,758044,0,why_connect_3a_row_49
S0050,10.1037/pspa0000226,treatment_b,P00050,5.749,4.859,5.28,41,F,MA,2019-10-21,629429,0,why_connect_3a_row_50
S0051,10.1177/0956797614520714,treatment_a,P00051,2.923,1.527,5.01,65,M,BA,2019-09-28,464319,1,why_connect_3a_row_51
S0052,10.1073/pnas.1209746109,treatment_b,P00052,4.786,4.541,4.2,42,M,Other,2019-04-21,2376259,0,why_connect_3a_row_52
S0053,10.1177/0956797615575277,treatment_a,P00053,4.52,3.744,4.78,43,F,PhD,2019-04-11,693583,0,why_connect_3a_row_53
S0054,10.1073/pnas.1209746109,control,P00054,4.085,5.2,4.29,38,M,MA,2019-03-10,1169907,0,why_connect_3a_row_54
S0055,10.1037/pspa0000226,treatment_b,P00055,2.192,2.436,5.14,21,NB,BA,2019-07-01,1939858,0,why_connect_3a_row_55
S0056,10.1037/pspa0000226,control,P00056,4.118,2.901,4.76,58,F,PhD,2019-05-20,2297944,0,why_connect_3a_row_56
S0057,10.1177/0956797615575277,treatment_b,P00057,4.801,4.204,5.21,57,NB,HS,2019-07-26,1375739,0,why_connect_3a_row_57
S0058,10.1073/pnas.1209746109,treatment_b,P00058,6.265,3.452,4.31,40,F,Other,2019-12-09,1356282,0,why_connect_3a_row_58
S0059,10.1177/0956797615575277,control,P00059,3.708,3.385,4.97,36,F,BA,2019-05-26,1395431,0,why_connect_3a_row_59
S0060,10.1177/0956797615575277,treatment_a,P00060,4.441,2.02,4.38,32,F,MA,2019-04-05,1399251,0,why_connect_3a_row_60
S0061,10.1177/0956797614520714,treatment_b,P00061,3.143,4.101,4.57,23,M,HS,2019-04-02,1928155,0,why_connect_3a_row_61
S0062,10.1177/0956797615575277,treatment_a,P00062,4.039,4.161,6.18,32,F,BA,2019-06-15,1504533,0,why_connect_3a_row_62
S0063,10.1177/0956797615575277,control,P00063,3.768,4.258,5.78,57,M,Other,2019-11-06,311539,0,why_connect_3a_row_63
S0064,10.1177/0956797615575277,control,P00064,5.266,4.807,5.32,37,NB,HS,2019-07-26,1942131,0,why_connect_3a_row_64
S0065,10.1073/pnas.1209746109,control,P00065,4.04,4.356,5.18,55,F,MA,2019-05-27,1948308,0,why_connect_3a_row_65
S0066,10.1177/0956797615575277,treatment_b,P00066,3.895,4.567,5.46,23,M,Other,2019-06-03,1187613,0,why_connect_3a_row_66
S0067,10.1177/0956797615575277,control,P00067,4.006,4.814,4.74,28,M,PhD,2019-04-06,1417669,0,why_connect_3a_row_67
S0068,10.1177/0956797614520714,treatment_b,P00068,4.885,2.898,5.3,43,NB,BA,2019-04-09,222131,0,why_connect_3a_row_68
S0069,10.1177/0956797614520714,treatment_a,P00069,5.56,4.369,5.59,20,M,BA,2019-10-13,1661178,1,why_connect_3a_row_69
S0070,10.1037/pspa0000226,treatment_a,P00070,5.061,3.148,5.86,58,F,BA,2019-08-03,2183953,0,why_connect_3a_row_70
S0071,10.1037/pspa0000226,treatment_b,P00071,5.543,3.743,4.95,47,NB,BA,2019-07-04,1794870,0,why_connect_3a_row_71
S0072,10.1037/pspa0000226,control,P00072,3.437,3.666,5.57,31,F,HS,2019-04-18,1900320,0,why_connect_3a_row_72
S0073,10.1037/pspa0000226,control,P00073,5.011,3.227,5.2,62,M,PhD,2019-04-20,1987664,0,why_connect_3a_row_73
S0074,10.1073/pnas.1209746109,treatment_a,P00074,5.019,3.183,5.52,55,NB,PhD,2019-09-23,1413458,0,why_connect_3a_row_74
S0075,10.1177/0956797615575277,control,P00075,5.36,3.405,4.23,59,NB,Other,2019-06-08,1234046,1,why_connect_3a_row_75
S0076,10.1073/pnas.1209746109,treatment_b,P00076,3.709,2.945,4.74,19,F,Other,2019-07-12,1540735,0,why_connect_3a_row_76
S0077,10.1073/pnas.1209746109,control,P00077,3.619,3.656,4.97,20,M,MA,2019-11-25,532500,0,why_connect_3a_row_77
S0078,10.1073/pnas.1209746109,control,P00078,5.544,4.587,5.81,62,NB,PhD,2019-06-01,2328578,0,why_connect_3a_row_78
S0079,10.1177/0956797614520714,treatment_b,P00079,5.673,4.396,4.48,49,M,PhD,2019-08-10,2301794,0,why_connect_3a_row_79
S0080,10.1177/0956797614520714,treatment_b,P00080,4.485,3.274,5.01,60,M,BA,2019-04-20,2351086,0,why_connect_3a_row_80
S0081,10.1177/0956797615575277,treatment_a,P00081,5.519,4.822,5.78,44,M,Other,2019-09-23,947960,0,why_connect_3a_row_81
S0082,10.1037/pspa0000226,treatment_b,P00082,4.698,1.839,3.58,34,F,Other,2019-03-19,2014462,0,why_connect_3a_row_82
S0083,10.1177/0956797614520714,treatment_b,P00083,3.929,4.379,5.44,31,F,Other,2019-01-25,291574,0,why_connect_3a_row_83
S0084,10.1037/pspa0000226,control,P00084,4.354,5.501,4.89,39,M,Other,2019-05-14,1805175,0,why_connect_3a_row_84
S0085,10.1177/0956797615575277,control,P00085,4.574,4.512,6.01,39,NB,HS,2019-10-14,570973,0,why_connect_3a_row_85
S0086,10.1073/pnas.1209746109,control,P00086,5.075,3.042,5.65,23,M,MA,2019-07-05,1471917,0,why_connect_3a_row_86
S0087,10.1177/0956797614520714,treatment_b,P00087,6.976,3.04,6.44,55,NB,Other,2019-03-26,2322898,0,why_connect_3a_row_87
S0088,10.1037/pspa0000226,control,P00088,5.401,2.854,4.46,32,M,PhD,2019-05-25,1570059,0,why_connect_3a_row_88
S0089,10.1177/0956797615575277,treatment_a,P00089,3.904,3.79,5.47,36,F,BA,2019-07-21,1472467,0,why_connect_3a_row_89
S0090,10.1073/pnas.1209746109,treatment_a,P00090,5.09,3.391,4.19,30,M,BA,2019-02-09,203009,0,why_connect_3a_row_90
S0091,10.1177/0956797614520714,treatment_b,P00091,4.191,3.939,4.66,39,F,Other,2019-06-20,569986,0,why_connect_3a_row_91
S0092,10.1177/0956797615575277,control,P00092,2.463,4.225,5.46,55,F,BA,2019-09-25,1987721,0,why_connect_3a_row_92
S0093,10.1037/pspa0000226,control,P00093,3.593,4.567,4.57,34,F,PhD,2019-11-18,2135544,0,why_connect_3a_row_93
S0094,10.1177/0956797615575277,control,P00094,5.552,2.944,5.72,38,F,Other,2019-10-25,1461814,0,why_connect_3a_row_94
S0095,10.1073/pnas.1209746109,control,P00095,5.944,4.506,3.27,56,M,PhD,2019-03-04,738680,0,why_connect_3a_row_95
S0096,10.1177/0956797614520714,control,P00096,3.088,2.074,3.86,58,F,HS,2019-10-01,1962158,0,why_connect_3a_row_96
S0097,10.1177/0956797615575277,control,P00097,7.49,3.803,4.54,22,M,MA,2019-01-12,1631381,0,why_connect_3a_row_97
S0098,10.1177/0956797615575277,treatment_b,P00098,5.258,5.565,4.61,54,F,Other,2019-01-02,1402841,0,why_connect_3a_row_98
S0099,10.1073/pnas.1209746109,treatment_b,P00099,3.909,2.969,3.13,64,F,HS,2019-12-11,1389660,0,why_connect_3a_row_99
S0100,10.1177/0956797615575277,treatment_b,P00100,4.135,3.531,4.86,46,M,HS,2019-11-27,902260,0,why_connect_3a_row_100
S0101,10.1073/pnas.1209746109,control,P00101,3.458,5.336,4.77,63,M,BA,2019-05-02,1181570,0,why_connect_3a_row_101
S0102,10.1037/pspa0000226,treatment_a,P00102,4.41,4.066,5.54,41,M,HS,2019-01-04,2289516,0,why_connect_3a_row_102
S0103,10.1177/0956797614520714,treatment_a,P00103,3.147,4.739,5.79,54,M,Other,2019-11-24,2109161,0,why_connect_3a_row_103
S0104,10.1177/0956797615575277,treatment_a,P00104,5.373,5.02,4.98,57,F,MA,2019-08-26,2084176,0,why_connect_3a_row_104
S0105,10.1177/0956797614520714,control,P00105,4.373,4.874,5.7,43,F,BA,2019-11-24,1738532,0,why_connect_3a_row_105
S0106,10.1037/pspa0000226,treatment_b,P00106,4.44,3.187,5.14,41,NB,Other,2019-03-11,479101,0,why_connect_3a_row_106
S0107,10.1177/0956797615575277,control,P00107,5.373,3.286,5.89,20,F,HS,2019-09-26,2233887,0,why_connect_3a_row_107
S0108,10.1037/pspa0000226,control,P00108,4.124,4.223,5.35,36,M,MA,2019-02-01,528577,0,why_connect_3a_row_108
S0109,10.1177/0956797615575277,control,P00109,4.49,4.579,5.24,47,F,BA,2019-04-03,1197019,0,why_connect_3a_row_109
S0110,10.1177/0956797614520714,control,P00110,2.547,3.473,4.9,51,F,PhD,2019-09-03,877948,0,why_connect_3a_row_110
S0111,10.1037/pspa0000226,treatment_b,P00111,4.692,5.045,5.21,41,F,Other,2019-03-19,1433701,0,why_connect_3a_row_111
S0112,10.1177/0956797614520714,control,P00112,4.549,3.175,5.61,42,F,PhD,2019-07-10,362005,1,why_connect_3a_row_112
S0113,10.1177/0956797614520714,treatment_b,P00113,5.514,2.776,4.77,63,NB,BA,2019-01-06,661836,0,why_connect_3a_row_113
S0114,10.1037/pspa0000226,treatment_a,P00114,3.84,3.915,5.77,26,F,MA,2019-01-24,2198368,0,why_connect_3a_row_114
S0115,10.1177/0956797615575277,treatment_b,P00115,4.099,2.898,5.16,52,F,PhD,2019-08-13,1859269,0,why_connect_3a_row_115
S0116,10.1177/0956797614520714,treatment_b,P00116,4.115,3.193,4.67,47,F,BA,2019-12-28,2362693,0,why_connect_3a_row_116
S0117,10.1073/pnas.1209746109,treatment_a,P00117,6.251,3.237,5.21,44,M,BA,2019-12-03,248806,0,why_connect_3a_row_117
S0118,10.1177/0956797615575277,treatment_a,P00118,4.591,3.33,3.23,35,F,HS,2019-07-05,1500913,0,why_connect_3a_row_118
S0119,10.1073/pnas.1209746109,control,P00119,5.315,4.234,5.49,62,M,BA,2019-01-22,2262718,0,why_connect_3a_row_119
S0120,10.1037/pspa0000226,treatment_b,P00120,6.696,4.186,5.76,40,M,HS,2019-09-11,629332,0,why_connect_3a_row_120
S0121,10.1177/0956797614520714,control,P00121,4.065,3.608,4.47,24,M,BA,2019-02-19,535910,0,why_connect_3a_row_121
S0122,10.1073/pnas.1209746109,control,P00122,3.064,3.425,4.45,48,F,HS,2019-02-02,1027719,0,why_connect_3a_row_122
S0123,10.1177/0956797615575277,control,P00123,6.531,4.678,4.97,60,M,MA,2019-03-04,413099,0,why_connect_3a_row_123
S0124,10.1177/0956797614520714,treatment_a,P00124,5.246,1.795,4.1,20,F,HS,2019-03-03,1492528,0,why_connect_3a_row_124
S0125,10.1073/pnas.1209746109,control,P00125,3.582,3.096,3.9,48,M,HS,2019-10-21,759952,0,why_connect_3a_row_125
S0126,10.1073/pnas.1209746109,control,P00126,5.576,4.559,4.58,26,M,HS,2019-12-23,405173,0,why_connect_3a_row_126
S0127,10.1037/pspa0000226,treatment_b,P00127,4.163,4.466,5.87,27,F,BA,2019-09-08,1619369,0,why_connect_3a_row_127
S0128,10.1177/0956797614520714,control,P00128,3.177,4.425,5.32,49,F,PhD,2019-02-10,831815,0,why_connect_3a_row_128
S0129,10.1177/0956797614520714,control,P00129,3.803,4.712,5.61,28,NB,MA,2019-05-26,1232831,0,why_connect_3a_row_129
S0130,10.1037/pspa0000226,control,P00130,4.861,4.655,6.22,51,M,HS,2019-10-13,1832037,0,why_connect_3a_row_130
S0131,10.1037/pspa0000226,control,P00131,3.736,4.87,4.1,18,M,HS,2019-09-01,554882,0,why_connect_3a_row_131
S0132,10.1177/0956797614520714,treatment_a,P00132,4.329,2.803,4.19,33,F,BA,2019-04-10,1091050,0,why_connect_3a_row_132
S0133,10.1177/0956797614520714,treatment_b,P00133,4.173,4.287,3.51,51,M,Other,2019-03-03,328556,0,why_connect_3a_row_133
S0134,10.1177/0956797614520714,control,P00134,4.362,2.66,4.77,31,F,Other,2019-08-14,183947,0,why_connect_3a_row_134
S0135,10.1177/0956797614520714,control,P00135,3.219,2.389,5.46,54,F,Other,2019-08-16,683344,0,why_connect_3a_row_135
S0136,10.1177/0956797614520714,treatment_b,P00136,6.116,3.105,3.52,63,M,HS,2019-02-21,1688697,0,why_connect_3a_row_136
S0137,10.1073/pnas.1209746109,treatment_b,P00137,3.261,4.14,5.27,20,M,MA,2019-07-21,1097362,0,why_connect_3a_row_137
S0138,10.1177/0956797615575277,treatment_b,P00138,4.505,2.496,3.8,37,F,MA,2019-12-27,508252,0,why_connect_3a_row_138
S0139,10.1177/0956797614520714,treatment_a,P00139,5.394,3.214,4.64,33,M,PhD,2019-08-18,1794346,0,why_connect_3a_row_139
S0140,10.1037/pspa0000226,treatment_b,P00140,3.91,5.978,5.3,47,F,PhD,2019-08-09,1822589,0,why_connect_3a_row_140
S0141,10.1073/pnas.1209746109,treatment_a,P00141,4.103,4.954,6.44,63,NB,PhD,2019-01-24,1823904,0,why_connect_3a_row_141
S0142,10.1177/0956797615575277,treatment_b,P00142,6.723,4.294,4.76,42,NB,MA,2019-06-20,1220690,0,why_connect_3a_row_142
S0143,10.1177/0956797615575277,treatment_a,P00143,4.23,5.142,5.5,44,NB,BA,2019-03-13,1559945,0,why_connect_3a_row_143
S0144,10.1177/0956797614520714,treatment_a,P00144,6.541,3.156,4.85,26,F,BA,2019-12-11,2359219,0,why_connect_3a_row_144
S0145,10.1177/0956797614520714,treatment_b,P00145,2.084,4.53,3.62,37,NB,HS,2019-11-10,293612,0,why_connect_3a_row_145
S0146,10.1037/pspa0000226,treatment_a,P00146,5.47,2.244,3.52,61,NB,BA,2019-10-19,1248708,0,why_connect_3a_row_146
S0147,10.1177/0956797614520714,control,P00147,3.79,3.485,4.55,51,M,BA,2019-10-05,2105902,0,why_connect_3a_row_147
S0148,10.1037/pspa0000226,treatment_b,P00148,4.419,4.866,4.53,21,F,HS,2019-10-22,1798749,0,why_connect_3a_row_148
S0149,10.1037/pspa0000226,treatment_a,P00149,4.076,1.491,5.5,61,NB,BA,2019-09-28,399781,0,why_connect_3a_row_149
S0150,10.1177/0956797614520714,control,P00150,5.229,4.993,6.23,54,F,BA,2019-05-07,886372,0,why_connect_3a_row_150
S0151,10.1073/pnas.1209746109,control,P00151,4.475,3.959,4.98,21,F,BA,2019-05-13,1519121,0,why_connect_3a_row_151
S0152,10.1073/pnas.1209746109,treatment_a,P00152,6.028,3.351,5.76,37,M,BA,2019-06-02,1893400,0,why_connect_3a_row_152
S0153,10.1177/0956797615575277,treatment_b,P00153,4.802,4.144,4.84,49,NB,PhD,2019-12-11,1936737,0,why_connect_3a_row_153
S0154,10.1037/pspa0000226,control,P00154,5.138,3.182,4.94,52,M,BA,2019-09-24,2163547,0,why_connect_3a_row_154
S0155,10.1073/pnas.1209746109,treatment_b,P00155,4.434,4.655,4.92,63,NB,BA,2019-08-17,995123,0,why_connect_3a_row_155
S0156,10.1037/pspa0000226,control,P00156,3.039,3.789,5.88,31,M,MA,2019-05-06,2145529,0,why_connect_3a_row_156
S0157,10.1037/pspa0000226,treatment_a,P00157,2.911,2.214,3.53,52,NB,HS,2019-05-01,1103897,0,why_connect_3a_row_157
S0158,10.1177/0956797614520714,treatment_b,P00158,6.786,4.649,5.39,47,M,BA,2019-06-12,323205,0,why_connect_3a_row_158
S0159,10.1177/0956797614520714,control,P00159,4.809,3.852,6.1,30,F,MA,2019-09-02,1557007,0,why_connect_3a_row_159
S0160,10.1073/pnas.1209746109,treatment_a,P00160,4.404,4.077,4.37,36,F,HS,2019-02-03,1834089,0,why_connect_3a_row_160
S0161,10.1073/pnas.1209746109,control,P00161,2.578,3.795,4.05,19,F,PhD,2019-06-22,501585,0,why_connect_3a_row_161
S0162,10.1177/0956797614520714,control,P00162,5.142,2.67,5.25,64,M,Other,2019-11-14,1932658,0,why_connect_3a_row_162
S0163,10.1073/pnas.1209746109,treatment_a,P00163,2.919,4.497,4.38,29,NB,PhD,2019-05-17,522595,0,why_connect_3a_row_163
S0164,10.1073/pnas.1209746109,treatment_b,P00164,4.218,3.746,5.82,55,F,BA,2019-02-05,998418,0,why_connect_3a_row_164
S0165,10.1177/0956797615575277,treatment_a,P00165,4.263,1.96,5.53,43,F,Other,2019-09-09,500606,0,why_connect_3a_row_165
S0166,10.1037/pspa0000226,treatment_b,P00166,6.121,4.977,4.31,43,M,MA,2019-02-15,1081294,0,why_connect_3a_row_166
S0167,10.1073/pnas.1209746109,treatment_a,P00167,3.668,4.194,4.53,55,M,MA,2019-03-13,711524,0,why_connect_3a_row_167
S0168,10.1037/pspa0000226,treatment_b,P00168,3.777,2.986,4.0,53,M,Other,2019-03-23,2226813,0,why_connect_3a_row_168
S0169,10.1073/pnas.1209746109,treatment_b,P00169,6.342,3.507,5.27,23,F,MA,2019-01-04,1305406,0,why_connect_3a_row_169
S0170,10.1177/0956797614520714,treatment_b,P00170,5.966,2.906,4.99,34,F,MA,2019-07-16,1923272,0,why_connect_3a_row_170
S0171,10.1177/0956797615575277,treatment_a,P00171,5.241,4.788,5.54,22,F,PhD,2019-09-24,1626010,0,why_connect_3a_row_171
S0172,10.1177/0956797615575277,treatment_a,P00172,6.93,4.39,4.17,22,NB,HS,2019-04-12,1235638,1,why_connect_3a_row_172
S0173,10.1037/pspa0000226,treatment_a,P00173,5.427,3.256,5.32,36,M,BA,2019-07-04,959396,0,why_connect_3a_row_173
S0174,10.1037/pspa0000226,treatment_b,P00174,5.111,5.051,4.41,37,F,Other,2019-12-25,1708849,0,why_connect_3a_row_174
S0175,10.1073/pnas.1209746109,treatment_a,P00175,3.659,2.579,4.62,27,NB,Other,2019-03-26,580289,0,why_connect_3a_row_175
S0176,10.1177/0956797614520714,treatment_a,P00176,1.487,5.267,5.43,49,F,MA,2019-11-01,1348333,0,why_connect_3a_row_176
S0177,10.1073/pnas.1209746109,treatment_b,P00177,3.27,1.183,6.09,63,F,MA,2019-11-02,1093969,0,why_connect_3a_row_177
S0178,10.1177/0956797614520714,treatment_b,P00178,3.4,3.368,3.96,57,NB,MA,2019-11-06,1106359,0,why_connect_3a_row_178
S0179,10.1177/0956797614520714,control,P00179,4.327,2.938,5.06,25,F,Other,2019-12-14,1835474,0,why_connect_3a_row_179
S0180,10.1177/0956797614520714,treatment_b,P00180,3.848,5.324,5.7,48,M,Other,2019-10-20,1216386,0,why_connect_3a_row_180
S0181,10.1073/pnas.1209746109,control,P00181,5.259,4.122,4.63,50,F,PhD,2019-06-03,2014090,0,why_connect_3a_row_181
S0182,10.1073/pnas.1209746109,treatment_a,P00182,4.922,3.395,4.89,27,F,PhD,2019-07-23,273458,0,why_connect_3a_row_182
S0183,10.1177/0956797614520714,treatment_a,P00183,5.337,4.647,3.61,45,M,HS,2019-04-15,1972308,0,why_connect_3a_row_183
S0184,10.1177/0956797614520714,treatment_a,P00184,3.305,3.733,4.88,36,M,Other,2019-07-11,1337742,0,why_connect_3a_row_184
S0185,10.1177/0956797615575277,treatment_a,P00185,5.33,3.427,4.72,53,F,HS,2019-01-13,2353493,0,why_connect_3a_row_185
S0186,10.1073/pnas.1209746109,treatment_b,P00186,4.962,2.85,4.57,24,NB,HS,2019-06-07,663356,1,why_connect_3a_row_186
S0187,10.1037/pspa0000226,control,P00187,5.194,3.668,5.0,45,M,PhD,2019-04-25,845711,0,why_connect_3a_row_187
S0188,10.1037/pspa0000226,control,P00188,4.205,5.41,6.71,64,F,HS,2019-11-17,1573140,0,why_connect_3a_row_188
S0189,10.1177/0956797614520714,treatment_a,P00189,5.807,4.075,4.11,26,F,HS,2019-10-06,714090,0,why_connect_3a_row_189
S0190,10.1177/0956797615575277,treatment_b,P00190,5.141,3.679,5.18,63,M,PhD,2019-08-08,2248755,0,why_connect_3a_row_190
S0191,10.1073/pnas.1209746109,treatment_b,P00191,3.481,2.912,4.06,20,M,BA,2019-03-25,436786,0,why_connect_3a_row_191
S0192,10.1177/0956797614520714,treatment_b,P00192,5.182,3.751,6.85,54,M,BA,2019-12-23,631815,0,why_connect_3a_row_192
S0193,10.1177/0956797615575277,treatment_b,P00193,3.538,3.556,3.24,56,F,MA,2019-08-09,766702,0,why_connect_3a_row_193
S0194,10.1037/pspa0000226,control,P00194,4.629,3.896,6.18,29,NB,MA,2019-06-02,821107,0,why_connect_3a_row_194
S0195,10.1177/0956797614520714,control,P00195,4.309,3.385,5.2,18,M,BA,2019-10-20,1911849,1,why_connect_3a_row_195
S0196,10.1073/pnas.1209746109,control,P00196,4.491,4.231,4.52,23,M,MA,2019-08-28,688782,0,why_connect_3a_row_196
S0197,10.1037/pspa0000226,treatment_b,P00197,5.95,5.287,4.89,50,M,MA,2019-08-06,1589940,1,why_connect_3a_row_197
S0198,10.1177/0956797614520714,treatment_a,P00198,3.086,3.391,5.03,64,M,PhD,2019-11-27,417258,0,why_connect_3a_row_198
S0199,10.1037/pspa0000226,treatment_b,P00199,3.496,3.578,4.6,43,M,MA,2019-09-21,1555053,0,why_connect_3a_row_199
S0200,10.1073/pnas.1209746109,treatment_a,P00200,4.23,3.364,5.57,55,NB,HS,2019-12-05,366529,0,why_connect_3a_row_200
S0201,10.1177/0956797614520714,control,P00201,4.624,4.601,5.68,57,NB,BA,2019-12-08,446920,0,why_connect_3a_row_201
S0202,10.1177/0956797614520714,treatment_b,P00202,4.386,3.039,5.21,25,F,Other,2019-04-21,2072841,0,why_connect_3a_row_202
S0203,10.1177/0956797615575277,treatment_a,P00203,4.029,3.372,5.09,24,M,PhD,2019-05-03,2320453,0,why_connect_3a_row_203
S0204,10.1073/pnas.1209746109,control,P00204,5.161,3.982,5.58,46,F,PhD,2019-05-09,390182,0,why_connect_3a_row_204
S0205,10.1177/0956797614520714,treatment_a,P00205,4.916,3.348,4.27,33,F,PhD,2019-09-17,2280235,0,why_connect_3a_row_205
S0206,10.1037/pspa0000226,control,P00206,3.848,5.478,4.64,30,M,HS,2019-12-28,1198232,0,why_connect_3a_row_206
S0207,10.1177/0956797615575277,treatment_a,P00207,3.503,2.816,5.42,45,F,PhD,2019-03-22,207539,0,why_connect_3a_row_207
S0208,10.1177/0956797615575277,control,P00208,2.874,4.41,3.94,25,F,Other,2019-06-25,412211,0,why_connect_3a_row_208
S0209,10.1073/pnas.1209746109,treatment_a,P00209,5.42,2.763,5.41,49,M,Other,2019-01-07,311359,0,why_connect_3a_row_209
S0210,10.1037/pspa0000226,control,P00210,5.27,2.866,3.18,23,F,HS,2019-12-20,2081842,0,why_connect_3a_row_210
S0211,10.1177/0956797614520714,treatment_a,P00211,3.735,2.591,4.08,45,M,MA,2019-11-20,1428052,0,why_connect_3a_row_211
S0212,10.1177/0956797614520714,treatment_a,P00212,6.525,4.52,4.26,29,NB,PhD,2019-11-05,1384502,0,why_connect_3a_row_212
S0213,10.1177/0956797614520714,treatment_a,P00213,5.456,2.549,5.86,29,F,PhD,2019-10-01,1135037,1,why_connect_3a_row_213
S0214,10.1073/pnas.1209746109,treatment_a,P00214,5.215,3.632,5.73,44,NB,HS,2019-06-01,2336115,0,why_connect_3a_row_214
S0215,10.1177/0956797614520714,control,P00215,3.646,3.183,3.41,26,M,Other,2019-11-06,1672798,0,why_connect_3a_row_215
S0216,10.1177/0956797615575277,treatment_a,P00216,5.098,3.774,5.64,50,F,PhD,2019-06-13,1124072,0,why_connect_3a_row_216
S0217,10.1177/0956797615575277,control,P00217,3.592,5.397,5.8,48,F,BA,2019-02-15,332092,0,why_connect_3a_row_217
S0218,10.1073/pnas.1209746109,treatment_a,P00218,3.755,3.385,3.85,43,F,PhD,2019-01-23,1529267,0,why_connect_3a_row_218
S0219,10.1073/pnas.1209746109,treatment_a,P00219,3.905,3.121,5.17,62,F,HS,2019-12-25,1912534,0,why_connect_3a_row_219
S0220,10.1177/0956797615575277,treatment_a,P00220,3.153,6.667,5.41,29,F,PhD,2019-04-03,621436,0,why_connect_3a_row_220
S0221,10.1177/0956797614520714,control,P00221,4.236,4.142,6.18,58,M,BA,2019-11-13,1793269,1,why_connect_3a_row_221
S0222,10.1177/0956797614520714,treatment_a,P00222,3.199,3.485,5.86,44,F,Other,2019-03-04,983161,0,why_connect_3a_row_222
S0223,10.1037/pspa0000226,treatment_b,P00223,6.022,3.142,4.45,28,F,HS,2019-04-22,1558061,0,why_connect_3a_row_223
S0224,10.1037/pspa0000226,treatment_a,P00224,2.846,4.39,4.32,57,NB,MA,2019-10-17,718496,0,why_connect_3a_row_224
S0225,10.1037/pspa0000226,control,P00225,5.58,3.611,7.28,48,F,MA,2019-11-26,817393,0,why_connect_3a_row_225
S0226,10.1073/pnas.1209746109,treatment_a,P00226,3.706,3.508,4.81,58,NB,BA,2019-02-14,2002485,0,why_connect_3a_row_226
S0227,10.1177/0956797614520714,control,P00227,3.861,3.659,5.29,64,M,Other,2019-04-07,2274718,1,why_connect_3a_row_227
S0228,10.1177/0956797615575277,control,P00228,5.602,3.504,3.95,31,F,BA,2019-05-16,615419,0,why_connect_3a_row_228
S0229,10.1037/pspa0000226,control,P00229,3.337,4.424,3.86,18,M,MA,2019-03-16,680626,0,why_connect_3a_row_229
S0230,10.1073/pnas.1209746109,treatment_a,P00230,4.197,5.025,6.11,48,NB,PhD,2019-06-12,303795,0,why_connect_3a_row_230
S0231,10.1177/0956797614520714,treatment_a,P00231,4.738,3.435,4.72,43,F,HS,2019-08-14,1763725,0,why_connect_3a_row_231
S0232,10.1073/pnas.1209746109,control,P00232,6.152,2.25,4.11,57,F,PhD,2019-11-26,1884282,1,why_connect_3a_row_232
S0233,10.1073/pnas.1209746109,treatment_b,P00233,6.176,5.438,5.95,20,F,HS,2019-02-26,1213080,0,why_connect_3a_row_233
S0234,10.1073/pnas.1209746109,control,P00234,5.346,4.584,4.93,38,M,PhD,2019-04-21,527953,0,why_connect_3a_row_234
S0235,10.1177/0956797615575277,treatment_b,P00235,4.381,1.888,5.39,39,F,BA,2019-10-07,1488571,0,why_connect_3a_row_235
S0236,10.1177/0956797614520714,control,P00236,5.445,5.596,3.62,22,NB,Other,2019-12-11,1623095,0,why_connect_3a_row_236
S0237,10.1177/0956797615575277,treatment_b,P00237,5.423,2.649,3.87,54,M,MA,2019-11-15,1706497,0,why_connect_3a_row_237
S0238,10.1177/0956797615575277,treatment_b,P00238,5.944,4.593,5.77,64,F,PhD,2019-01-06,2389237,0,why_connect_3a_row_238
S0239,10.1073/pnas.1209746109,treatment_a,P00239,4.135,3.092,4.29,24,M,Other,2019-01-06,945651,0,why_connect_3a_row_239
S0240,10.1037/pspa0000226,control,P00240,5.487,2.876,5.14,64,M,HS,2019-09-11,1174248,1,why_connect_3a_row_240
S0241,10.1177/0956797614520714,treatment_a,P00241,3.958,3.542,4.19,21,M,Other,2019-04-03,595824,0,why_connect_3a_row_241
S0242,10.1177/0956797615575277,control,P00242,5.154,3.537,4.64,23,F,BA,2019-09-26,1835087,0,why_connect_3a_row_242
S0243,10.1177/0956797615575277,treatment_b,P00243,2.846,2.268,4.8,50,F,MA,2019-07-11,1178829,0,why_connect_3a_row_243
S0244,10.1177/0956797614520714,treatment_b,P00244,4.727,4.195,5.04,37,M,HS,2019-01-09,1762884,0,why_connect_3a_row_244
S0245,10.1073/pnas.1209746109,treatment_a,P00245,4.568,3.126,3.86,37,F,BA,2019-12-19,787168,0,why_connect_3a_row_245
S0246,10.1037/pspa0000226,treatment_a,P00246,4.518,3.173,4.94,30,NB,MA,2019-08-04,401079,0,why_connect_3a_row_246
S0247,10.1177/0956797615575277,treatment_b,P00247,6.914,2.531,4.74,53,F,PhD,2019-04-24,884926,0,why_connect_3a_row_247
S0248,10.1037/pspa0000226,treatment_b,P00248,5.316,2.823,5.95,43,M,BA,2019-11-22,1033545,1,why_connect_3a_row_248
S0249,10.1177/0956797614520714,treatment_b,P00249,5.811,3.307,4.9,28,F,MA,2019-07-03,1708228,1,why_connect_3a_row_249
S0250,10.1177/0956797614520714,treatment_a,P00250,3.569,4.545,5.0,45,F,HS,2019-09-23,1854980,0,why_connect_3a_row_250
S0251,10.1177/0956797615575277,control,P00251,6.473,4.991,6.12,53,M,HS,2019-04-22,432591,0,why_connect_3a_row_251
S0252,10.1177/0956797615575277,treatment_b,P00252,3.136,3.591,5.35,54,F,HS,2019-12-26,388373,0,why_connect_3a_row_252
S0253,10.1037/pspa0000226,treatment_a,P00253,4.364,4.162,4.76,51,F,PhD,2019-10-13,960938,0,why_connect_3a_row_253
S0254,10.1177/0956797615575277,treatment_a,P00254,4.223,3.957,4.81,42,F,MA,2019-08-06,1472363,0,why_connect_3a_row_254
S0255,10.1037/pspa0000226,treatment_a,P00255,2.911,3.192,3.41,28,F,Other,2019-06-18,1855029,0,why_connect_3a_row_255
S0256,10.1073/pnas.1209746109,control,P00256,4.326,3.131,4.58,57,NB,MA,2019-04-22,766984,0,why_connect_3a_row_256
S0257,10.1177/0956797614520714,control,P00257,3.914,2.499,4.69,52,M,PhD,2019-10-13,1945315,1,why_connect_3a_row_257
S0258,10.1073/pnas.1209746109,treatment_b,P00258,5.576,4.577,5.52,53,F,PhD,2019-10-13,457169,0,why_connect_3a_row_258
S0259,10.1177/0956797614520714,treatment_a,P00259,4.689,4.105,3.66,51,F,MA,2019-01-14,1619373,0,why_connect_3a_row_259
S0260,10.1073/pnas.1209746109,control,P00260,4.418,4.948,5.13,62,F,BA,2019-09-23,1154848,0,why_connect_3a_row_260
S0261,10.1177/0956797614520714,control,P00261,2.414,3.472,4.77,27,F,BA,2019-09-25,409086,0,why_connect_3a_row_261
S0262,10.1073/pnas.1209746109,control,P00262,5.733,3.483,5.32,34,F,MA,2019-09-03,1512289,0,why_connect_3a_row_262
S0263,10.1177/0956797615575277,treatment_a,P00263,4.734,2.791,3.65,44,F,HS,2019-05-04,1269991,0,why_connect_3a_row_263
S0264,10.1073/pnas.1209746109,treatment_a,P00264,4.048,4.285,4.02,49,M,Other,2019-09-09,2039768,0,why_connect_3a_row_264
S0265,10.1073/pnas.1209746109,control,P00265,4.941,3.636,4.77,38,M,MA,2019-09-22,1433285,0,why_connect_3a_row_265
S0266,10.1177/0956797615575277,treatment_b,P00266,3.89,3.566,4.47,52,NB,HS,2019-02-05,2115097,0,why_connect_3a_row_266
S0267,10.1177/0956797615575277,treatment_b,P00267,4.951,4.212,6.09,41,M,BA,2019-03-15,359271,0,why_connect_3a_row_267
S0268,10.1177/0956797615575277,treatment_a,P00268,3.899,4.918,4.72,33,M,HS,2019-01-15,1685254,0,why_connect_3a_row_268
S0269,10.1073/pnas.1209746109,treatment_a,P00269,6.053,3.197,7.67,43,M,BA,2019-07-26,355011,0,why_connect_3a_row_269
S0270,10.1037/pspa0000226,control,P00270,3.708,4.505,5.32,45,M,Other,2019-10-14,992913,0,why_connect_3a_row_270
S0271,10.1177/0956797614520714,control,P00271,3.294,2.84,3.49,47,F,HS,2019-09-27,931025,0,why_connect_3a_row_271
S0272,10.1177/0956797615575277,treatment_b,P00272,4.933,4.469,4.14,52,F,MA,2019-10-27,461155,0,why_connect_3a_row_272
S0273,10.1177/0956797615575277,control,P00273,4.563,3.505,5.75,27,F,PhD,2019-05-09,631411,1,why_connect_3a_row_273
S0274,10.1177/0956797615575277,treatment_a,P00274,5.51,3.651,5.72,29,M,BA,2019-12-18,2230921,0,why_connect_3a_row_274
S0275,10.1177/0956797615575277,treatment_b,P00275,2.652,2.566,5.77,21,F,BA,2019-02-06,1640600,0,why_connect_3a_row_275
S0276,10.1037/pspa0000226,treatment_b,P00276,4.4,3.054,4.25,28,M,BA,2019-11-12,835895,0,why_connect_3a_row_276
S0277,10.1177/0956797615575277,control,P00277,3.504,3.316,4.37,59,F,HS,2019-12-26,813809,0,why_connect_3a_row_277
S0278,10.1037/pspa0000226,control,P00278,4.509,2.884,5.43,65,F,MA,2019-05-04,2024955,0,why_connect_3a_row_278
S0279,10.1177/0956797614520714,treatment_a,P00279,3.731,3.885,5.2,60,NB,BA,2019-11-12,1994924,0,why_connect_3a_row_279
S0280,10.1073/pnas.1209746109,treatment_a,P00280,3.791,3.095,5.44,65,F,BA,2019-10-10,1906740,0,why_connect_3a_row_280
S0281,10.1073/pnas.1209746109,treatment_a,P00281,4.925,3.141,3.11,56,M,HS,2019-08-04,722393,0,why_connect_3a_row_281
S0282,10.1177/0956797614520714,treatment_a,P00282,4.278,3.246,4.68,46,F,Other,2019-11-03,936352,0,why_connect_3a_row_282
S0283,10.1177/0956797615575277,treatment_b,P00283,4.991,4.88,3.02,26,F,HS,2019-10-17,1747612,0,why_connect_3a_row_283
S0284,10.1177/0956797614520714,control,P00284,2.701,3.561,5.61,39,F,PhD,2019-05-28,333878,0,why_connect_3a_row_284
S0285,10.1073/pnas.1209746109,treatment_a,P00285,5.295,3.913,4.52,54,NB,BA,2019-07-10,1092901,0,why_connect_3a_row_285
S0286,10.1177/0956797615575277,control,P00286,6.856,4.104,6.52,46,M,PhD,2019-07-08,279968,0,why_connect_3a_row_286
S0287,10.1073/pnas.1209746109,treatment_b,P00287,4.49,3.076,5.51,30,M,HS,2019-01-20,857049,0,why_connect_3a_row_287
S0288,10.1177/0956797615575277,control,P00288,3.397,2.52,5.26,18,M,HS,2019-08-09,1634848,0,why_connect_3a_row_288
S0289,10.1037/pspa0000226,treatment_a,P00289,3.987,4.484,4.59,59,F,HS,2019-03-26,655784,0,why_connect_3a_row_289
S0290,10.1073/pnas.1209746109,treatment_a,P00290,2.645,4.87,6.63,47,F,HS,2019-11-15,2194269,0,why_connect_3a_row_290
S0291,10.1037/pspa0000226,treatment_b,P00291,2.246,3.904,5.59,40,M,PhD,2019-04-11,645135,0,why_connect_3a_row_291
S0292,10.1177/0956797615575277,control,P00292,4.482,3.776,4.96,36,F,MA,2019-01-18,699965,0,why_connect_3a_row_292
S0293,10.1177/0956797615575277,treatment_a,P00293,4.154,5.324,4.07,47,F,BA,2019-03-16,1449910,0,why_connect_3a_row_293
S0294,10.1177/0956797614520714,control,P00294,3.685,3.998,6.02,47,M,HS,2019-12-13,1489228,0,why_connect_3a_row_294
S0295,10.1177/0956797614520714,treatment_b,P00295,2.346,4.513,3.35,59,F,BA,2019-12-13,640370,1,why_connect_3a_row_295
S0296,10.1037/pspa0000226,treatment_a,P00296,3.176,4.054,3.53,33,M,MA,2019-08-03,1913134,0,why_connect_3a_row_296
S0297,10.1177/0956797615575277,treatment_a,P00297,2.294,3.756,3.29,30,F,MA,2019-09-15,1901588,0,why_connect_3a_row_297
S0298,10.1073/pnas.1209746109,control,P00298,3.974,3.167,4.45,31,NB,BA,2019-03-09,2308774,0,why_connect_3a_row_298
S0299,10.1037/pspa0000226,treatment_a,P00299,6.468,3.935,3.86,35,NB,Other,2019-04-15,2138864,0,why_connect_3a_row_299
S0300,10.1037/pspa0000226,treatment_a,P00300,4.311,2.691,4.25,18,NB,PhD,2019-11-20,986229,0,why_connect_3a_row_300
S0301,10.1073/pnas.1209746109,treatment_b,P00301,4.507,3.306,4.44,47,NB,PhD,2019-01-21,1475527,0,why_connect_3a_row_301
S0302,10.1037/pspa0000226,treatment_a,P00302,3.097,3.754,4.55,36,M,PhD,2019-12-15,2278962,0,why_connect_3a_row_302
S0303,10.1177/0956797615575277,control,P00303,4.866,4.016,5.16,35,F,BA,2019-10-15,1827128,0,why_connect_3a_row_303
S0304,10.1177/0956797615575277,treatment_b,P00304,2.525,4.467,5.34,61,F,PhD,2019-05-27,1007736,0,why_connect_3a_row_304
S0305,10.1073/pnas.1209746109,control,P00305,4.024,5.35,6.98,30,F,Other,2019-12-23,461023,0,why_connect_3a_row_305
S0306,10.1177/0956797614520714,control,P00306,3.734,4.736,5.73,48,F,PhD,2019-10-28,1752155,0,why_connect_3a_row_306
S0307,10.1177/0956797615575277,treatment_a,P00307,3.659,4.224,5.21,57,F,PhD,2019-05-10,609190,0,why_connect_3a_row_307
S0308,10.1177/0956797614520714,control,P00308,5.252,4.532,5.64,57,M,MA,2019-03-23,1641922,1,why_connect_3a_row_308
S0309,10.1073/pnas.1209746109,control,P00309,4.595,3.782,4.5,56,F,MA,2019-11-16,601628,0,why_connect_3a_row_309
S0310,10.1037/pspa0000226,treatment_a,P00310,5.608,2.447,4.19,53,F,HS,2019-10-04,1096780,0,why_connect_3a_row_310
S0311,10.1037/pspa0000226,treatment_a,P00311,3.998,3.234,5.14,59,F,HS,2019-02-20,1425922,0,why_connect_3a_row_311
S0312,10.1177/0956797614520714,treatment_b,P00312,4.657,2.983,6.48,53,M,Other,2019-03-23,1377041,0,why_connect_3a_row_312
S0313,10.1037/pspa0000226,treatment_b,P00313,4.263,3.287,4.92,60,M,MA,2019-01-19,1053366,0,why_connect_3a_row_313
S0314,10.1073/pnas.1209746109,control,P00314,3.035,4.894,5.63,65,F,BA,2019-06-18,2388458,0,why_connect_3a_row_314
S0315,10.1037/pspa0000226,treatment_a,P00315,3.846,4.361,5.01,63,F,PhD,2019-04-02,1633459,0,why_connect_3a_row_315
S0316,10.1177/0956797615575277,treatment_b,P00316,3.862,3.537,5.77,46,NB,BA,2019-01-07,1672717,0,why_connect_3a_row_316
S0317,10.1177/0956797614520714,control,P00317,4.273,4.677,3.94,53,NB,HS,2019-11-19,1988487,0,why_connect_3a_row_317
S0318,10.1073/pnas.1209746109,treatment_b,P00318,5.575,4.717,6.2,40,F,Other,2019-06-20,393319,0,why_connect_3a_row_318
S0319,10.1177/0956797615575277,control,P00319,5.771,3.463,4.27,64,M,BA,2019-06-12,1463881,0,why_connect_3a_row_319
S0320,10.1177/0956797615575277,treatment_a,P00320,4.11,3.817,5.94,23,F,BA,2019-10-04,2394831,0,why_connect_3a_row_320
S0321,10.1037/pspa0000226,control,P00321,5.305,3.724,6.44,52,NB,HS,2019-08-24,1060836,0,why_connect_3a_row_321
S0322,10.1073/pnas.1209746109,control,P00322,4.815,3.165,4.32,33,NB,BA,2019-09-10,1022838,0,why_connect_3a_row_322
S0323,10.1073/pnas.1209746109,control,P00323,4.991,3.813,4.31,31,F,HS,2019-09-23,186386,0,why_connect_3a_row_323
S0324,10.1037/pspa0000226,treatment_b,P00324,4.746,2.425,5.38,33,M,PhD,2019-08-05,2039138,0,why_connect_3a_row_324
S0325,10.1037/pspa0000226,treatment_a,P00325,4.787,3.087,5.32,61,F,BA,2019-10-24,1162406,0,why_connect_3a_row_325
S0326,10.1177/0956797614520714,treatment_a,P00326,4.811,5.104,5.13,54,F,PhD,2019-01-25,624902,0,why_connect_3a_row_326
S0327,10.1073/pnas.1209746109,treatment_a,P00327,1.595,4.663,5.98,43,F,BA,2019-01-27,890164,1,why_connect_3a_row_327
S0328,10.1177/0956797614520714,treatment_a,P00328,7.013,4.71,5.88,34,F,MA,2019-04-21,2233794,0,why_connect_3a_row_328
S0329,10.1177/0956797614520714,control,P00329,5.423,4.347,3.73,63,F,Other,2019-06-03,425847,0,why_connect_3a_row_329
S0330,10.1037/pspa0000226,control,P00330,4.755,2.585,5.62,60,F,HS,2019-01-13,2145063,0,why_connect_3a_row_330
S0331,10.1177/0956797614520714,treatment_b,P00331,6.225,4.852,5.81,59,M,PhD,2019-11-23,705693,0,why_connect_3a_row_331
S0332,10.1073/pnas.1209746109,treatment_b,P00332,6.527,5.383,4.86,54,M,BA,2019-07-12,2194984,0,why_connect_3a_row_332
S0333,10.1177/0956797614520714,treatment_a,P00333,5.364,3.965,4.27,41,F,BA,2019-11-07,481450,0,why_connect_3a_row_333
S0334,10.1177/0956797614520714,control,P00334,3.769,3.054,6.05,22,M,Other,2019-10-24,1054101,0,why_connect_3a_row_334
S0335,10.1037/pspa0000226,treatment_b,P00335,3.682,4.842,4.32,37,M,Other,2019-02-20,2250475,0,why_connect_3a_row_335
S0336,10.1037/pspa0000226,treatment_a,P00336,6.568,4.606,4.72,56,NB,HS,2019-08-24,876360,0,why_connect_3a_row_336
S0337,10.1177/0956797615575277,control,P00337,7.199,2.983,5.11,44,M,PhD,2019-04-01,1451320,0,why_connect_3a_row_337
S0338,10.1177/0956797614520714,treatment_a,P00338,3.866,3.819,5.4,38,F,HS,2019-08-24,1774649,0,why_connect_3a_row_338
S0339,10.1073/pnas.1209746109,treatment_b,P00339,4.924,5.277,6.14,55,NB,HS,2019-09-16,296147,1,why_connect_3a_row_339
S0340,10.1073/pnas.1209746109,control,P00340,6.734,4.731,4.62,47,M,HS,2019-04-25,742262,0,why_connect_3a_row_340
S0341,10.1037/pspa0000226,control,P00341,3.847,5.273,5.6,58,F,HS,2019-09-22,1444526,0,why_connect_3a_row_341
S0342,10.1073/pnas.1209746109,treatment_b,P00342,3.143,3.807,4.67,62,NB,PhD,2019-01-09,2359636,0,why_connect_3a_row_342
S0343,10.1037/pspa0000226,treatment_b,P00343,4.925,5.289,5.77,24,M,Other,2019-08-11,936718,0,why_connect_3a_row_343
S0344,10.1177/0956797614520714,control,P00344,3.566,2.915,5.5,62,M,MA,2019-01-01,624940,0,why_connect_3a_row_344
S0345,10.1037/pspa0000226,treatment_a,P00345,4.441,4.479,5.02,48,F,BA,2019-02-03,1948441,0,why_connect_3a_row_345
S0346,10.1037/pspa0000226,treatment_a,P00346,1.705,2.567,4.42,54,F,MA,2019-03-01,1529534,0,why_connect_3a_row_346
S0347,10.1177/0956797614520714,treatment_a,P00347,2.903,3.569,4.88,28,F,Other,2019-12-09,2151401,0,why_connect_3a_row_347
S0348,10.1037/pspa0000226,control,P00348,3.836,2.669,6.68,51,M,BA,2019-07-11,1151200,0,why_connect_3a_row_348
S0349,10.1073/pnas.1209746109,treatment_b,P00349,4.019,5.311,4.25,54,F,HS,2019-03-02,1673813,0,why_connect_3a_row_349
S0350,10.1073/pnas.1209746109,treatment_b,P00350,5.151,3.38,4.87,39,M,HS,2019-07-23,1170438,0,why_connect_3a_row_350
S0351,10.1177/0956797614520714,control,P00351,4.651,4.305,4.8,29,M,MA,2019-11-04,804217,0,why_connect_3a_row_351
S0352,10.1177/0956797614520714,treatment_b,P00352,4.257,4.951,3.14,39,F,BA,2019-06-09,263291,0,why_connect_3a_row_352
S0353,10.1073/pnas.1209746109,treatment_a,P00353,3.216,4.337,4.6,47,NB,BA,2019-07-25,2233822,0,why_connect_3a_row_353
S0354,10.1177/0956797614520714,control,P00354,5.334,4.558,4.24,51,M,BA,2019-04-13,1443301,0,why_connect_3a_row_354
S0355,10.1073/pnas.1209746109,control,P00355,6.865,3.751,2.62,18,NB,HS,2019-08-06,1229733,0,why_connect_3a_row_355
S0356,10.1073/pnas.1209746109,treatment_b,P00356,4.897,3.226,5.08,27,NB,BA,2019-06-22,2148101,0,why_connect_3a_row_356
S0357,10.1177/0956797615575277,treatment_b,P00357,1.078,4.486,4.53,63,M,MA,2019-04-09,921973,0,why_connect_3a_row_357
S0358,10.1037/pspa0000226,treatment_b,P00358,4.434,5.803,3.88,53,F,BA,2019-09-10,1179846,0,why_connect_3a_row_358
S0359,10.1037/pspa0000226,treatment_b,P00359,6.187,5.094,6.13,19,M,PhD,2019-07-28,1219731,0,why_connect_3a_row_359
S0360,10.1073/pnas.1209746109,treatment_b,P00360,6.28,3.438,3.68,36,F,MA,2019-04-28,1889351,0,why_connect_3a_row_360
S0361,10.1177/0956797615575277,treatment_a,P00361,5.582,4.559,5.0,32,F,HS,2019-07-18,844322,0,why_connect_3a_row_361
S0362,10.1037/pspa0000226,treatment_b,P00362,6.606,4.491,6.07,37,M,MA,2019-07-07,822650,0,why_connect_3a_row_362
S0363,10.1073/pnas.1209746109,control,P00363,2.731,1.415,5.18,40,M,HS,2019-05-17,188653,0,why_connect_3a_row_363
S0364,10.1177/0956797615575277,control,P00364,2.167,3.117,4.31,55,F,MA,2019-08-19,1297139,0,why_connect_3a_row_364
S0365,10.1073/pnas.1209746109,control,P00365,3.803,1.551,4.7,64,NB,HS,2019-04-15,807726,1,why_connect_3a_row_365
S0366,10.1073/pnas.1209746109,treatment_a,P00366,5.096,3.22,4.95,40,F,PhD,2019-07-12,770035,0,why_connect_3a_row_366
S0367,10.1037/pspa0000226,treatment_a,P00367,4.781,4.287,4.49,32,F,HS,2019-10-23,353735,1,why_connect_3a_row_367
S0368,10.1037/pspa0000226,control,P00368,5.683,4.191,5.5,56,F,HS,2019-12-16,1636060,1,why_connect_3a_row_368
S0369,10.1037/pspa0000226,treatment_b,P00369,4.613,3.507,5.75,62,M,Other,2019-03-15,445019,0,why_connect_3a_row_369
S0370,10.1177/0956797615575277,treatment_b,P00370,2.697,3.721,5.08,27,F,PhD,2019-08-12,1509170,0,why_connect_3a_row_370
S0371,10.1073/pnas.1209746109,control,P00371,4.014,5.262,5.16,21,F,HS,2019-07-22,1519442,0,why_connect_3a_row_371
S0372,10.1073/pnas.1209746109,treatment_a,P00372,5.213,2.163,4.6,32,M,Other,2019-10-18,1801545,0,why_connect_3a_row_372
S0373,10.1037/pspa0000226,treatment_b,P00373,3.852,4.414,6.27,41,F,MA,2019-04-09,970133,0,why_connect_3a_row_373
S0374,10.1037/pspa0000226,treatment_b,P00374,4.977,4.714,4.95,52,M,Other,2019-05-09,353957,0,why_connect_3a_row_374
S0375,10.1073/pnas.1209746109,treatment_a,P00375,3.722,4.947,2.9,42,F,HS,2019-01-24,2355973,0,why_connect_3a_row_375
S0376,10.1177/0956797614520714,treatment_a,P00376,4.359,5.081,4.95,42,F,BA,2019-06-18,1639802,0,why_connect_3a_row_376
S0377,10.1073/pnas.1209746109,control,P00377,2.564,2.013,4.36,36,F,Other,2019-08-05,923399,0,why_connect_3a_row_377
S0378,10.1177/0956797614520714,treatment_b,P00378,5.005,4.366,4.79,49,F,BA,2019-09-22,840534,0,why_connect_3a_row_378
S0379,10.1037/pspa0000226,treatment_b,P00379,4.851,4.014,5.29,19,M,MA,2019-08-22,2255896,1,why_connect_3a_row_379
S0380,10.1073/pnas.1209746109,control,P00380,3.736,4.323,3.56,47,M,MA,2019-08-16,2090917,0,why_connect_3a_row_380
S0381,10.1177/0956797614520714,treatment_a,P00381,3.819,3.349,4.21,30,F,BA,2019-04-27,1126753,0,why_connect_3a_row_381
S0382,10.1177/0956797615575277,treatment_b,P00382,3.765,4.451,5.58,42,F,BA,2019-06-21,1525412,0,why_connect_3a_row_382
S0383,10.1073/pnas.1209746109,treatment_b,P00383,4.865,4.683,4.54,29,M,Other,2019-12-22,2000641,0,why_connect_3a_row_383
S0384,10.1177/0956797614520714,treatment_b,P00384,3.73,3.181,3.52,40,NB,BA,2019-10-27,335080,0,why_connect_3a_row_384
S0385,10.1177/0956797614520714,treatment_a,P00385,3.736,4.435,5.19,65,F,Other,2019-02-05,1602789,0,why_connect_3a_row_385
S0386,10.1177/0956797614520714,treatment_a,P00386,3.948,3.055,4.91,33,NB,HS,2019-10-13,681611,0,why_connect_3a_row_386
S0387,10.1037/pspa0000226,treatment_b,P00387,3.142,6.036,4.68,53,M,Other,2019-02-04,792077,0,why_connect_3a_row_387
S0388,10.1037/pspa0000226,treatment_a,P00388,3.696,4.441,4.91,39,F,Other,2019-03-01,1181470,0,why_connect_3a_row_388
S0389,10.1177/0956797615575277,treatment_a,P00389,1.739,3.76,5.34,22,M,Other,2019-01-05,643496,0,why_connect_3a_row_389
S0390,10.1037/pspa0000226,treatment_a,P00390,6.243,3.551,4.88,49,M,MA,2019-11-20,1549742,0,why_connect_3a_row_390
S0391,10.1073/pnas.1209746109,treatment_a,P00391,5.907,2.907,6.57,58,NB,MA,2019-01-06,2347299,0,why_connect_3a_row_391
S0392,10.1073/pnas.1209746109,control,P00392,6.42,3.032,3.79,43,F,PhD,2019-12-27,2137724,0,why_connect_3a_row_392
S0393,10.1037/pspa0000226,control,P00393,6.15,3.721,5.9,60,F,PhD,2019-07-26,1706349,0,why_connect_3a_row_393
S0394,10.1037/pspa0000226,treatment_b,P00394,5.552,3.218,4.3,24,NB,BA,2019-12-02,2053966,0,why_connect_3a_row_394
S0395,10.1073/pnas.1209746109,control,P00395,3.78,3.779,3.99,23,F,MA,2019-08-24,1782436,1,why_connect_3a_row_395
S0396,10.1177/0956797615575277,treatment_a,P00396,3.608,3.717,5.27,23,M,Other,2019-10-01,1011592,0,why_connect_3a_row_396
S0397,10.1073/pnas.1209746109,control,P00397,3.364,3.635,6.54,47,M,Other,2019-05-17,185357,0,why_connect_3a_row_397
S0398,10.1177/0956797614520714,treatment_b,P00398,3.49,4.122,5.25,31,F,Other,2019-02-01,835691,0,why_connect_3a_row_398
S0399,10.1037/pspa0000226,treatment_a,P00399,3.166,4.611,4.07,63,F,PhD,2019-05-18,2357583,0,why_connect_3a_row_399
S0400,10.1037/pspa0000226,treatment_b,P00400,5.137,5.005,4.16,26,F,PhD,2019-11-19,1153549,0,why_connect_3a_row_400
S0401,10.1177/0956797615575277,treatment_b,P00401,4.005,3.422,5.34,43,F,Other,2019-11-06,2188041,0,why_connect_3a_row_401
S0402,10.1073/pnas.1209746109,treatment_a,P00402,5.648,1.799,6.38,24,NB,HS,2019-11-07,1039440,0,why_connect_3a_row_402
S0403,10.1177/0956797615575277,control,P00403,4.691,3.484,5.02,47,NB,HS,2019-05-13,1878972,0,why_connect_3a_row_403
S0404,10.1037/pspa0000226,control,P00404,6.256,3.971,5.18,32,M,HS,2019-06-07,1449982,0,why_connect_3a_row_404
S0405,10.1037/pspa0000226,control,P00405,4.285,5.515,4.55,43,F,PhD,2019-12-05,1282878,0,why_connect_3a_row_405
S0406,10.1073/pnas.1209746109,control,P00406,5.279,4.689,4.81,44,M,HS,2019-10-19,1670306,1,why_connect_3a_row_406
S0407,10.1177/0956797615575277,treatment_b,P00407,6.07,4.249,6.0,39,F,BA,2019-06-04,1233411,0,why_connect_3a_row_407
S0408,10.1037/pspa0000226,treatment_b,P00408,6.796,4.721,5.24,20,F,Other,2019-04-27,1083325,0,why_connect_3a_row_408
S0409,10.1073/pnas.1209746109,treatment_b,P00409,5.983,3.711,6.45,31,M,MA,2019-09-09,1411499,0,why_connect_3a_row_409
S0410,10.1177/0956797615575277,treatment_a,P00410,4.874,4.977,5.31,61,M,PhD,2019-07-21,670079,0,why_connect_3a_row_410
S0411,10.1037/pspa0000226,treatment_a,P00411,3.899,3.721,4.93,56,F,Other,2019-09-17,987905,0,why_connect_3a_row_411
S0412,10.1073/pnas.1209746109,treatment_b,P00412,5.813,2.163,5.57,30,NB,HS,2019-05-07,1413609,0,why_connect_3a_row_412
S0413,10.1037/pspa0000226,treatment_b,P00413,4.592,3.583,6.98,48,F,PhD,2019-04-17,637371,0,why_connect_3a_row_413
S0414,10.1037/pspa0000226,treatment_a,P00414,4.181,4.059,5.24,20,F,BA,2019-01-16,1268580,0,why_connect_3a_row_414
S0415,10.1177/0956797615575277,treatment_a,P00415,4.043,3.475,4.22,53,F,Other,2019-08-12,2328091,0,why_connect_3a_row_415
S0416,10.1177/0956797615575277,treatment_b,P00416,5.235,2.934,6.41,47,F,BA,2019-09-20,589208,0,why_connect_3a_row_416
S0417,10.1177/0956797615575277,treatment_a,P00417,2.754,3.811,5.65,30,F,Other,2019-11-16,222835,0,why_connect_3a_row_417
S0418,10.1073/pnas.1209746109,treatment_a,P00418,3.204,2.81,6.46,40,F,Other,2019-05-27,1798519,0,why_connect_3a_row_418
S0419,10.1073/pnas.1209746109,treatment_a,P00419,3.7,4.584,5.38,48,F,BA,2019-12-11,854092,0,why_connect_3a_row_419
S0420,10.1037/pspa0000226,treatment_a,P00420,4.317,5.707,4.86,29,M,Other,2019-12-12,395698,0,why_connect_3a_row_420
S0421,10.1177/0956797615575277,treatment_b,P00421,4.036,4.739,4.8,57,F,PhD,2019-11-16,1757868,0,why_connect_3a_row_421
S0422,10.1177/0956797615575277,treatment_b,P00422,4.62,4.366,4.12,64,M,PhD,2019-09-06,871182,0,why_connect_3a_row_422
S0423,10.1073/pnas.1209746109,treatment_b,P00423,3.136,3.101,3.33,56,M,Other,2019-08-28,204246,0,why_connect_3a_row_423
S0424,10.1177/0956797615575277,treatment_a,P00424,4.756,4.029,4.38,41,F,HS,2019-02-15,874094,0,why_connect_3a_row_424
S0425,10.1073/pnas.1209746109,control,P00425,6.131,4.308,5.2,28,NB,PhD,2019-08-16,1754868,1,why_connect_3a_row_425
S0426,10.1073/pnas.1209746109,treatment_b,P00426,3.49,2.626,5.5,22,NB,PhD,2019-12-22,349780,0,why_connect_3a_row_426
S0427,10.1177/0956797614520714,treatment_a,P00427,2.903,3.783,4.7,61,F,MA,2019-01-24,1917281,0,why_connect_3a_row_427
S0428,10.1037/pspa0000226,treatment_b,P00428,4.895,1.997,4.59,33,NB,Other,2019-03-28,1594370,0,why_connect_3a_row_428
S0429,10.1073/pnas.1209746109,treatment_b,P00429,3.918,4.122,5.49,51,M,Other,2019-02-20,2110686,0,why_connect_3a_row_429
S0430,10.1073/pnas.1209746109,control,P00430,4.457,4.111,5.32,21,F,PhD,2019-04-08,823687,1,why_connect_3a_row_430
S0431,10.1073/pnas.1209746109,treatment_a,P00431,4.861,3.037,3.8,51,F,PhD,2019-03-11,536438,0,why_connect_3a_row_431
S0432,10.1177/0956797614520714,treatment_a,P00432,5.195,3.304,6.64,38,M,BA,2019-04-26,1619334,0,why_connect_3a_row_432
S0433,10.1177/0956797615575277,treatment_b,P00433,2.382,5.312,6.3,38,NB,BA,2019-09-25,1399120,0,why_connect_3a_row_433
S0434,10.1037/pspa0000226,control,P00434,3.667,4.154,4.89,36,F,MA,2019-04-12,680697,0,why_connect_3a_row_434
S0435,10.1177/0956797615575277,control,P00435,5.287,4.973,4.21,28,F,BA,2019-08-19,1013388,0,why_connect_3a_row_435
S0436,10.1177/0956797615575277,treatment_b,P00436,5.485,5.86,4.1,33,F,Other,2019-05-28,1626769,0,why_connect_3a_row_436
S0437,10.1177/0956797615575277,control,P00437,2.778,2.351,6.24,54,F,PhD,2019-03-03,1378547,0,why_connect_3a_row_437
S0438,10.1177/0956797615575277,treatment_a,P00438,4.572,3.224,5.02,58,F,Other,2019-06-15,431412,0,why_connect_3a_row_438
S0439,10.1073/pnas.1209746109,treatment_b,P00439,4.884,4.751,4.96,39,M,BA,2019-09-21,443619,0,why_connect_3a_row_439
S0440,10.1037/pspa0000226,treatment_a,P00440,3.747,4.198,5.04,23,NB,HS,2019-05-14,1639710,0,why_connect_3a_row_440
S0441,10.1177/0956797614520714,treatment_b,P00441,4.512,2.434,4.31,51,M,PhD,2019-02-15,1241570,0,why_connect_3a_row_441
S0442,10.1177/0956797615575277,treatment_b,P00442,2.541,4.26,4.78,36,M,MA,2019-06-21,693895,1,why_connect_3a_row_442
S0443,10.1177/0956797614520714,treatment_a,P00443,4.849,5.256,5.86,43,NB,MA,2019-08-07,1921553,0,why_connect_3a_row_443
S0444,10.1073/pnas.1209746109,treatment_b,P00444,4.309,2.323,7.03,54,F,Other,2019-10-12,2101192,0,why_connect_3a_row_444
S0445,10.1073/pnas.1209746109,treatment_a,P00445,6.212,2.283,5.08,20,F,PhD,2019-03-21,1159132,0,why_connect_3a_row_445
S0446,10.1073/pnas.1209746109,treatment_b,P00446,3.267,3.144,5.67,41,F,PhD,2019-05-17,1803983,0,why_connect_3a_row_446
S0447,10.1177/0956797615575277,control,P00447,3.852,3.861,5.22,49,M,HS,2019-02-23,1078187,0,why_connect_3a_row_447
S0448,10.1073/pnas.1209746109,control,P00448,6.32,3.409,4.65,27,F,HS,2019-04-22,1098593,0,why_connect_3a_row_448
S0449,10.1177/0956797615575277,control,P00449,5.721,3.279,5.15,30,F,HS,2019-07-15,968707,0,why_connect_3a_row_449
S0450,10.1037/pspa0000226,treatment_b,P00450,4.793,2.457,5.24,26,M,Other,2019-10-09,1606530,1,why_connect_3a_row_450
S0451,10.1177/0956797614520714,control,P00451,4.226,3.918,6.26,21,M,PhD,2019-05-23,1451283,0,why_connect_3a_row_451
S0452,10.1037/pspa0000226,treatment_a,P00452,3.279,3.977,5.21,50,M,MA,2019-06-11,1206026,0,why_connect_3a_row_452
S0453,10.1177/0956797614520714,control,P00453,4.159,3.233,5.14,62,NB,HS,2019-05-18,366605,0,why_connect_3a_row_453
S0454,10.1177/0956797614520714,treatment_b,P00454,4.45,5.46,5.01,31,F,BA,2019-07-11,439214,0,why_connect_3a_row_454
S0455,10.1177/0956797614520714,treatment_b,P00455,3.892,4.57,5.29,59,F,BA,2019-05-20,1566219,0,why_connect_3a_row_455
S0456,10.1037/pspa0000226,control,P00456,3.797,4.605,5.71,38,F,Other,2019-06-24,1238899,0,why_connect_3a_row_456
S0457,10.1073/pnas.1209746109,treatment_b,P00457,6.576,3.392,5.25,20,M,PhD,2019-11-08,2226455,0,why_connect_3a_row_457
S0458,10.1037/pspa0000226,treatment_a,P00458,4.362,2.629,5.86,33,M,Other,2019-07-17,1984130,0,why_connect_3a_row_458
S0459,10.1177/0956797614520714,control,P00459,4.247,4.14,5.86,24,F,HS,2019-11-05,304627,0,why_connect_3a_row_459
S0460,10.1177/0956797615575277,treatment_b,P00460,5.92,3.964,5.49,40,F,MA,2019-04-24,986622,1,why_connect_3a_row_460
S0461,10.1073/pnas.1209746109,treatment_b,P00461,4.832,4.029,5.27,45,NB,Other,2019-03-03,1157795,0,why_connect_3a_row_461
S0462,10.1037/pspa0000226,treatment_b,P00462,4.414,3.955,6.24,64,M,MA,2019-05-02,1508906,0,why_connect_3a_row_462
S0463,10.1177/0956797614520714,treatment_a,P00463,4.194,3.181,6.77,24,F,Other,2019-09-05,2001347,0,why_connect_3a_row_463
S0464,10.1073/pnas.1209746109,control,P00464,1.317,4.422,3.88,47,F,Other,2019-03-06,737742,0,why_connect_3a_row_464
S0465,10.1177/0956797615575277,control,P00465,3.519,4.744,5.46,18,F,Other,2019-03-17,972354,1,why_connect_3a_row_465
S0466,10.1037/pspa0000226,treatment_a,P00466,3.88,4.639,4.83,30,F,Other,2019-01-11,1946344,0,why_connect_3a_row_466
S0467,10.1177/0956797615575277,treatment_a,P00467,5.461,4.875,5.96,58,M,Other,2019-10-27,936131,0,why_connect_3a_row_467
S0468,10.1177/0956797615575277,treatment_b,P00468,4.538,4.567,5.39,28,F,HS,2019-05-15,480763,0,why_connect_3a_row_468
S0469,10.1177/0956797615575277,control,P00469,5.202,5.057,5.26,44,F,Other,2019-08-20,561459,0,why_connect_3a_row_469
S0470,10.1177/0956797614520714,treatment_b,P00470,3.847,3.925,5.74,19,F,PhD,2019-11-10,1830583,0,why_connect_3a_row_470
S0471,10.1177/0956797615575277,treatment_b,P00471,3.303,4.51,5.79,25,NB,BA,2019-01-19,1233353,0,why_connect_3a_row_471
S0472,10.1177/0956797614520714,control,P00472,5.989,3.493,6.31,62,NB,BA,2019-10-11,936781,0,why_connect_3a_row_472
S0473,10.1177/0956797614520714,treatment_a,P00473,5.498,3.258,5.26,35,F,PhD,2019-01-04,1981449,0,why_connect_3a_row_473
S0474,10.1177/0956797614520714,treatment_a,P00474,3.17,4.436,3.88,45,NB,HS,2019-02-06,1432491,0,why_connect_3a_row_474
S0475,10.1037/pspa0000226,treatment_b,P00475,5.249,3.042,4.08,24,M,MA,2019-12-14,320249,0,why_connect_3a_row_475
S0476,10.1177/0956797615575277,treatment_b,P00476,4.418,3.023,3.82,32,F,Other,2019-10-09,2206599,0,why_connect_3a_row_476
S0477,10.1177/0956797614520714,treatment_b,P00477,3.183,2.363,6.55,30,M,MA,2019-03-06,386074,0,why_connect_3a_row_477
S0478,10.1037/pspa0000226,treatment_b,P00478,3.395,2.452,3.85,34,F,PhD,2019-05-05,1096396,0,why_connect_3a_row_478
S0479,10.1073/pnas.1209746109,control,P00479,2.678,3.382,5.11,48,NB,PhD,2019-03-28,382521,0,why_connect_3a_row_479
S0480,10.1177/0956797614520714,control,P00480,3.605,4.996,4.54,48,F,HS,2019-05-28,2379145,0,why_connect_3a_row_480
S0481,10.1177/0956797615575277,control,P00481,4.808,4.266,4.65,30,NB,HS,2019-09-20,348519,0,why_connect_3a_row_481
S0482,10.1037/pspa0000226,treatment_a,P00482,6.905,3.486,4.41,26,M,HS,2019-02-01,409707,0,why_connect_3a_row_482
S0483,10.1177/0956797614520714,control,P00483,5.037,4.005,4.91,27,NB,MA,2019-05-07,862677,0,why_connect_3a_row_483
S0484,10.1177/0956797614520714,treatment_b,P00484,4.478,3.072,5.01,33,M,PhD,2019-04-27,404975,0,why_connect_3a_row_484
S0485,10.1037/pspa0000226,treatment_b,P00485,3.974,3.951,4.93,33,M,HS,2019-05-22,873973,0,why_connect_3a_row_485
S0486,10.1177/0956797615575277,treatment_b,P00486,3.497,3.97,4.72,20,NB,PhD,2019-07-23,1568366,0,why_connect_3a_row_486
S0487,10.1177/0956797614520714,treatment_a,P00487,3.099,1.736,5.53,64,M,PhD,2019-07-01,2058055,0,why_connect_3a_row_487
S0488,10.1177/0956797614520714,treatment_b,P00488,4.656,3.353,5.44,48,F,PhD,2019-08-21,338353,0,why_connect_3a_row_488
S0489,10.1037/pspa0000226,treatment_b,P00489,4.865,3.989,5.17,23,M,BA,2019-05-24,2098867,0,why_connect_3a_row_489
S0490,10.1037/pspa0000226,control,P00490,3.488,5.349,4.83,54,F,Other,2019-08-13,1878143,0,why_connect_3a_row_490
S0491,10.1177/0956797614520714,control,P00491,5.111,3.349,4.81,21,NB,HS,2019-02-06,871410,0,why_connect_3a_row_491
S0492,10.1177/0956797614520714,treatment_b,P00492,4.567,4.127,4.46,32,F,Other,2019-02-22,923181,0,why_connect_3a_row_492
S0493,10.1177/0956797615575277,treatment_a,P00493,6.467,1.716,5.7,24,F,BA,2019-11-16,1359096,0,why_connect_3a_row_493
S0494,10.1037/pspa0000226,treatment_a,P00494,2.63,6.112,4.76,53,F,PhD,2019-11-05,1181182,0,why_connect_3a_row_494
S0495,10.1177/0956797614520714,control,P00495,5.74,3.866,4.42,38,F,MA,2019-12-21,431006,0,why_connect_3a_row_495
S0496,10.1037/pspa0000226,treatment_b,P00496,4.505,2.999,4.94,28,M,BA,2019-02-07,835291,0,why_connect_3a_row_496
S0497,10.1037/pspa0000226,control,P00497,3.54,3.319,4.79,44,F,HS,2019-08-04,521199,0,why_connect_3a_row_497
S0498,10.1073/pnas.1209746109,treatment_a,P00498,5.093,2.652,5.65,26,F,PhD,2019-05-24,1471805,0,why_connect_3a_row_498
S0499,10.1177/0956797615575277,treatment_a,P00499,6.374,4.257,5.46,46,M,HS,2019-06-15,722566,0,why_connect_3a_row_499
S0500,10.1177/0956797614520714,control,P00500,4.553,4.317,3.65,48,F,Other,2019-03-08,1249094,0,why_connect_3a_row_500
S0501,10.1177/0956797615575277,treatment_a,P00501,6.113,4.582,5.46,28,F,BA,2019-02-06,2148976,0,why_connect_3a_row_501
S0502,10.1073/pnas.1209746109,treatment_b,P00502,4.309,2.115,4.89,62,M,BA,2019-04-10,419421,0,why_connect_3a_row_502
S0503,10.1177/0956797615575277,treatment_b,P00503,6.593,3.692,6.0,20,F,HS,2019-11-01,827826,1,why_connect_3a_row_503
S0504,10.1073/pnas.1209746109,treatment_b,P00504,3.238,3.952,4.04,35,F,Other,2019-07-18,2141608,0,why_connect_3a_row_504
S0505,10.1177/0956797615575277,treatment_b,P00505,4.302,2.647,3.84,56,NB,PhD,2019-05-27,1031972,0,why_connect_3a_row_505
S0506,10.1073/pnas.1209746109,treatment_a,P00506,5.672,2.464,5.93,28,F,Other,2019-03-26,1861049,0,why_connect_3a_row_506
S0507,10.1177/0956797615575277,treatment_a,P00507,3.906,4.151,5.26,50,F,MA,2019-11-08,1795835,0,why_connect_3a_row_507
S0508,10.1177/0956797614520714,treatment_b,P00508,4.144,3.857,7.07,40,M,PhD,2019-09-16,2271633,0,why_connect_3a_row_508
S0509,10.1037/pspa0000226,control,P00509,5.523,4.701,4.55,27,F,HS,2019-07-04,833942,0,why_connect_3a_row_509
S0510,10.1177/0956797614520714,treatment_a,P00510,3.435,4.01,5.29,46,F,MA,2019-06-28,1240041,0,why_connect_3a_row_510
S0511,10.1177/0956797615575277,treatment_a,P00511,3.476,2.188,4.91,34,F,MA,2019-04-07,308554,0,why_connect_3a_row_511
S0512,10.1177/0956797614520714,control,P00512,3.77,3.356,3.93,57,F,PhD,2019-05-24,2194247,0,why_connect_3a_row_512
S0513,10.1177/0956797614520714,treatment_b,P00513,4.922,4.855,5.37,19,M,Other,2019-12-17,2113542,0,why_connect_3a_row_513
S0514,10.1177/0956797614520714,control,P00514,4.602,3.466,6.76,56,F,HS,2019-05-21,1994895,0,why_connect_3a_row_514
S0515,10.1177/0956797614520714,treatment_a,P00515,5.021,1.989,5.49,36,M,BA,2019-01-05,1367807,0,why_connect_3a_row_515
S0516,10.1177/0956797614520714,treatment_a,P00516,5.513,2.879,6.07,41,F,MA,2019-08-04,246944,0,why_connect_3a_row_516
S0517,10.1037/pspa0000226,control,P00517,5.14,2.235,5.69,55,F,BA,2019-01-27,286834,0,why_connect_3a_row_517
S0518,10.1073/pnas.1209746109,control,P00518,5.572,4.411,5.18,35,M,HS,2019-09-21,343532,0,why_connect_3a_row_518
S0519,10.1037/pspa0000226,control,P00519,2.61,4.699,5.67,22,F,MA,2019-12-10,1366121,0,why_connect_3a_row_519
S0520,10.1177/0956797614520714,treatment_a,P00520,4.225,2.33,5.49,32,F,HS,2019-04-01,1104998,0,why_connect_3a_row_520
S0521,10.1037/pspa0000226,treatment_a,P00521,3.958,3.823,5.68,22,M,BA,2019-11-19,926026,0,why_connect_3a_row_521
S0522,10.1073/pnas.1209746109,treatment_a,P00522,5.137,4.446,4.98,21,M,HS,2019-11-11,2131568,0,why_connect_3a_row_522
S0523,10.1177/0956797615575277,control,P00523,4.623,3.668,4.84,57,NB,BA,2019-01-02,374270,0,why_connect_3a_row_523
S0524,10.1177/0956797615575277,treatment_a,P00524,3.676,6.134,5.29,34,F,HS,2019-10-26,895968,0,why_connect_3a_row_524
S0525,10.1037/pspa0000226,treatment_b,P00525,7.011,3.447,3.58,24,F,HS,2019-07-23,1341515,0,why_connect_3a_row_525
S0526,10.1177/0956797614520714,control,P00526,5.543,4.378,5.37,58,F,Other,2019-03-22,2297231,0,why_connect_3a_row_526
S0527,10.1037/pspa0000226,treatment_b,P00527,4.913,3.465,4.88,24,F,PhD,2019-12-25,731540,0,why_connect_3a_row_527
S0528,10.1177/0956797614520714,treatment_b,P00528,4.226,2.115,5.06,35,NB,HS,2019-07-13,737768,0,why_connect_3a_row_528
S0529,10.1037/pspa0000226,treatment_a,P00529,3.909,3.42,4.58,31,F,MA,2019-03-09,1160187,1,why_connect_3a_row_529
S0530,10.1177/0956797615575277,treatment_b,P00530,5.771,2.671,3.87,44,F,HS,2019-07-16,1762260,0,why_connect_3a_row_530
S0531,10.1177/0956797614520714,treatment_a,P00531,4.531,4.384,5.86,60,F,HS,2019-12-11,2151897,0,why_connect_3a_row_531
S0532,10.1073/pnas.1209746109,treatment_b,P00532,2.974,4.179,4.67,26,NB,HS,2019-11-11,512960,0,why_connect_3a_row_532
S0533,10.1037/pspa0000226,treatment_b,P00533,3.683,4.776,6.35,43,F,PhD,2019-10-09,240067,0,why_connect_3a_row_533
S0534,10.1177/0956797614520714,treatment_a,P00534,4.297,3.035,5.22,28,NB,BA,2019-10-20,222423,0,why_connect_3a_row_534
S0535,10.1037/pspa0000226,treatment_b,P00535,4.348,3.383,5.25,62,F,MA,2019-11-28,323164,1,why_connect_3a_row_535
S0536,10.1177/0956797615575277,control,P00536,4.193,2.625,4.71,53,M,HS,2019-07-28,339735,0,why_connect_3a_row_536
S0537,10.1177/0956797614520714,control,P00537,5.9,4.679,4.27,19,M,HS,2019-03-19,1775742,1,why_connect_3a_row_537
S0538,10.1037/pspa0000226,treatment_b,P00538,3.777,3.335,5.83,37,M,Other,2019-02-04,1134827,0,why_connect_3a_row_538
S0539,10.1177/0956797614520714,treatment_b,P00539,3.073,3.754,4.94,30,NB,Other,2019-06-19,1185284,1,why_connect_3a_row_539
S0540,10.1177/0956797615575277,control,P00540,5.628,4.084,4.19,54,F,MA,2019-12-13,1147743,0,why_connect_3a_row_540
S0541,10.1073/pnas.1209746109,control,P00541,2.15,3.714,6.3,61,M,MA,2019-08-21,1548141,0,why_connect_3a_row_541
S0542,10.1073/pnas.1209746109,treatment_b,P00542,4.579,4.672,2.6,21,F,BA,2019-10-21,272117,0,why_connect_3a_row_542
S0543,10.1177/0956797615575277,treatment_a,P00543,4.649,4.449,4.48,33,M,MA,2019-01-05,793307,0,why_connect_3a_row_543
S0544,10.1037/pspa0000226,control,P00544,1.986,2.797,4.6,61,M,Other,2019-01-12,569400,0,why_connect_3a_row_544
S0545,10.1177/0956797615575277,control,P00545,4.572,2.487,4.69,26,M,HS,2019-04-27,654671,0,why_connect_3a_row_545
S0546,10.1073/pnas.1209746109,treatment_b,P00546,3.817,3.968,3.97,54,F,BA,2019-08-08,1679441,0,why_connect_3a_row_546
S0547,10.1177/0956797615575277,treatment_b,P00547,5.348,2.713,4.91,32,NB,HS,2019-12-08,1376300,0,why_connect_3a_row_547
S0548,10.1037/pspa0000226,treatment_b,P00548,4.332,3.148,6.29,36,M,Other,2019-11-02,1512197,0,why_connect_3a_row_548
S0549,10.1037/pspa0000226,control,P00549,3.671,4.168,6.34,27,F,HS,2019-05-27,683332,0,why_connect_3a_row_549
S0550,10.1177/0956797615575277,treatment_b,P00550,3.713,3.76,4.75,22,NB,Other,2019-08-20,1929886,0,why_connect_3a_row_550
S0551,10.1073/pnas.1209746109,control,P00551,5.23,3.977,6.37,48,F,MA,2019-12-10,436209,0,why_connect_3a_row_551
S0552,10.1177/0956797615575277,treatment_a,P00552,4.347,1.621,3.98,64,F,Other,2019-05-28,1098446,0,why_connect_3a_row_552
S0553,10.1073/pnas.1209746109,treatment_a,P00553,6.322,3.763,5.78,23,NB,HS,2019-03-22,2043004,0,why_connect_3a_row_553
S0554,10.1177/0956797614520714,control,P00554,4.216,4.298,3.55,51,M,BA,2019-05-05,1350828,0,why_connect_3a_row_554
S0555,10.1177/0956797615575277,treatment_a,P00555,4.978,4.235,5.36,65,M,Other,2019-05-10,651592,0,why_connect_3a_row_555
S0556,10.1037/pspa0000226,treatment_a,P00556,3.437,2.678,4.06,60,NB,Other,2019-01-27,1168995,0,why_connect_3a_row_556
S0557,10.1177/0956797615575277,control,P00557,3.444,4.063,5.18,51,NB,MA,2019-08-09,1706677,0,why_connect_3a_row_557
S0558,10.1037/pspa0000226,control,P00558,3.125,2.586,5.2,44,F,PhD,2019-04-01,1904547,0,why_connect_3a_row_558
S0559,10.1177/0956797614520714,control,P00559,5.752,5.361,4.37,42,F,MA,2019-04-03,248669,0,why_connect_3a_row_559
S0560,10.1073/pnas.1209746109,treatment_b,P00560,5.057,5.277,3.61,30,F,PhD,2019-03-26,913254,0,why_connect_3a_row_560
S0561,10.1073/pnas.1209746109,control,P00561,3.702,5.065,4.67,19,F,BA,2019-07-12,1752302,0,why_connect_3a_row_561
S0562,10.1037/pspa0000226,control,P00562,3.697,3.795,5.74,38,F,BA,2019-04-21,595518,0,why_connect_3a_row_562
S0563,10.1177/0956797614520714,treatment_a,P00563,3.123,4.192,6.17,20,M,MA,2019-06-03,2037419,0,why_connect_3a_row_563
S0564,10.1177/0956797615575277,treatment_b,P00564,4.144,4.162,4.05,45,F,HS,2019-04-03,681616,0,why_connect_3a_row_564
S0565,10.1177/0956797615575277,treatment_b,P00565,4.646,4.045,4.67,65,F,BA,2019-09-21,1950743,0,why_connect_3a_row_565
S0566,10.1177/0956797614520714,treatment_b,P00566,5.182,2.752,5.43,21,NB,PhD,2019-08-25,860292,0,why_connect_3a_row_566
S0567,10.1073/pnas.1209746109,treatment_b,P00567,5.692,1.39,4.49,53,M,MA,2019-09-10,246877,0,why_connect_3a_row_567
S0568,10.1177/0956797614520714,control,P00568,6.466,3.464,5.39,30,F,PhD,2019-05-28,1204003,0,why_connect_3a_row_568
S0569,10.1177/0956797614520714,control,P00569,4.52,4.546,4.6,59,M,BA,2019-11-22,1138992,0,why_connect_3a_row_569
S0570,10.1177/0956797615575277,control,P00570,3.127,3.125,4.92,65,M,PhD,2019-09-02,573182,0,why_connect_3a_row_570
S0571,10.1177/0956797614520714,treatment_b,P00571,2.729,4.482,5.15,40,M,BA,2019-05-01,1084105,0,why_connect_3a_row_571
S0572,10.1073/pnas.1209746109,treatment_a,P00572,5.58,4.968,4.92,28,M,Other,2019-06-07,2004301,0,why_connect_3a_row_572
S0573,10.1177/0956797615575277,treatment_a,P00573,6.109,3.212,5.16,46,F,HS,2019-06-26,1406722,0,why_connect_3a_row_573
S0574,10.1177/0956797614520714,treatment_b,P00574,5.776,3.627,4.86,58,NB,PhD,2019-09-10,1143391,0,why_connect_3a_row_574
S0575,10.1177/0956797614520714,treatment_b,P00575,3.344,4.8,5.47,61,M,HS,2019-04-14,1303100,1,why_connect_3a_row_575
S0576,10.1177/0956797614520714,control,P00576,5.355,3.996,4.63,55,M,HS,2019-06-13,760221,0,why_connect_3a_row_576
S0577,10.1177/0956797615575277,treatment_b,P00577,5.515,3.28,4.76,44,NB,MA,2019-01-12,845749,1,why_connect_3a_row_577
S0578,10.1073/pnas.1209746109,treatment_b,P00578,4.485,3.698,6.05,39,NB,MA,2019-04-27,549548,0,why_connect_3a_row_578
S0579,10.1177/0956797614520714,treatment_a,P00579,5.573,3.315,4.45,28,M,Other,2019-09-13,1758983,0,why_connect_3a_row_579
S0580,10.1177/0956797614520714,control,P00580,4.491,3.637,4.52,35,F,HS,2019-08-05,1220426,0,why_connect_3a_row_580
S0581,10.1177/0956797614520714,control,P00581,2.624,3.399,4.77,28,M,MA,2019-01-22,695633,0,why_connect_3a_row_581
S0582,10.1037/pspa0000226,treatment_a,P00582,4.099,4.344,5.04,60,M,MA,2019-08-22,1288027,0,why_connect_3a_row_582
S0583,10.1037/pspa0000226,control,P00583,2.299,3.914,5.64,45,M,Other,2019-06-17,1506275,0,why_connect_3a_row_583
S0584,10.1177/0956797614520714,control,P00584,5.832,3.956,6.43,24,M,Other,2019-11-07,469139,0,why_connect_3a_row_584
S0585,10.1073/pnas.1209746109,control,P00585,3.775,4.425,4.69,61,M,BA,2019-10-28,2391945,0,why_connect_3a_row_585
S0586,10.1177/0956797615575277,treatment_a,P00586,5.392,5.346,4.42,49,F,HS,2019-09-22,1309437,0,why_connect_3a_row_586
S0587,10.1073/pnas.1209746109,treatment_b,P00587,6.203,2.801,5.28,22,M,PhD,2019-01-16,275715,0,why_connect_3a_row_587
S0588,10.1073/pnas.1209746109,treatment_b,P00588,5.644,4.413,4.71,29,F,PhD,2019-11-06,272647,0,why_connect_3a_row_588
S0589,10.1177/0956797614520714,control,P00589,3.683,3.887,4.62,56,NB,BA,2019-01-14,1929628,0,why_connect_3a_row_589
S0590,10.1177/0956797615575277,treatment_b,P00590,5.614,5.597,4.08,23,F,MA,2019-03-01,2266694,0,why_connect_3a_row_590
S0591,10.1177/0956797615575277,control,P00591,6.73,3.734,4.75,23,NB,PhD,2019-05-17,1407324,0,why_connect_3a_row_591
S0592,10.1073/pnas.1209746109,treatment_b,P00592,3.078,4.175,3.65,41,F,HS,2019-05-27,1723843,1,why_connect_3a_row_592
S0593,10.1073/pnas.1209746109,control,P00593,3.645,6.145,4.56,20,F,BA,2019-08-25,1785285,0,why_connect_3a_row_593
S0594,10.1037/pspa0000226,treatment_a,P00594,4.359,2.828,4.44,21,M,MA,2019-02-18,1482022,0,why_connect_3a_row_594
S0595,10.1073/pnas.1209746109,treatment_b,P00595,4.227,3.165,6.18,44,F,Other,2019-02-24,1978631,0,why_connect_3a_row_595
S0596,10.1177/0956797614520714,treatment_a,P00596,5.208,3.822,4.38,23,NB,PhD,2019-06-12,1907057,0,why_connect_3a_row_596
S0597,10.1177/0956797615575277,treatment_b,P00597,4.945,4.688,5.28,45,F,HS,2019-05-28,595499,0,why_connect_3a_row_597
S0598,10.1037/pspa0000226,treatment_a,P00598,4.482,5.156,4.55,58,M,HS,2019-07-16,968445,0,why_connect_3a_row_598
S0599,10.1177/0956797615575277,treatment_b,P00599,5.613,4.383,3.43,45,F,HS,2019-05-11,1816000,0,why_connect_3a_row_599
S0600,10.1037/pspa0000226,control,P00600,5.517,2.9,6.07,63,NB,BA,2019-12-10,668910,1,why_connect_3a_row_600
S0601,10.1177/0956797614520714,treatment_b,P00601,5.069,4.168,5.52,31,NB,Other,2019-09-24,999043,0,why_connect_3a_row_601
