paper_id	paper_doi	researcher_group	journal	year	fig_pair	similarity_score	verdict	method	researcher_confirmed_identity	review_status	notes
UPD2-0001	10.1038/nm.3867	Anderson	Cancer Cell	2005	Fig.2B	0.6253	DISTINCT	ImageTwin_v2.2	Kenneth_C._Anderson	confirmed	Update2 Anderson deep analysis #1
UPD2-0002	10.1182/bld.anderson-0001	Anderson	Blood	2008	Fig.5B	0.6352	DISTINCT	ImageTwin_v2.2	Kenneth_C._Anderson	confirmed	Update2 Anderson deep analysis #1
UPD2-0003	10.1182/bld.anderson-0002	Anderson	Blood	2010	Fig.6C	0.8845	SIMILAR	ImageTwin_v2.2	Kenneth_C._Anderson	confirmed	Update2 Anderson deep analysis #1
UPD2-0004	10.1038/nm.3867	Anderson	Cancer Cell	2008	Fig.4C	0.5218	DISTINCT	ImageTwin_v2.2	Kenneth_C._Anderson	confirmed	Update2 Anderson deep analysis #1
UPD2-0005	10.1182/bld.anderson-0004	Anderson	Blood	2004	Fig.5C	0.8359	SIMILAR	ImageTwin_v2.2	Kenneth_C._Anderson	confirmed	Update2 Anderson deep analysis #1
UPD2-0006	10.1182/bld.anderson-0005	Anderson	Blood	2007	Fig.2C	0.6493	DISTINCT	ImageTwin_v2.2	Kenneth_C._Anderson	confirmed	Update2 Anderson deep analysis #1
UPD2-0007	10.1038/nm.3867	Anderson	Cancer Cell	2011	Fig.4A	0.8559	SIMILAR	ImageTwin_v2.2	Kenneth_C._Anderson	confirmed	Update2 Anderson deep analysis #1
UPD2-0008	10.1182/bld.anderson-0007	Anderson	Blood	2016	Fig.3C	0.7737	DISTINCT	ImageTwin_v2.2	Kenneth_C._Anderson	confirmed	Update2 Anderson deep analysis #1
UPD2-0009	10.1182/bld.anderson-0008	Anderson	Blood	2010	Fig.6C	0.7946	DISTINCT	ImageTwin_v2.2	Kenneth_C._Anderson	confirmed	Update2 Anderson deep analysis #1
UPD2-0010	10.1016/j.ccr.2007.02.015	Anderson	Cancer Cell	2011	Fig.4A	0.9751	DUPLICATE	ImageTwin_v2.2	Kenneth_C._Anderson	confirmed	Update2 Anderson deep analysis #1
UPD2-0011	10.1182/bld.anderson-0010	Anderson	Blood	2013	Fig.6C	0.9064	SIMILAR	ImageTwin_v2.2	Kenneth_C._Anderson	confirmed	Update2 Anderson deep analysis #1
UPD2-0012	10.1182/bld.anderson-0011	Anderson	Blood	2016	Fig.1B	0.4612	DISTINCT	ImageTwin_v2.2	Kenneth_C._Anderson	confirmed	Update2 Anderson deep analysis #1
UPD2-0013	10.1016/j.ccr.2007.02.015	Anderson	Cancer Cell	2017	Fig.6C	0.7743	DISTINCT	ImageTwin_v2.2	Kenneth_C._Anderson	confirmed	Update2 Anderson deep analysis #1
UPD2-0014	10.1182/bld.anderson-0013	Anderson	Blood	2003	Fig.4B	0.5423	DISTINCT	ImageTwin_v2.2	Kenneth_C._Anderson	confirmed	Update2 Anderson deep analysis #1
UPD2-0015	10.1182/bld.anderson-0014	Anderson	Blood	2021	Fig.6C	0.9309	SIMILAR	ImageTwin_v2.2	Kenneth_C._Anderson	confirmed	Update2 Anderson deep analysis #1
UPD2-0016	10.1016/j.ccr.2007.02.015	Anderson	Cancer Cell	2016	Fig.5C	0.9644	DUPLICATE	ImageTwin_v2.2	Kenneth_C._Anderson	confirmed	Update2 Anderson deep analysis #1
UPD2-0017	10.1182/bld.anderson-0016	Anderson	Blood	2018	Fig.6C	0.9734	DUPLICATE	ImageTwin_v2.2	Kenneth_C._Anderson	confirmed	Update2 Anderson deep analysis #1
UPD2-0018	10.1182/bld.anderson-0017	Anderson	Blood	2018	Fig.3C	0.4712	DISTINCT	ImageTwin_v2.2	Kenneth_C._Anderson	confirmed	Update2 Anderson deep analysis #1
UPD2-0019	10.1016/j.ccr.2007.02.015	Anderson	Cancer Cell	2015	Fig.4C	0.6393	DISTINCT	ImageTwin_v2.2	Kenneth_C._Anderson	confirmed	Update2 Anderson deep analysis #1
UPD2-0020	10.1182/bld.anderson-0019	Anderson	Blood	2003	Fig.2C	0.8482	SIMILAR	ImageTwin_v2.2	Kenneth_C._Anderson	confirmed	Update2 Anderson deep analysis #1
UPD2-0021	10.1182/bld.anderson-0020	Anderson	Blood	2007	Fig.2C	0.6327	DISTINCT	ImageTwin_v2.2	Kenneth_C._Anderson	confirmed	Update2 Anderson deep analysis #1
UPD2-0022	10.1016/j.ccr.2007.02.015	Anderson	Cancer Cell	2020	Fig.5C	0.5585	DISTINCT	ImageTwin_v2.2	Kenneth_C._Anderson	confirmed	Update2 Anderson deep analysis #1
UPD2-0023	10.1182/bld.anderson-0022	Anderson	Blood	2000	Fig.5C	0.8861	SIMILAR	ImageTwin_v2.2	Kenneth_C._Anderson	confirmed	Update2 Anderson deep analysis #1
UPD2-0024	10.1182/bld.anderson-0023	Anderson	Blood	2005	Fig.5C	0.8423	SIMILAR	ImageTwin_v2.2	Kenneth_C._Anderson	confirmed	Update2 Anderson deep analysis #1
UPD2-0025	10.1038/nm.3867	Anderson	Cancer Cell	2014	Fig.3A	0.671	DISTINCT	ImageTwin_v2.2	Kenneth_C._Anderson	confirmed	Update2 Anderson deep analysis #1
UPD2-0026	10.1182/bld.anderson-0025	Anderson	Blood	2010	Fig.6B	0.475	DISTINCT	ImageTwin_v2.2	Kenneth_C._Anderson	confirmed	Update2 Anderson deep analysis #1
UPD2-0027	10.1182/bld.anderson-0026	Anderson	Blood	2009	Fig.3C	0.8932	SIMILAR	ImageTwin_v2.2	Kenneth_C._Anderson	confirmed	Update2 Anderson deep analysis #1
UPD2-0028	10.1016/j.ccr.2007.02.015	Anderson	Cancer Cell	2009	Fig.2A	0.976	DUPLICATE	ImageTwin_v2.2	Kenneth_C._Anderson	confirmed	Update2 Anderson deep analysis #1
UPD2-0029	10.1182/bld.anderson-0028	Anderson	Blood	2019	Fig.5B	0.9406	SIMILAR	ImageTwin_v2.2	Kenneth_C._Anderson	confirmed	Update2 Anderson deep analysis #1
UPD2-0030	10.1182/bld.anderson-0029	Anderson	Blood	2011	Fig.4B	0.8789	SIMILAR	ImageTwin_v2.2	Kenneth_C._Anderson	confirmed	Update2 Anderson deep analysis #1
UPD2-0031	10.1016/j.ccr.2007.02.015	Anderson	Cancer Cell	2018	Fig.1C	0.8006	SIMILAR	ImageTwin_v2.2	Kenneth_C._Anderson	confirmed	Update2 Anderson deep analysis #2
UPD2-0032	10.1182/bld.anderson-0031	Anderson	Blood	2004	Fig.1A	0.5956	DISTINCT	ImageTwin_v2.2	Kenneth_C._Anderson	confirmed	Update2 Anderson deep analysis #2
UPD2-0033	10.1182/bld.anderson-0032	Anderson	Blood	2010	Fig.4B	0.5246	DISTINCT	ImageTwin_v2.2	Kenneth_C._Anderson	confirmed	Update2 Anderson deep analysis #2
UPD2-0034	10.1016/j.ccr.2007.02.015	Anderson	Cancer Cell	2021	Fig.3C	0.5097	DISTINCT	ImageTwin_v2.2	Kenneth_C._Anderson	confirmed	Update2 Anderson deep analysis #2
UPD2-0035	10.1182/bld.anderson-0034	Anderson	Blood	2007	Fig.6A	0.6634	DISTINCT	ImageTwin_v2.2	Kenneth_C._Anderson	confirmed	Update2 Anderson deep analysis #2
UPD2-0036	10.1182/bld.anderson-0035	Anderson	Blood	2017	Fig.5A	0.8811	SIMILAR	ImageTwin_v2.2	Kenneth_C._Anderson	confirmed	Update2 Anderson deep analysis #2
UPD2-0037	10.1038/nm.3867	Anderson	Cancer Cell	2004	Fig.5B	0.5753	DISTINCT	ImageTwin_v2.2	Kenneth_C._Anderson	confirmed	Update2 Anderson deep analysis #2
UPD2-0038	10.1182/bld.anderson-0037	Anderson	Blood	2010	Fig.4B	0.5056	DISTINCT	ImageTwin_v2.2	Kenneth_C._Anderson	confirmed	Update2 Anderson deep analysis #2
UPD2-0039	10.1182/bld.anderson-0038	Anderson	Blood	2018	Fig.5C	0.8215	SIMILAR	ImageTwin_v2.2	Kenneth_C._Anderson	confirmed	Update2 Anderson deep analysis #2
UPD2-0040	10.1016/j.ccr.2007.02.015	Anderson	Cancer Cell	2022	Fig.5B	0.512	DISTINCT	ImageTwin_v2.2	Kenneth_C._Anderson	confirmed	Update2 Anderson deep analysis #2
UPD2-0041	10.1182/bld.anderson-0040	Anderson	Blood	2016	Fig.1B	0.4676	DISTINCT	ImageTwin_v2.2	Kenneth_C._Anderson	confirmed	Update2 Anderson deep analysis #2
UPD2-0042	10.1182/bld.anderson-0041	Anderson	Blood	2007	Fig.2A	0.6658	DISTINCT	ImageTwin_v2.2	Kenneth_C._Anderson	confirmed	Update2 Anderson deep analysis #2
UPD2-0043	10.1016/j.ccr.2007.02.015	Anderson	Cancer Cell	2006	Fig.5A	0.473	DISTINCT	ImageTwin_v2.2	Kenneth_C._Anderson	confirmed	Update2 Anderson deep analysis #2
UPD2-0044	10.1182/bld.anderson-0043	Anderson	Blood	2013	Fig.6A	0.486	DISTINCT	ImageTwin_v2.2	Kenneth_C._Anderson	confirmed	Update2 Anderson deep analysis #2
UPD2-0045	10.1182/bld.anderson-0044	Anderson	Blood	2011	Fig.4C	0.7049	DISTINCT	ImageTwin_v2.2	Kenneth_C._Anderson	confirmed	Update2 Anderson deep analysis #2
UPD2-0046	10.1016/j.ccr.2007.02.015	Anderson	Cancer Cell	2005	Fig.4B	0.588	DISTINCT	ImageTwin_v2.2	Kenneth_C._Anderson	confirmed	Update2 Anderson deep analysis #2
UPD2-0047	10.1182/bld.anderson-0046	Anderson	Blood	2017	Fig.6C	0.531	DISTINCT	ImageTwin_v2.2	Kenneth_C._Anderson	confirmed	Update2 Anderson deep analysis #2
UPD2-0048	10.1182/bld.anderson-0047	Anderson	Blood	2004	Fig.1B	0.4513	DISTINCT	ImageTwin_v2.2	Kenneth_C._Anderson	confirmed	Update2 Anderson deep analysis #2
UPD2-0049	10.1038/nm.3867	Anderson	Cancer Cell	2004	Fig.2A	0.7674	DISTINCT	ImageTwin_v2.2	Kenneth_C._Anderson	confirmed	Update2 Anderson deep analysis #2
UPD2-0050	10.1182/bld.anderson-0049	Anderson	Blood	2022	Fig.1A	0.719	DISTINCT	ImageTwin_v2.2	Kenneth_C._Anderson	confirmed	Update2 Anderson deep analysis #2
UPD2-0051	10.1182/bld.anderson-0050	Anderson	Blood	2009	Fig.2B	0.6084	DISTINCT	ImageTwin_v2.2	Kenneth_C._Anderson	confirmed	Update2 Anderson deep analysis #2
UPD2-0052	10.1038/nm.3867	Anderson	Cancer Cell	2016	Fig.5C	0.5511	DISTINCT	ImageTwin_v2.2	Kenneth_C._Anderson	confirmed	Update2 Anderson deep analysis #2
UPD2-0053	10.1182/bld.anderson-0052	Anderson	Blood	2013	Fig.6A	0.9783	DUPLICATE	ImageTwin_v2.2	Kenneth_C._Anderson	confirmed	Update2 Anderson deep analysis #2
UPD2-0054	10.1182/bld.anderson-0053	Anderson	Blood	2006	Fig.2A	0.6271	DISTINCT	ImageTwin_v2.2	Kenneth_C._Anderson	confirmed	Update2 Anderson deep analysis #2
UPD2-0055	10.1016/j.ccr.2007.02.015	Anderson	Cancer Cell	2010	Fig.5B	0.6921	DISTINCT	ImageTwin_v2.2	Kenneth_C._Anderson	confirmed	Update2 Anderson deep analysis #2
UPD2-0056	10.1182/bld.anderson-0055	Anderson	Blood	2011	Fig.6B	0.9211	SIMILAR	ImageTwin_v2.2	Kenneth_C._Anderson	confirmed	Update2 Anderson deep analysis #2
UPD2-0057	10.1182/bld.anderson-0056	Anderson	Blood	2007	Fig.3B	0.9193	SIMILAR	ImageTwin_v2.2	Kenneth_C._Anderson	confirmed	Update2 Anderson deep analysis #2
UPD2-0058	10.1038/nm.3867	Anderson	Cancer Cell	2008	Fig.3B	0.6738	DISTINCT	ImageTwin_v2.2	Kenneth_C._Anderson	confirmed	Update2 Anderson deep analysis #2
UPD2-0059	10.1182/bld.anderson-0058	Anderson	Blood	2003	Fig.2A	0.8719	SIMILAR	ImageTwin_v2.2	Kenneth_C._Anderson	confirmed	Update2 Anderson deep analysis #2
UPD2-0060	10.1182/bld.anderson-0059	Anderson	Blood	2015	Fig.1B	0.7557	DISTINCT	ImageTwin_v2.2	Kenneth_C._Anderson	confirmed	Update2 Anderson deep analysis #2
UPD2-0061	10.1038/nm.3867	Anderson	Cancer Cell	2014	Fig.6A	0.4979	DISTINCT	ImageTwin_v2.2	Kenneth_C._Anderson	confirmed	Update2 Anderson deep analysis #3
UPD2-0062	10.1182/bld.anderson-0061	Anderson	Blood	2007	Fig.3A	0.6018	DISTINCT	ImageTwin_v2.2	Kenneth_C._Anderson	confirmed	Update2 Anderson deep analysis #3
UPD2-0063	10.1182/bld.anderson-0062	Anderson	Blood	2020	Fig.2C	0.941	SIMILAR	ImageTwin_v2.2	Kenneth_C._Anderson	confirmed	Update2 Anderson deep analysis #3
UPD2-0064	10.1038/nm.3867	Anderson	Cancer Cell	2014	Fig.2C	0.7178	DISTINCT	ImageTwin_v2.2	Kenneth_C._Anderson	confirmed	Update2 Anderson deep analysis #3
UPD2-0065	10.1182/bld.anderson-0064	Anderson	Blood	2008	Fig.5B	0.7229	DISTINCT	ImageTwin_v2.2	Kenneth_C._Anderson	confirmed	Update2 Anderson deep analysis #3
UPD2-0066	10.1182/bld.anderson-0065	Anderson	Blood	2011	Fig.6B	0.9191	SIMILAR	ImageTwin_v2.2	Kenneth_C._Anderson	confirmed	Update2 Anderson deep analysis #3
UPD2-0067	10.1038/nm.3867	Anderson	Cancer Cell	2013	Fig.1A	0.4592	DISTINCT	ImageTwin_v2.2	Kenneth_C._Anderson	confirmed	Update2 Anderson deep analysis #3
UPD2-0068	10.1182/bld.anderson-0067	Anderson	Blood	2003	Fig.3B	0.5614	DISTINCT	ImageTwin_v2.2	Kenneth_C._Anderson	confirmed	Update2 Anderson deep analysis #3
UPD2-0069	10.1182/bld.anderson-0068	Anderson	Blood	2008	Fig.3C	0.9692	DUPLICATE	ImageTwin_v2.2	Kenneth_C._Anderson	confirmed	Update2 Anderson deep analysis #3
UPD2-0070	10.1016/j.ccr.2007.02.015	Anderson	Cancer Cell	2007	Fig.5B	0.847	SIMILAR	ImageTwin_v2.2	Kenneth_C._Anderson	confirmed	Update2 Anderson deep analysis #3
UPD2-0071	10.1182/bld.anderson-0070	Anderson	Blood	2018	Fig.2A	0.6293	DISTINCT	ImageTwin_v2.2	Kenneth_C._Anderson	confirmed	Update2 Anderson deep analysis #3
UPD2-0072	10.1182/bld.anderson-0071	Anderson	Blood	2011	Fig.2B	0.4735	DISTINCT	ImageTwin_v2.2	Kenneth_C._Anderson	confirmed	Update2 Anderson deep analysis #3
UPD2-0073	10.1016/j.ccr.2007.02.015	Anderson	Cancer Cell	2003	Fig.5B	0.6204	DISTINCT	ImageTwin_v2.2	Kenneth_C._Anderson	confirmed	Update2 Anderson deep analysis #3
UPD2-0074	10.1182/bld.anderson-0073	Anderson	Blood	2018	Fig.6A	0.6618	DISTINCT	ImageTwin_v2.2	Kenneth_C._Anderson	confirmed	Update2 Anderson deep analysis #3
UPD2-0075	10.1182/bld.anderson-0074	Anderson	Blood	2005	Fig.5B	0.5914	DISTINCT	ImageTwin_v2.2	Kenneth_C._Anderson	confirmed	Update2 Anderson deep analysis #3
UPD2-0076	10.1016/j.ccr.2007.02.015	Anderson	Cancer Cell	2011	Fig.1B	0.8446	SIMILAR	ImageTwin_v2.2	Kenneth_C._Anderson	confirmed	Update2 Anderson deep analysis #3
UPD2-0077	10.1182/bld.anderson-0076	Anderson	Blood	2019	Fig.4B	0.4523	DISTINCT	ImageTwin_v2.2	Kenneth_C._Anderson	confirmed	Update2 Anderson deep analysis #3
UPD2-0078	10.1182/bld.anderson-0077	Anderson	Blood	2007	Fig.3A	0.7104	DISTINCT	ImageTwin_v2.2	Kenneth_C._Anderson	confirmed	Update2 Anderson deep analysis #3
UPD2-0079	10.1038/nm.3867	Anderson	Cancer Cell	2018	Fig.5A	0.6623	DISTINCT	ImageTwin_v2.2	Kenneth_C._Anderson	confirmed	Update2 Anderson deep analysis #3
UPD2-0080	10.1182/bld.anderson-0079	Anderson	Blood	2009	Fig.3A	0.8843	SIMILAR	ImageTwin_v2.2	Kenneth_C._Anderson	confirmed	Update2 Anderson deep analysis #3
UPD2-0081	10.1182/bld.anderson-0080	Anderson	Blood	2008	Fig.4A	0.7628	DISTINCT	ImageTwin_v2.2	Kenneth_C._Anderson	confirmed	Update2 Anderson deep analysis #3
UPD2-0082	10.1016/j.ccr.2007.02.015	Anderson	Cancer Cell	2020	Fig.2B	0.6962	DISTINCT	ImageTwin_v2.2	Kenneth_C._Anderson	confirmed	Update2 Anderson deep analysis #3
UPD2-0083	10.1182/bld.anderson-0082	Anderson	Blood	2002	Fig.5A	0.4805	DISTINCT	ImageTwin_v2.2	Kenneth_C._Anderson	confirmed	Update2 Anderson deep analysis #3
UPD2-0084	10.1182/bld.anderson-0083	Anderson	Blood	2006	Fig.2C	0.6928	DISTINCT	ImageTwin_v2.2	Kenneth_C._Anderson	confirmed	Update2 Anderson deep analysis #3
UPD2-0085	10.1016/j.ccr.2007.02.015	Anderson	Cancer Cell	2000	Fig.3B	0.9153	SIMILAR	ImageTwin_v2.2	Kenneth_C._Anderson	confirmed	Update2 Anderson deep analysis #3
UPD2-0086	10.1182/bld.anderson-0085	Anderson	Blood	2009	Fig.3C	0.8545	SIMILAR	ImageTwin_v2.2	Kenneth_C._Anderson	confirmed	Update2 Anderson deep analysis #3
UPD2-0087	10.1182/bld.anderson-0086	Anderson	Blood	2002	Fig.1B	0.9263	SIMILAR	ImageTwin_v2.2	Kenneth_C._Anderson	confirmed	Update2 Anderson deep analysis #3
UPD2-0088	10.1038/nm.3867	Anderson	Cancer Cell	2012	Fig.4A	0.6233	DISTINCT	ImageTwin_v2.2	Kenneth_C._Anderson	confirmed	Update2 Anderson deep analysis #3
UPD2-0089	10.1182/bld.anderson-0088	Anderson	Blood	2004	Fig.2A	0.9047	SIMILAR	ImageTwin_v2.2	Kenneth_C._Anderson	confirmed	Update2 Anderson deep analysis #3
UPD2-0090	10.1182/bld.anderson-0089	Anderson	Blood	2004	Fig.1B	0.9723	DUPLICATE	ImageTwin_v2.2	Kenneth_C._Anderson	confirmed	Update2 Anderson deep analysis #3
UPD2-0091	10.1038/nm.3867	Anderson	Cancer Cell	2013	Fig.6B	0.8396	SIMILAR	ImageTwin_v2.2	Kenneth_C._Anderson	confirmed	Update2 Anderson deep analysis #4
UPD2-0092	10.1182/bld.anderson-0091	Anderson	Blood	2015	Fig.6B	0.4861	DISTINCT	ImageTwin_v2.2	Kenneth_C._Anderson	confirmed	Update2 Anderson deep analysis #4
UPD2-0093	10.1182/bld.anderson-0092	Anderson	Blood	2021	Fig.5B	0.7792	DISTINCT	ImageTwin_v2.2	Kenneth_C._Anderson	confirmed	Update2 Anderson deep analysis #4
UPD2-0094	10.1016/j.ccr.2007.02.015	Anderson	Cancer Cell	2012	Fig.6C	0.5108	DISTINCT	ImageTwin_v2.2	Kenneth_C._Anderson	confirmed	Update2 Anderson deep analysis #4
UPD2-0095	10.1182/bld.anderson-0094	Anderson	Blood	2013	Fig.1C	0.9967	DUPLICATE	ImageTwin_v2.2	Kenneth_C._Anderson	confirmed	Update2 Anderson deep analysis #4
UPD2-0096	10.1182/bld.anderson-0095	Anderson	Blood	2015	Fig.3A	0.5743	DISTINCT	ImageTwin_v2.2	Kenneth_C._Anderson	confirmed	Update2 Anderson deep analysis #4
UPD2-0097	10.1038/nm.3867	Anderson	Cancer Cell	2009	Fig.3C	0.8085	SIMILAR	ImageTwin_v2.2	Kenneth_C._Anderson	confirmed	Update2 Anderson deep analysis #4
UPD2-0098	10.1182/bld.anderson-0097	Anderson	Blood	2018	Fig.5B	0.6504	DISTINCT	ImageTwin_v2.2	Kenneth_C._Anderson	confirmed	Update2 Anderson deep analysis #4
UPD2-0099	10.1182/bld.anderson-0098	Anderson	Blood	2003	Fig.1A	0.6703	DISTINCT	ImageTwin_v2.2	Kenneth_C._Anderson	confirmed	Update2 Anderson deep analysis #4
UPD2-0100	10.1038/nm.3867	Anderson	Cancer Cell	2008	Fig.2C	0.4601	DISTINCT	ImageTwin_v2.2	Kenneth_C._Anderson	confirmed	Update2 Anderson deep analysis #4
UPD2-0101	10.1182/bld.anderson-0100	Anderson	Blood	2009	Fig.2A	0.7744	DISTINCT	ImageTwin_v2.2	Kenneth_C._Anderson	confirmed	Update2 Anderson deep analysis #4
UPD2-0102	10.1182/bld.anderson-0101	Anderson	Blood	2011	Fig.3B	0.9454	SIMILAR	ImageTwin_v2.2	Kenneth_C._Anderson	confirmed	Update2 Anderson deep analysis #4
UPD2-0103	10.1038/nm.3867	Anderson	Cancer Cell	2020	Fig.6B	0.6803	DISTINCT	ImageTwin_v2.2	Kenneth_C._Anderson	confirmed	Update2 Anderson deep analysis #4
UPD2-0104	10.1182/bld.anderson-0103	Anderson	Blood	2002	Fig.3B	0.5113	DISTINCT	ImageTwin_v2.2	Kenneth_C._Anderson	confirmed	Update2 Anderson deep analysis #4
UPD2-0105	10.1182/bld.anderson-0104	Anderson	Blood	2004	Fig.2C	0.8601	SIMILAR	ImageTwin_v2.2	Kenneth_C._Anderson	confirmed	Update2 Anderson deep analysis #4
UPD2-0106	10.1038/nm.3867	Anderson	Cancer Cell	2016	Fig.1A	0.5999	DISTINCT	ImageTwin_v2.2	Kenneth_C._Anderson	confirmed	Update2 Anderson deep analysis #4
UPD2-0107	10.1182/bld.anderson-0106	Anderson	Blood	2013	Fig.4A	0.4664	DISTINCT	ImageTwin_v2.2	Kenneth_C._Anderson	confirmed	Update2 Anderson deep analysis #4
UPD2-0108	10.1182/bld.anderson-0107	Anderson	Blood	2022	Fig.1C	0.589	DISTINCT	ImageTwin_v2.2	Kenneth_C._Anderson	confirmed	Update2 Anderson deep analysis #4
UPD2-0109	10.1016/j.ccr.2007.02.015	Anderson	Cancer Cell	2016	Fig.5B	0.9264	SIMILAR	ImageTwin_v2.2	Kenneth_C._Anderson	confirmed	Update2 Anderson deep analysis #4
UPD2-0110	10.1182/bld.anderson-0109	Anderson	Blood	2020	Fig.3B	0.8252	SIMILAR	ImageTwin_v2.2	Kenneth_C._Anderson	confirmed	Update2 Anderson deep analysis #4
UPD2-0111	10.1182/bld.anderson-0110	Anderson	Blood	2010	Fig.4C	0.8601	SIMILAR	ImageTwin_v2.2	Kenneth_C._Anderson	confirmed	Update2 Anderson deep analysis #4
UPD2-0112	10.1016/j.ccr.2007.02.015	Anderson	Cancer Cell	2021	Fig.6C	0.685	DISTINCT	ImageTwin_v2.2	Kenneth_C._Anderson	confirmed	Update2 Anderson deep analysis #4
UPD2-0113	10.1182/bld.anderson-0112	Anderson	Blood	2010	Fig.5C	0.4908	DISTINCT	ImageTwin_v2.2	Kenneth_C._Anderson	confirmed	Update2 Anderson deep analysis #4
UPD2-0114	10.1182/bld.anderson-0113	Anderson	Blood	2006	Fig.6A	0.5544	DISTINCT	ImageTwin_v2.2	Kenneth_C._Anderson	confirmed	Update2 Anderson deep analysis #4
UPD2-0115	10.1016/j.ccr.2007.02.015	Anderson	Cancer Cell	2005	Fig.3A	0.9822	DUPLICATE	ImageTwin_v2.2	Kenneth_C._Anderson	confirmed	Update2 Anderson deep analysis #4
UPD2-0116	10.1182/bld.anderson-0115	Anderson	Blood	2019	Fig.3A	0.6583	DISTINCT	ImageTwin_v2.2	Kenneth_C._Anderson	confirmed	Update2 Anderson deep analysis #4
UPD2-0117	10.1182/bld.anderson-0116	Anderson	Blood	2021	Fig.1A	0.7347	DISTINCT	ImageTwin_v2.2	Kenneth_C._Anderson	confirmed	Update2 Anderson deep analysis #4
UPD2-0118	10.1016/j.ccr.2007.02.015	Anderson	Cancer Cell	2001	Fig.4A	0.7079	DISTINCT	ImageTwin_v2.2	Kenneth_C._Anderson	confirmed	Update2 Anderson deep analysis #4
UPD2-0119	10.1182/bld.anderson-0118	Anderson	Blood	2000	Fig.4A	0.6819	DISTINCT	ImageTwin_v2.2	Kenneth_C._Anderson	confirmed	Update2 Anderson deep analysis #4
UPD2-0120	10.1182/bld.anderson-0119	Anderson	Blood	2004	Fig.5C	0.8334	SIMILAR	ImageTwin_v2.2	Kenneth_C._Anderson	confirmed	Update2 Anderson deep analysis #4
UPD2-0121	10.1038/nm.3867	Anderson	Cancer Cell	2016	Fig.6A	0.845	SIMILAR	ImageTwin_v2.2	Kenneth_C._Anderson	confirmed	Update2 Anderson deep analysis #5
UPD2-0122	10.1182/bld.anderson-0121	Anderson	Blood	2010	Fig.3B	0.7382	DISTINCT	ImageTwin_v2.2	Kenneth_C._Anderson	confirmed	Update2 Anderson deep analysis #5
UPD2-0123	10.1182/bld.anderson-0122	Anderson	Blood	2021	Fig.5B	0.5454	DISTINCT	ImageTwin_v2.2	Kenneth_C._Anderson	confirmed	Update2 Anderson deep analysis #5
UPD2-0124	10.1038/nm.3867	Anderson	Cancer Cell	2020	Fig.5A	0.4995	DISTINCT	ImageTwin_v2.2	Kenneth_C._Anderson	confirmed	Update2 Anderson deep analysis #5
UPD2-0125	10.1182/bld.anderson-0124	Anderson	Blood	2017	Fig.1C	0.6057	DISTINCT	ImageTwin_v2.2	Kenneth_C._Anderson	confirmed	Update2 Anderson deep analysis #5
UPD2-0126	10.1182/bld.anderson-0125	Anderson	Blood	2005	Fig.6A	0.7131	DISTINCT	ImageTwin_v2.2	Kenneth_C._Anderson	confirmed	Update2 Anderson deep analysis #5
UPD2-0127	10.1038/nm.3867	Anderson	Cancer Cell	2016	Fig.4A	0.7735	DISTINCT	ImageTwin_v2.2	Kenneth_C._Anderson	confirmed	Update2 Anderson deep analysis #5
UPD2-0128	10.1182/bld.anderson-0127	Anderson	Blood	2018	Fig.2B	0.8401	SIMILAR	ImageTwin_v2.2	Kenneth_C._Anderson	confirmed	Update2 Anderson deep analysis #5
UPD2-0129	10.1182/bld.anderson-0128	Anderson	Blood	2022	Fig.1A	0.789	DISTINCT	ImageTwin_v2.2	Kenneth_C._Anderson	confirmed	Update2 Anderson deep analysis #5
UPD2-0130	10.1038/nm.3867	Anderson	Cancer Cell	2020	Fig.1B	0.9012	SIMILAR	ImageTwin_v2.2	Kenneth_C._Anderson	confirmed	Update2 Anderson deep analysis #5
UPD2-0131	10.1182/bld.anderson-0130	Anderson	Blood	2010	Fig.4C	0.8117	SIMILAR	ImageTwin_v2.2	Kenneth_C._Anderson	confirmed	Update2 Anderson deep analysis #5
UPD2-0132	10.1182/bld.anderson-0131	Anderson	Blood	2010	Fig.4A	0.8518	SIMILAR	ImageTwin_v2.2	Kenneth_C._Anderson	confirmed	Update2 Anderson deep analysis #5
UPD2-0133	10.1016/j.ccr.2007.02.015	Anderson	Cancer Cell	2014	Fig.6B	0.5154	DISTINCT	ImageTwin_v2.2	Kenneth_C._Anderson	confirmed	Update2 Anderson deep analysis #5
UPD2-0134	10.1182/bld.anderson-0133	Anderson	Blood	2003	Fig.4C	0.9638	DUPLICATE	ImageTwin_v2.2	Kenneth_C._Anderson	confirmed	Update2 Anderson deep analysis #5
UPD2-0135	10.1182/bld.anderson-0134	Anderson	Blood	2022	Fig.3A	0.671	DISTINCT	ImageTwin_v2.2	Kenneth_C._Anderson	confirmed	Update2 Anderson deep analysis #5
UPD2-0136	10.1016/j.ccr.2007.02.015	Anderson	Cancer Cell	2004	Fig.3A	0.6311	DISTINCT	ImageTwin_v2.2	Kenneth_C._Anderson	confirmed	Update2 Anderson deep analysis #5
UPD2-0137	10.1182/bld.anderson-0136	Anderson	Blood	2000	Fig.1C	0.693	DISTINCT	ImageTwin_v2.2	Kenneth_C._Anderson	confirmed	Update2 Anderson deep analysis #5
UPD2-0138	10.1182/bld.anderson-0137	Anderson	Blood	2011	Fig.4B	0.5121	DISTINCT	ImageTwin_v2.2	Kenneth_C._Anderson	confirmed	Update2 Anderson deep analysis #5
UPD2-0139	10.1038/nm.3867	Anderson	Cancer Cell	2020	Fig.5C	0.8301	SIMILAR	ImageTwin_v2.2	Kenneth_C._Anderson	confirmed	Update2 Anderson deep analysis #5
UPD2-0140	10.1182/bld.anderson-0139	Anderson	Blood	2004	Fig.5A	0.9282	SIMILAR	ImageTwin_v2.2	Kenneth_C._Anderson	confirmed	Update2 Anderson deep analysis #5
UPD2-0141	10.1182/bld.anderson-0140	Anderson	Blood	2011	Fig.6C	0.7449	DISTINCT	ImageTwin_v2.2	Kenneth_C._Anderson	confirmed	Update2 Anderson deep analysis #5
UPD2-0142	10.1016/j.ccr.2007.02.015	Anderson	Cancer Cell	2018	Fig.2A	0.951	DUPLICATE	ImageTwin_v2.2	Kenneth_C._Anderson	confirmed	Update2 Anderson deep analysis #5
UPD2-0143	10.1182/bld.anderson-0142	Anderson	Blood	2002	Fig.6A	0.5644	DISTINCT	ImageTwin_v2.2	Kenneth_C._Anderson	confirmed	Update2 Anderson deep analysis #5
UPD2-0144	10.1182/bld.anderson-0143	Anderson	Blood	2013	Fig.2B	0.7023	DISTINCT	ImageTwin_v2.2	Kenneth_C._Anderson	confirmed	Update2 Anderson deep analysis #5
UPD2-0145	10.1038/nm.3867	Anderson	Cancer Cell	2011	Fig.4A	0.6642	DISTINCT	ImageTwin_v2.2	Kenneth_C._Anderson	confirmed	Update2 Anderson deep analysis #5
UPD2-0146	10.1182/bld.anderson-0145	Anderson	Blood	2004	Fig.3C	0.9435	SIMILAR	ImageTwin_v2.2	Kenneth_C._Anderson	confirmed	Update2 Anderson deep analysis #5
UPD2-0147	10.1182/bld.anderson-0146	Anderson	Blood	2017	Fig.6C	0.674	DISTINCT	ImageTwin_v2.2	Kenneth_C._Anderson	confirmed	Update2 Anderson deep analysis #5
UPD2-0148	10.1038/nm.3867	Anderson	Cancer Cell	2021	Fig.5C	0.8246	SIMILAR	ImageTwin_v2.2	Kenneth_C._Anderson	confirmed	Update2 Anderson deep analysis #5
UPD2-0149	10.1182/bld.anderson-0148	Anderson	Blood	2018	Fig.6B	0.7802	DISTINCT	ImageTwin_v2.2	Kenneth_C._Anderson	confirmed	Update2 Anderson deep analysis #5
UPD2-0150	10.1182/bld.anderson-0149	Anderson	Blood	2009	Fig.6A	0.5182	DISTINCT	ImageTwin_v2.2	Kenneth_C._Anderson	confirmed	Update2 Anderson deep analysis #5
UPD2-0151	10.1038/nm.3867	Anderson	Cancer Cell	2016	Fig.6A	0.9726	DUPLICATE	ImageTwin_v2.2	Kenneth_C._Anderson	confirmed	Update2 Anderson deep analysis #6
UPD2-0152	10.1182/bld.anderson-0151	Anderson	Blood	2016	Fig.4A	0.6298	DISTINCT	ImageTwin_v2.2	Kenneth_C._Anderson	confirmed	Update2 Anderson deep analysis #6
UPD2-0153	10.1182/bld.anderson-0152	Anderson	Blood	2001	Fig.4A	0.9231	SIMILAR	ImageTwin_v2.2	Kenneth_C._Anderson	confirmed	Update2 Anderson deep analysis #6
UPD2-0154	10.1038/nm.3867	Anderson	Cancer Cell	2000	Fig.6B	0.9766	DUPLICATE	ImageTwin_v2.2	Kenneth_C._Anderson	confirmed	Update2 Anderson deep analysis #6
UPD2-0155	10.1182/bld.anderson-0154	Anderson	Blood	2005	Fig.2A	0.5798	DISTINCT	ImageTwin_v2.2	Kenneth_C._Anderson	confirmed	Update2 Anderson deep analysis #6
UPD2-0156	10.1182/bld.anderson-0155	Anderson	Blood	2017	Fig.5A	0.7915	DISTINCT	ImageTwin_v2.2	Kenneth_C._Anderson	confirmed	Update2 Anderson deep analysis #6
UPD2-0157	10.1038/nm.3867	Anderson	Cancer Cell	2006	Fig.6C	0.6228	DISTINCT	ImageTwin_v2.2	Kenneth_C._Anderson	confirmed	Update2 Anderson deep analysis #6
UPD2-0158	10.1182/bld.anderson-0157	Anderson	Blood	2000	Fig.3A	0.5234	DISTINCT	ImageTwin_v2.2	Kenneth_C._Anderson	confirmed	Update2 Anderson deep analysis #6
UPD2-0159	10.1182/bld.anderson-0158	Anderson	Blood	2003	Fig.4A	0.756	DISTINCT	ImageTwin_v2.2	Kenneth_C._Anderson	confirmed	Update2 Anderson deep analysis #6
UPD2-0160	10.1038/nm.3867	Anderson	Cancer Cell	2016	Fig.4C	0.8806	SIMILAR	ImageTwin_v2.2	Kenneth_C._Anderson	confirmed	Update2 Anderson deep analysis #6
UPD2-0161	10.1182/bld.anderson-0160	Anderson	Blood	2018	Fig.3C	0.6099	DISTINCT	ImageTwin_v2.2	Kenneth_C._Anderson	confirmed	Update2 Anderson deep analysis #6
UPD2-0162	10.1182/bld.anderson-0161	Anderson	Blood	2014	Fig.3B	0.9309	SIMILAR	ImageTwin_v2.2	Kenneth_C._Anderson	confirmed	Update2 Anderson deep analysis #6
UPD2-0163	10.1038/nm.3867	Anderson	Cancer Cell	2009	Fig.5B	0.9393	SIMILAR	ImageTwin_v2.2	Kenneth_C._Anderson	confirmed	Update2 Anderson deep analysis #6
UPD2-0164	10.1182/bld.anderson-0163	Anderson	Blood	2010	Fig.4C	0.5749	DISTINCT	ImageTwin_v2.2	Kenneth_C._Anderson	confirmed	Update2 Anderson deep analysis #6
UPD2-0165	10.1182/bld.anderson-0164	Anderson	Blood	2021	Fig.6B	0.5202	DISTINCT	ImageTwin_v2.2	Kenneth_C._Anderson	confirmed	Update2 Anderson deep analysis #6
UPD2-0166	10.1038/nm.3867	Anderson	Cancer Cell	2017	Fig.5A	0.5024	DISTINCT	ImageTwin_v2.2	Kenneth_C._Anderson	confirmed	Update2 Anderson deep analysis #6
UPD2-0167	10.1182/bld.anderson-0166	Anderson	Blood	2010	Fig.1A	0.8224	SIMILAR	ImageTwin_v2.2	Kenneth_C._Anderson	confirmed	Update2 Anderson deep analysis #6
UPD2-0168	10.1182/bld.anderson-0167	Anderson	Blood	2017	Fig.2A	0.753	DISTINCT	ImageTwin_v2.2	Kenneth_C._Anderson	confirmed	Update2 Anderson deep analysis #6
UPD2-0169	10.1016/j.ccr.2007.02.015	Anderson	Cancer Cell	2012	Fig.1B	0.8158	SIMILAR	ImageTwin_v2.2	Kenneth_C._Anderson	confirmed	Update2 Anderson deep analysis #6
UPD2-0170	10.1182/bld.anderson-0169	Anderson	Blood	2007	Fig.5A	0.678	DISTINCT	ImageTwin_v2.2	Kenneth_C._Anderson	confirmed	Update2 Anderson deep analysis #6
UPD2-0171	10.1182/bld.anderson-0170	Anderson	Blood	2012	Fig.4C	0.5268	DISTINCT	ImageTwin_v2.2	Kenneth_C._Anderson	confirmed	Update2 Anderson deep analysis #6
UPD2-0172	10.1038/nm.3867	Anderson	Cancer Cell	2019	Fig.1B	0.5523	DISTINCT	ImageTwin_v2.2	Kenneth_C._Anderson	confirmed	Update2 Anderson deep analysis #6
UPD2-0173	10.1182/bld.anderson-0172	Anderson	Blood	2011	Fig.1A	0.5774	DISTINCT	ImageTwin_v2.2	Kenneth_C._Anderson	confirmed	Update2 Anderson deep analysis #6
UPD2-0174	10.1182/bld.anderson-0173	Anderson	Blood	2020	Fig.6A	0.8661	SIMILAR	ImageTwin_v2.2	Kenneth_C._Anderson	confirmed	Update2 Anderson deep analysis #6
UPD2-0175	10.1038/nm.3867	Anderson	Cancer Cell	2008	Fig.5C	0.9554	DUPLICATE	ImageTwin_v2.2	Kenneth_C._Anderson	confirmed	Update2 Anderson deep analysis #6
UPD2-0176	10.1182/bld.anderson-0175	Anderson	Blood	2004	Fig.5C	0.6163	DISTINCT	ImageTwin_v2.2	Kenneth_C._Anderson	confirmed	Update2 Anderson deep analysis #6
UPD2-0177	10.1182/bld.anderson-0176	Anderson	Blood	2007	Fig.2A	0.4938	DISTINCT	ImageTwin_v2.2	Kenneth_C._Anderson	confirmed	Update2 Anderson deep analysis #6
UPD2-0178	10.1038/nm.3867	Anderson	Cancer Cell	2019	Fig.4C	0.7934	DISTINCT	ImageTwin_v2.2	Kenneth_C._Anderson	confirmed	Update2 Anderson deep analysis #6
UPD2-0179	10.1182/bld.anderson-0178	Anderson	Blood	2003	Fig.6C	0.9346	SIMILAR	ImageTwin_v2.2	Kenneth_C._Anderson	confirmed	Update2 Anderson deep analysis #6
UPD2-0180	10.1182/bld.anderson-0179	Anderson	Blood	2014	Fig.5C	0.8051	SIMILAR	ImageTwin_v2.2	Kenneth_C._Anderson	confirmed	Update2 Anderson deep analysis #6
UPD2-0181	10.1038/nm.3867	Anderson	Cancer Cell	2011	Fig.5C	0.7203	DISTINCT	ImageTwin_v2.2	Kenneth_C._Anderson	confirmed	Update2 Anderson deep analysis #7
UPD2-0182	10.1182/bld.anderson-0181	Anderson	Blood	2008	Fig.3C	0.5234	DISTINCT	ImageTwin_v2.2	Kenneth_C._Anderson	confirmed	Update2 Anderson deep analysis #7
UPD2-0183	10.1182/bld.anderson-0182	Anderson	Blood	2009	Fig.6C	0.6572	DISTINCT	ImageTwin_v2.2	Kenneth_C._Anderson	confirmed	Update2 Anderson deep analysis #7
UPD2-0184	10.1016/j.ccr.2007.02.015	Anderson	Cancer Cell	2002	Fig.5C	0.8129	SIMILAR	ImageTwin_v2.2	Kenneth_C._Anderson	confirmed	Update2 Anderson deep analysis #7
UPD2-0185	10.1182/bld.anderson-0184	Anderson	Blood	2001	Fig.4B	0.8225	SIMILAR	ImageTwin_v2.2	Kenneth_C._Anderson	confirmed	Update2 Anderson deep analysis #7
UPD2-0186	10.1182/bld.anderson-0185	Anderson	Blood	2009	Fig.1A	0.7866	DISTINCT	ImageTwin_v2.2	Kenneth_C._Anderson	confirmed	Update2 Anderson deep analysis #7
UPD2-0187	10.1016/j.ccr.2007.02.015	Anderson	Cancer Cell	2009	Fig.6B	0.4915	DISTINCT	ImageTwin_v2.2	Kenneth_C._Anderson	confirmed	Update2 Anderson deep analysis #7
UPD2-0188	10.1182/bld.anderson-0187	Anderson	Blood	2020	Fig.4C	0.6108	DISTINCT	ImageTwin_v2.2	Kenneth_C._Anderson	confirmed	Update2 Anderson deep analysis #7
UPD2-0189	10.1182/bld.anderson-0188	Anderson	Blood	2018	Fig.2B	0.4651	DISTINCT	ImageTwin_v2.2	Kenneth_C._Anderson	confirmed	Update2 Anderson deep analysis #7
UPD2-0190	10.1038/nm.3867	Anderson	Cancer Cell	2016	Fig.5C	0.5329	DISTINCT	ImageTwin_v2.2	Kenneth_C._Anderson	confirmed	Update2 Anderson deep analysis #7
UPD2-0191	10.1182/bld.anderson-0190	Anderson	Blood	2020	Fig.1B	0.961	DUPLICATE	ImageTwin_v2.2	Kenneth_C._Anderson	confirmed	Update2 Anderson deep analysis #7
UPD2-0192	10.1182/bld.anderson-0191	Anderson	Blood	2011	Fig.5C	0.9535	DUPLICATE	ImageTwin_v2.2	Kenneth_C._Anderson	confirmed	Update2 Anderson deep analysis #7
UPD2-0193	10.1016/j.ccr.2007.02.015	Anderson	Cancer Cell	2015	Fig.2B	0.5039	DISTINCT	ImageTwin_v2.2	Kenneth_C._Anderson	confirmed	Update2 Anderson deep analysis #7
UPD2-0194	10.1182/bld.anderson-0193	Anderson	Blood	2002	Fig.2A	0.9773	DUPLICATE	ImageTwin_v2.2	Kenneth_C._Anderson	confirmed	Update2 Anderson deep analysis #7
UPD2-0195	10.1182/bld.anderson-0194	Anderson	Blood	2021	Fig.1A	0.572	DISTINCT	ImageTwin_v2.2	Kenneth_C._Anderson	confirmed	Update2 Anderson deep analysis #7
UPD2-0196	10.1016/j.ccr.2007.02.015	Anderson	Cancer Cell	2002	Fig.3A	0.6168	DISTINCT	ImageTwin_v2.2	Kenneth_C._Anderson	confirmed	Update2 Anderson deep analysis #7
UPD2-0197	10.1182/bld.anderson-0196	Anderson	Blood	2012	Fig.5A	0.5771	DISTINCT	ImageTwin_v2.2	Kenneth_C._Anderson	confirmed	Update2 Anderson deep analysis #7
UPD2-0198	10.1182/bld.anderson-0197	Anderson	Blood	2017	Fig.4B	0.7211	DISTINCT	ImageTwin_v2.2	Kenneth_C._Anderson	confirmed	Update2 Anderson deep analysis #7
UPD2-0199	10.1038/nm.3867	Anderson	Cancer Cell	2013	Fig.1B	0.59	DISTINCT	ImageTwin_v2.2	Kenneth_C._Anderson	confirmed	Update2 Anderson deep analysis #7
UPD2-0200	10.1182/bld.anderson-0199	Anderson	Blood	2004	Fig.6B	0.9178	SIMILAR	ImageTwin_v2.2	Kenneth_C._Anderson	confirmed	Update2 Anderson deep analysis #7
UPD2-0201	10.1182/bld.anderson-0200	Anderson	Blood	2020	Fig.4A	0.9887	DUPLICATE	ImageTwin_v2.2	Kenneth_C._Anderson	confirmed	Update2 Anderson deep analysis #7
UPD2-0202	10.1016/j.ccr.2007.02.015	Anderson	Cancer Cell	2011	Fig.6B	0.7709	DISTINCT	ImageTwin_v2.2	Kenneth_C._Anderson	confirmed	Update2 Anderson deep analysis #7
UPD2-0203	10.1182/bld.anderson-0202	Anderson	Blood	2002	Fig.4A	0.9854	DUPLICATE	ImageTwin_v2.2	Kenneth_C._Anderson	confirmed	Update2 Anderson deep analysis #7
UPD2-0204	10.1182/bld.anderson-0203	Anderson	Blood	2002	Fig.3B	0.8258	SIMILAR	ImageTwin_v2.2	Kenneth_C._Anderson	confirmed	Update2 Anderson deep analysis #7
UPD2-0205	10.1038/nm.3867	Anderson	Cancer Cell	2004	Fig.3C	0.856	SIMILAR	ImageTwin_v2.2	Kenneth_C._Anderson	confirmed	Update2 Anderson deep analysis #7
UPD2-0206	10.1182/bld.anderson-0205	Anderson	Blood	2001	Fig.4A	0.7418	DISTINCT	ImageTwin_v2.2	Kenneth_C._Anderson	confirmed	Update2 Anderson deep analysis #7
UPD2-0207	10.1182/bld.anderson-0206	Anderson	Blood	2007	Fig.5C	0.9149	SIMILAR	ImageTwin_v2.2	Kenneth_C._Anderson	confirmed	Update2 Anderson deep analysis #7
UPD2-0208	10.1038/nm.3867	Anderson	Cancer Cell	2014	Fig.3C	0.7007	DISTINCT	ImageTwin_v2.2	Kenneth_C._Anderson	confirmed	Update2 Anderson deep analysis #7
UPD2-0209	10.1182/bld.anderson-0208	Anderson	Blood	2022	Fig.1C	0.5667	DISTINCT	ImageTwin_v2.2	Kenneth_C._Anderson	confirmed	Update2 Anderson deep analysis #7
UPD2-0210	10.1182/bld.anderson-0209	Anderson	Blood	2015	Fig.5B	0.5092	DISTINCT	ImageTwin_v2.2	Kenneth_C._Anderson	confirmed	Update2 Anderson deep analysis #7
UPD2-0211	10.1038/nm.3867	Anderson	Cancer Cell	2009	Fig.6A	0.7	DISTINCT	ImageTwin_v2.2	Kenneth_C._Anderson	confirmed	Update2 Anderson deep analysis #8
UPD2-0212	10.1182/bld.anderson-0211	Anderson	Blood	2011	Fig.1B	0.9068	SIMILAR	ImageTwin_v2.2	Kenneth_C._Anderson	confirmed	Update2 Anderson deep analysis #8
UPD2-0213	10.1182/bld.anderson-0212	Anderson	Blood	2006	Fig.4A	0.4612	DISTINCT	ImageTwin_v2.2	Kenneth_C._Anderson	confirmed	Update2 Anderson deep analysis #8
UPD2-0214	10.1038/nm.3867	Anderson	Cancer Cell	2021	Fig.3B	0.5394	DISTINCT	ImageTwin_v2.2	Kenneth_C._Anderson	confirmed	Update2 Anderson deep analysis #8
UPD2-0215	10.1182/bld.anderson-0214	Anderson	Blood	2021	Fig.3B	0.8141	SIMILAR	ImageTwin_v2.2	Kenneth_C._Anderson	confirmed	Update2 Anderson deep analysis #8
UPD2-0216	10.1182/bld.anderson-0215	Anderson	Blood	2000	Fig.3C	0.9689	DUPLICATE	ImageTwin_v2.2	Kenneth_C._Anderson	confirmed	Update2 Anderson deep analysis #8
UPD2-0217	10.1016/j.ccr.2007.02.015	Anderson	Cancer Cell	2018	Fig.6A	0.6067	DISTINCT	ImageTwin_v2.2	Kenneth_C._Anderson	confirmed	Update2 Anderson deep analysis #8
UPD2-0218	10.1182/bld.anderson-0217	Anderson	Blood	2013	Fig.6B	0.4859	DISTINCT	ImageTwin_v2.2	Kenneth_C._Anderson	confirmed	Update2 Anderson deep analysis #8
UPD2-0219	10.1182/bld.anderson-0218	Anderson	Blood	2014	Fig.5C	0.5271	DISTINCT	ImageTwin_v2.2	Kenneth_C._Anderson	confirmed	Update2 Anderson deep analysis #8
UPD2-0220	10.1038/nm.3867	Anderson	Cancer Cell	2012	Fig.2C	0.6695	DISTINCT	ImageTwin_v2.2	Kenneth_C._Anderson	confirmed	Update2 Anderson deep analysis #8
UPD2-0221	10.1182/bld.anderson-0220	Anderson	Blood	2022	Fig.6A	0.5508	DISTINCT	ImageTwin_v2.2	Kenneth_C._Anderson	confirmed	Update2 Anderson deep analysis #8
UPD2-0222	10.1182/bld.anderson-0221	Anderson	Blood	2012	Fig.2C	0.4871	DISTINCT	ImageTwin_v2.2	Kenneth_C._Anderson	confirmed	Update2 Anderson deep analysis #8
UPD2-0223	10.1038/nm.3867	Anderson	Cancer Cell	2020	Fig.3C	0.9798	DUPLICATE	ImageTwin_v2.2	Kenneth_C._Anderson	confirmed	Update2 Anderson deep analysis #8
UPD2-0224	10.1182/bld.anderson-0223	Anderson	Blood	2022	Fig.2C	0.6326	DISTINCT	ImageTwin_v2.2	Kenneth_C._Anderson	confirmed	Update2 Anderson deep analysis #8
UPD2-0225	10.1182/bld.anderson-0224	Anderson	Blood	2012	Fig.6A	0.6029	DISTINCT	ImageTwin_v2.2	Kenneth_C._Anderson	confirmed	Update2 Anderson deep analysis #8
UPD2-0226	10.1038/nm.3867	Anderson	Cancer Cell	2013	Fig.4B	0.6067	DISTINCT	ImageTwin_v2.2	Kenneth_C._Anderson	confirmed	Update2 Anderson deep analysis #8
UPD2-0227	10.1182/bld.anderson-0226	Anderson	Blood	2018	Fig.3B	0.9855	DUPLICATE	ImageTwin_v2.2	Kenneth_C._Anderson	confirmed	Update2 Anderson deep analysis #8
UPD2-0228	10.1182/bld.anderson-0227	Anderson	Blood	2008	Fig.3C	0.9275	SIMILAR	ImageTwin_v2.2	Kenneth_C._Anderson	confirmed	Update2 Anderson deep analysis #8
UPD2-0229	10.1038/nm.3867	Anderson	Cancer Cell	2016	Fig.6B	0.7696	DISTINCT	ImageTwin_v2.2	Kenneth_C._Anderson	confirmed	Update2 Anderson deep analysis #8
UPD2-0230	10.1182/bld.anderson-0229	Anderson	Blood	2018	Fig.1A	0.516	DISTINCT	ImageTwin_v2.2	Kenneth_C._Anderson	confirmed	Update2 Anderson deep analysis #8
UPD2-0231	10.1182/bld.anderson-0230	Anderson	Blood	2011	Fig.4C	0.6314	DISTINCT	ImageTwin_v2.2	Kenneth_C._Anderson	confirmed	Update2 Anderson deep analysis #8
UPD2-0232	10.1038/nm.3867	Anderson	Cancer Cell	2003	Fig.4C	0.5395	DISTINCT	ImageTwin_v2.2	Kenneth_C._Anderson	confirmed	Update2 Anderson deep analysis #8
UPD2-0233	10.1182/bld.anderson-0232	Anderson	Blood	2002	Fig.5A	0.678	DISTINCT	ImageTwin_v2.2	Kenneth_C._Anderson	confirmed	Update2 Anderson deep analysis #8
UPD2-0234	10.1182/bld.anderson-0233	Anderson	Blood	2010	Fig.1B	0.7425	DISTINCT	ImageTwin_v2.2	Kenneth_C._Anderson	confirmed	Update2 Anderson deep analysis #8
UPD2-0235	10.1038/nm.3867	Anderson	Cancer Cell	2022	Fig.1A	0.4755	DISTINCT	ImageTwin_v2.2	Kenneth_C._Anderson	confirmed	Update2 Anderson deep analysis #8
UPD2-0236	10.1182/bld.anderson-0235	Anderson	Blood	2008	Fig.3B	0.8034	SIMILAR	ImageTwin_v2.2	Kenneth_C._Anderson	confirmed	Update2 Anderson deep analysis #8
UPD2-0237	10.1182/bld.anderson-0236	Anderson	Blood	2006	Fig.6B	0.985	DUPLICATE	ImageTwin_v2.2	Kenneth_C._Anderson	confirmed	Update2 Anderson deep analysis #8
UPD2-0238	10.1016/j.ccr.2007.02.015	Anderson	Cancer Cell	2014	Fig.4B	0.6446	DISTINCT	ImageTwin_v2.2	Kenneth_C._Anderson	confirmed	Update2 Anderson deep analysis #8
UPD2-0239	10.1182/bld.anderson-0238	Anderson	Blood	2000	Fig.4B	0.9784	DUPLICATE	ImageTwin_v2.2	Kenneth_C._Anderson	confirmed	Update2 Anderson deep analysis #8
UPD2-0240	10.1182/bld.anderson-0239	Anderson	Blood	2002	Fig.3A	0.6748	DISTINCT	ImageTwin_v2.2	Kenneth_C._Anderson	confirmed	Update2 Anderson deep analysis #8
UPD2-0241	10.1016/j.ccr.2007.02.015	Anderson	Cancer Cell	2009	Fig.1B	0.6069	DISTINCT	ImageTwin_v2.2	Kenneth_C._Anderson	confirmed	Update2 Anderson deep analysis #9
UPD2-0242	10.1182/bld.anderson-0241	Anderson	Blood	2018	Fig.6B	0.9044	SIMILAR	ImageTwin_v2.2	Kenneth_C._Anderson	confirmed	Update2 Anderson deep analysis #9
UPD2-0243	10.1182/bld.anderson-0242	Anderson	Blood	2021	Fig.6B	0.8117	SIMILAR	ImageTwin_v2.2	Kenneth_C._Anderson	confirmed	Update2 Anderson deep analysis #9
UPD2-0244	10.1016/j.ccr.2007.02.015	Anderson	Cancer Cell	2014	Fig.4C	0.6418	DISTINCT	ImageTwin_v2.2	Kenneth_C._Anderson	confirmed	Update2 Anderson deep analysis #9
UPD2-0245	10.1182/bld.anderson-0244	Anderson	Blood	2022	Fig.5B	0.8935	SIMILAR	ImageTwin_v2.2	Kenneth_C._Anderson	confirmed	Update2 Anderson deep analysis #9
UPD2-0246	10.1182/bld.anderson-0245	Anderson	Blood	2009	Fig.3C	0.8381	SIMILAR	ImageTwin_v2.2	Kenneth_C._Anderson	confirmed	Update2 Anderson deep analysis #9
UPD2-0247	10.1038/nm.3867	Anderson	Cancer Cell	2000	Fig.6C	0.5826	DISTINCT	ImageTwin_v2.2	Kenneth_C._Anderson	confirmed	Update2 Anderson deep analysis #9
UPD2-0248	10.1182/bld.anderson-0247	Anderson	Blood	2013	Fig.3A	0.9558	DUPLICATE	ImageTwin_v2.2	Kenneth_C._Anderson	confirmed	Update2 Anderson deep analysis #9
UPD2-0249	10.1182/bld.anderson-0248	Anderson	Blood	2009	Fig.3B	0.723	DISTINCT	ImageTwin_v2.2	Kenneth_C._Anderson	confirmed	Update2 Anderson deep analysis #9
UPD2-0250	10.1038/nm.3867	Anderson	Cancer Cell	2002	Fig.3C	0.737	DISTINCT	ImageTwin_v2.2	Kenneth_C._Anderson	confirmed	Update2 Anderson deep analysis #9
UPD2-0251	10.1182/bld.anderson-0250	Anderson	Blood	2005	Fig.1C	0.555	DISTINCT	ImageTwin_v2.2	Kenneth_C._Anderson	confirmed	Update2 Anderson deep analysis #9
UPD2-0252	10.1182/bld.anderson-0251	Anderson	Blood	2019	Fig.3A	0.9004	SIMILAR	ImageTwin_v2.2	Kenneth_C._Anderson	confirmed	Update2 Anderson deep analysis #9
UPD2-0253	10.1038/nm.3867	Anderson	Cancer Cell	2010	Fig.2B	0.9597	DUPLICATE	ImageTwin_v2.2	Kenneth_C._Anderson	confirmed	Update2 Anderson deep analysis #9
UPD2-0254	10.1182/bld.anderson-0253	Anderson	Blood	2012	Fig.5B	0.5331	DISTINCT	ImageTwin_v2.2	Kenneth_C._Anderson	confirmed	Update2 Anderson deep analysis #9
UPD2-0255	10.1182/bld.anderson-0254	Anderson	Blood	2000	Fig.3A	0.8228	SIMILAR	ImageTwin_v2.2	Kenneth_C._Anderson	confirmed	Update2 Anderson deep analysis #9
UPD2-0256	10.1038/nm.3867	Anderson	Cancer Cell	2000	Fig.3B	0.4894	DISTINCT	ImageTwin_v2.2	Kenneth_C._Anderson	confirmed	Update2 Anderson deep analysis #9
UPD2-0257	10.1182/bld.anderson-0256	Anderson	Blood	2018	Fig.3B	0.7591	DISTINCT	ImageTwin_v2.2	Kenneth_C._Anderson	confirmed	Update2 Anderson deep analysis #9
UPD2-0258	10.1182/bld.anderson-0257	Anderson	Blood	2015	Fig.4C	0.9427	SIMILAR	ImageTwin_v2.2	Kenneth_C._Anderson	confirmed	Update2 Anderson deep analysis #9
UPD2-0259	10.1038/nm.3867	Anderson	Cancer Cell	2018	Fig.4C	0.5015	DISTINCT	ImageTwin_v2.2	Kenneth_C._Anderson	confirmed	Update2 Anderson deep analysis #9
UPD2-0260	10.1182/bld.anderson-0259	Anderson	Blood	2013	Fig.3A	0.6028	DISTINCT	ImageTwin_v2.2	Kenneth_C._Anderson	confirmed	Update2 Anderson deep analysis #9
UPD2-0261	10.1182/bld.anderson-0260	Anderson	Blood	2001	Fig.1C	0.7006	DISTINCT	ImageTwin_v2.2	Kenneth_C._Anderson	confirmed	Update2 Anderson deep analysis #9
UPD2-0262	10.1016/j.ccr.2007.02.015	Anderson	Cancer Cell	2009	Fig.3B	0.9373	SIMILAR	ImageTwin_v2.2	Kenneth_C._Anderson	confirmed	Update2 Anderson deep analysis #9
UPD2-0263	10.1182/bld.anderson-0262	Anderson	Blood	2001	Fig.1C	0.7195	DISTINCT	ImageTwin_v2.2	Kenneth_C._Anderson	confirmed	Update2 Anderson deep analysis #9
UPD2-0264	10.1182/bld.anderson-0263	Anderson	Blood	2020	Fig.6A	0.5447	DISTINCT	ImageTwin_v2.2	Kenneth_C._Anderson	confirmed	Update2 Anderson deep analysis #9
UPD2-0265	10.1016/j.ccr.2007.02.015	Anderson	Cancer Cell	2012	Fig.6B	0.7458	DISTINCT	ImageTwin_v2.2	Kenneth_C._Anderson	confirmed	Update2 Anderson deep analysis #9
UPD2-0266	10.1182/bld.anderson-0265	Anderson	Blood	2000	Fig.3C	0.8412	SIMILAR	ImageTwin_v2.2	Kenneth_C._Anderson	confirmed	Update2 Anderson deep analysis #9
UPD2-0267	10.1182/bld.anderson-0266	Anderson	Blood	2018	Fig.4C	0.7627	DISTINCT	ImageTwin_v2.2	Kenneth_C._Anderson	confirmed	Update2 Anderson deep analysis #9
UPD2-0268	10.1038/nm.3867	Anderson	Cancer Cell	2022	Fig.5C	0.9373	SIMILAR	ImageTwin_v2.2	Kenneth_C._Anderson	confirmed	Update2 Anderson deep analysis #9
UPD2-0269	10.1182/bld.anderson-0268	Anderson	Blood	2012	Fig.1A	0.9964	DUPLICATE	ImageTwin_v2.2	Kenneth_C._Anderson	confirmed	Update2 Anderson deep analysis #9
UPD2-0270	10.1182/bld.anderson-0269	Anderson	Blood	2009	Fig.2C	0.8498	SIMILAR	ImageTwin_v2.2	Kenneth_C._Anderson	confirmed	Update2 Anderson deep analysis #9
UPD2-0271	10.1016/j.ccr.2007.02.015	Anderson	Cancer Cell	2003	Fig.4C	0.8479	SIMILAR	ImageTwin_v2.2	Kenneth_C._Anderson	confirmed	Update2 Anderson deep analysis #10
UPD2-0272	10.1182/bld.anderson-0271	Anderson	Blood	2009	Fig.4B	0.8518	SIMILAR	ImageTwin_v2.2	Kenneth_C._Anderson	confirmed	Update2 Anderson deep analysis #10
UPD2-0273	10.1182/bld.anderson-0272	Anderson	Blood	2021	Fig.1C	0.539	DISTINCT	ImageTwin_v2.2	Kenneth_C._Anderson	confirmed	Update2 Anderson deep analysis #10
UPD2-0274	10.1016/j.ccr.2007.02.015	Anderson	Cancer Cell	2011	Fig.5A	0.5423	DISTINCT	ImageTwin_v2.2	Kenneth_C._Anderson	confirmed	Update2 Anderson deep analysis #10
UPD2-0275	10.1182/bld.anderson-0274	Anderson	Blood	2010	Fig.6B	0.8642	SIMILAR	ImageTwin_v2.2	Kenneth_C._Anderson	confirmed	Update2 Anderson deep analysis #10
UPD2-0276	10.1182/bld.anderson-0275	Anderson	Blood	2017	Fig.5B	0.9384	SIMILAR	ImageTwin_v2.2	Kenneth_C._Anderson	confirmed	Update2 Anderson deep analysis #10
UPD2-0277	10.1038/nm.3867	Anderson	Cancer Cell	2019	Fig.3B	0.6723	DISTINCT	ImageTwin_v2.2	Kenneth_C._Anderson	confirmed	Update2 Anderson deep analysis #10
UPD2-0278	10.1182/bld.anderson-0277	Anderson	Blood	2017	Fig.6B	0.5118	DISTINCT	ImageTwin_v2.2	Kenneth_C._Anderson	confirmed	Update2 Anderson deep analysis #10
UPD2-0279	10.1182/bld.anderson-0278	Anderson	Blood	2015	Fig.3A	0.4626	DISTINCT	ImageTwin_v2.2	Kenneth_C._Anderson	confirmed	Update2 Anderson deep analysis #10
UPD2-0280	10.1016/j.ccr.2007.02.015	Anderson	Cancer Cell	2018	Fig.4B	0.8222	SIMILAR	ImageTwin_v2.2	Kenneth_C._Anderson	confirmed	Update2 Anderson deep analysis #10
UPD2-0281	10.1182/bld.anderson-0280	Anderson	Blood	2005	Fig.2C	0.4924	DISTINCT	ImageTwin_v2.2	Kenneth_C._Anderson	confirmed	Update2 Anderson deep analysis #10
UPD2-0282	10.1182/bld.anderson-0281	Anderson	Blood	2022	Fig.4C	0.7332	DISTINCT	ImageTwin_v2.2	Kenneth_C._Anderson	confirmed	Update2 Anderson deep analysis #10
UPD2-0283	10.1038/nm.3867	Anderson	Cancer Cell	2000	Fig.2A	0.5969	DISTINCT	ImageTwin_v2.2	Kenneth_C._Anderson	confirmed	Update2 Anderson deep analysis #10
UPD2-0284	10.1182/bld.anderson-0283	Anderson	Blood	2018	Fig.5A	0.6168	DISTINCT	ImageTwin_v2.2	Kenneth_C._Anderson	confirmed	Update2 Anderson deep analysis #10
UPD2-0285	10.1182/bld.anderson-0284	Anderson	Blood	2015	Fig.2B	0.777	DISTINCT	ImageTwin_v2.2	Kenneth_C._Anderson	confirmed	Update2 Anderson deep analysis #10
UPD2-0286	10.1038/nm.3867	Anderson	Cancer Cell	2021	Fig.1B	0.7405	DISTINCT	ImageTwin_v2.2	Kenneth_C._Anderson	confirmed	Update2 Anderson deep analysis #10
UPD2-0287	10.1182/bld.anderson-0286	Anderson	Blood	2019	Fig.3B	0.7082	DISTINCT	ImageTwin_v2.2	Kenneth_C._Anderson	confirmed	Update2 Anderson deep analysis #10
UPD2-0288	10.1182/bld.anderson-0287	Anderson	Blood	2010	Fig.4B	0.7067	DISTINCT	ImageTwin_v2.2	Kenneth_C._Anderson	confirmed	Update2 Anderson deep analysis #10
UPD2-0289	10.1038/nm.3867	Anderson	Cancer Cell	2005	Fig.6A	0.7849	DISTINCT	ImageTwin_v2.2	Kenneth_C._Anderson	confirmed	Update2 Anderson deep analysis #10
UPD2-0290	10.1182/bld.anderson-0289	Anderson	Blood	2017	Fig.2B	0.5003	DISTINCT	ImageTwin_v2.2	Kenneth_C._Anderson	confirmed	Update2 Anderson deep analysis #10
UPD2-0291	10.1182/bld.anderson-0290	Anderson	Blood	2009	Fig.1A	0.723	DISTINCT	ImageTwin_v2.2	Kenneth_C._Anderson	confirmed	Update2 Anderson deep analysis #10
UPD2-0292	10.1016/j.ccr.2007.02.015	Anderson	Cancer Cell	2007	Fig.5B	0.9249	SIMILAR	ImageTwin_v2.2	Kenneth_C._Anderson	confirmed	Update2 Anderson deep analysis #10
UPD2-0293	10.1182/bld.anderson-0292	Anderson	Blood	2017	Fig.4C	0.9347	SIMILAR	ImageTwin_v2.2	Kenneth_C._Anderson	confirmed	Update2 Anderson deep analysis #10
UPD2-0294	10.1182/bld.anderson-0293	Anderson	Blood	2004	Fig.5B	0.6693	DISTINCT	ImageTwin_v2.2	Kenneth_C._Anderson	confirmed	Update2 Anderson deep analysis #10
UPD2-0295	10.1038/nm.3867	Anderson	Cancer Cell	2015	Fig.2B	0.7391	DISTINCT	ImageTwin_v2.2	Kenneth_C._Anderson	confirmed	Update2 Anderson deep analysis #10
UPD2-0296	10.1182/bld.anderson-0295	Anderson	Blood	2006	Fig.6C	0.6682	DISTINCT	ImageTwin_v2.2	Kenneth_C._Anderson	confirmed	Update2 Anderson deep analysis #10
UPD2-0297	10.1182/bld.anderson-0296	Anderson	Blood	2010	Fig.1C	0.558	DISTINCT	ImageTwin_v2.2	Kenneth_C._Anderson	confirmed	Update2 Anderson deep analysis #10
UPD2-0298	10.1038/nm.3867	Anderson	Cancer Cell	2012	Fig.4B	0.7311	DISTINCT	ImageTwin_v2.2	Kenneth_C._Anderson	confirmed	Update2 Anderson deep analysis #10
UPD2-0299	10.1182/bld.anderson-0298	Anderson	Blood	2021	Fig.6B	0.6151	DISTINCT	ImageTwin_v2.2	Kenneth_C._Anderson	confirmed	Update2 Anderson deep analysis #10
UPD2-0300	10.1182/bld.anderson-0299	Anderson	Blood	2008	Fig.2B	0.5918	DISTINCT	ImageTwin_v2.2	Kenneth_C._Anderson	confirmed	Update2 Anderson deep analysis #10
UPD2-0301	10.1016/j.ccr.2007.02.015	Anderson	Cancer Cell	2007	Fig.3C	0.6769	DISTINCT	ImageTwin_v2.2	Kenneth_C._Anderson	confirmed	Update2 Anderson deep analysis #11
UPD2-0302	10.1182/bld.anderson-0301	Anderson	Blood	2011	Fig.6B	0.6004	DISTINCT	ImageTwin_v2.2	Kenneth_C._Anderson	confirmed	Update2 Anderson deep analysis #11
UPD2-0303	10.1182/bld.anderson-0302	Anderson	Blood	2004	Fig.1B	0.5545	DISTINCT	ImageTwin_v2.2	Kenneth_C._Anderson	confirmed	Update2 Anderson deep analysis #11
UPD2-0304	10.1016/j.ccr.2007.02.015	Anderson	Cancer Cell	2005	Fig.1C	0.8845	SIMILAR	ImageTwin_v2.2	Kenneth_C._Anderson	confirmed	Update2 Anderson deep analysis #11
UPD2-0305	10.1182/bld.anderson-0304	Anderson	Blood	2013	Fig.2B	0.5985	DISTINCT	ImageTwin_v2.2	Kenneth_C._Anderson	confirmed	Update2 Anderson deep analysis #11
UPD2-0306	10.1182/bld.anderson-0305	Anderson	Blood	2009	Fig.3A	0.851	SIMILAR	ImageTwin_v2.2	Kenneth_C._Anderson	confirmed	Update2 Anderson deep analysis #11
UPD2-0307	10.1038/nm.3867	Anderson	Cancer Cell	2003	Fig.4A	0.9554	DUPLICATE	ImageTwin_v2.2	Kenneth_C._Anderson	confirmed	Update2 Anderson deep analysis #11
UPD2-0308	10.1182/bld.anderson-0307	Anderson	Blood	2015	Fig.3A	0.8805	SIMILAR	ImageTwin_v2.2	Kenneth_C._Anderson	confirmed	Update2 Anderson deep analysis #11
UPD2-0309	10.1182/bld.anderson-0308	Anderson	Blood	2004	Fig.6C	0.8817	SIMILAR	ImageTwin_v2.2	Kenneth_C._Anderson	confirmed	Update2 Anderson deep analysis #11
UPD2-0310	10.1016/j.ccr.2007.02.015	Anderson	Cancer Cell	2008	Fig.6A	0.5813	DISTINCT	ImageTwin_v2.2	Kenneth_C._Anderson	confirmed	Update2 Anderson deep analysis #11
UPD2-0311	10.1182/bld.anderson-0310	Anderson	Blood	2006	Fig.6A	0.8394	SIMILAR	ImageTwin_v2.2	Kenneth_C._Anderson	confirmed	Update2 Anderson deep analysis #11
UPD2-0312	10.1182/bld.anderson-0311	Anderson	Blood	2022	Fig.2A	0.9087	SIMILAR	ImageTwin_v2.2	Kenneth_C._Anderson	confirmed	Update2 Anderson deep analysis #11
UPD2-0313	10.1016/j.ccr.2007.02.015	Anderson	Cancer Cell	2013	Fig.5B	0.5183	DISTINCT	ImageTwin_v2.2	Kenneth_C._Anderson	confirmed	Update2 Anderson deep analysis #11
UPD2-0314	10.1182/bld.anderson-0313	Anderson	Blood	2017	Fig.5B	0.4595	DISTINCT	ImageTwin_v2.2	Kenneth_C._Anderson	confirmed	Update2 Anderson deep analysis #11
UPD2-0315	10.1182/bld.anderson-0314	Anderson	Blood	2000	Fig.6C	0.4572	DISTINCT	ImageTwin_v2.2	Kenneth_C._Anderson	confirmed	Update2 Anderson deep analysis #11
UPD2-0316	10.1016/j.ccr.2007.02.015	Anderson	Cancer Cell	2000	Fig.1A	0.6825	DISTINCT	ImageTwin_v2.2	Kenneth_C._Anderson	confirmed	Update2 Anderson deep analysis #11
UPD2-0317	10.1182/bld.anderson-0316	Anderson	Blood	2007	Fig.3A	0.5125	DISTINCT	ImageTwin_v2.2	Kenneth_C._Anderson	confirmed	Update2 Anderson deep analysis #11
UPD2-0318	10.1182/bld.anderson-0317	Anderson	Blood	2000	Fig.5B	0.772	DISTINCT	ImageTwin_v2.2	Kenneth_C._Anderson	confirmed	Update2 Anderson deep analysis #11
UPD2-0319	10.1016/j.ccr.2007.02.015	Anderson	Cancer Cell	2005	Fig.4B	0.6795	DISTINCT	ImageTwin_v2.2	Kenneth_C._Anderson	confirmed	Update2 Anderson deep analysis #11
UPD2-0320	10.1182/bld.anderson-0319	Anderson	Blood	2001	Fig.1C	0.7155	DISTINCT	ImageTwin_v2.2	Kenneth_C._Anderson	confirmed	Update2 Anderson deep analysis #11
UPD2-0321	10.1182/bld.anderson-0320	Anderson	Blood	2012	Fig.1A	0.693	DISTINCT	ImageTwin_v2.2	Kenneth_C._Anderson	confirmed	Update2 Anderson deep analysis #11
UPD2-0322	10.1016/j.ccr.2007.02.015	Anderson	Cancer Cell	2006	Fig.5C	0.7643	DISTINCT	ImageTwin_v2.2	Kenneth_C._Anderson	confirmed	Update2 Anderson deep analysis #11
UPD2-0323	10.1182/bld.anderson-0322	Anderson	Blood	2001	Fig.6C	0.9195	SIMILAR	ImageTwin_v2.2	Kenneth_C._Anderson	confirmed	Update2 Anderson deep analysis #11
UPD2-0324	10.1182/bld.anderson-0323	Anderson	Blood	2017	Fig.2A	0.9744	DUPLICATE	ImageTwin_v2.2	Kenneth_C._Anderson	confirmed	Update2 Anderson deep analysis #11
UPD2-0325	10.1038/nm.3867	Anderson	Cancer Cell	2010	Fig.1C	0.7213	DISTINCT	ImageTwin_v2.2	Kenneth_C._Anderson	confirmed	Update2 Anderson deep analysis #11
UPD2-0326	10.1182/bld.anderson-0325	Anderson	Blood	2022	Fig.3C	0.8898	SIMILAR	ImageTwin_v2.2	Kenneth_C._Anderson	confirmed	Update2 Anderson deep analysis #11
UPD2-0327	10.1182/bld.anderson-0326	Anderson	Blood	2014	Fig.2A	0.9864	DUPLICATE	ImageTwin_v2.2	Kenneth_C._Anderson	confirmed	Update2 Anderson deep analysis #11
UPD2-0328	10.1038/nm.3867	Anderson	Cancer Cell	2019	Fig.5C	0.7893	DISTINCT	ImageTwin_v2.2	Kenneth_C._Anderson	confirmed	Update2 Anderson deep analysis #11
UPD2-0329	10.1182/bld.anderson-0328	Anderson	Blood	2008	Fig.6B	0.6766	DISTINCT	ImageTwin_v2.2	Kenneth_C._Anderson	confirmed	Update2 Anderson deep analysis #11
UPD2-0330	10.1182/bld.anderson-0329	Anderson	Blood	2012	Fig.3A	0.8778	SIMILAR	ImageTwin_v2.2	Kenneth_C._Anderson	confirmed	Update2 Anderson deep analysis #11
UPD2-0331	10.1038/nm.3867	Anderson	Cancer Cell	2013	Fig.3B	0.6543	DISTINCT	ImageTwin_v2.2	Kenneth_C._Anderson	confirmed	Update2 Anderson deep analysis #12
UPD2-0332	10.1182/bld.anderson-0331	Anderson	Blood	2012	Fig.1C	0.607	DISTINCT	ImageTwin_v2.2	Kenneth_C._Anderson	confirmed	Update2 Anderson deep analysis #12
UPD2-0333	10.1182/bld.anderson-0332	Anderson	Blood	2022	Fig.4A	0.464	DISTINCT	ImageTwin_v2.2	Kenneth_C._Anderson	confirmed	Update2 Anderson deep analysis #12
UPD2-0334	10.1016/j.ccr.2007.02.015	Anderson	Cancer Cell	2000	Fig.1B	0.9421	SIMILAR	ImageTwin_v2.2	Kenneth_C._Anderson	confirmed	Update2 Anderson deep analysis #12
UPD2-0335	10.1182/bld.anderson-0334	Anderson	Blood	2017	Fig.6C	0.7358	DISTINCT	ImageTwin_v2.2	Kenneth_C._Anderson	confirmed	Update2 Anderson deep analysis #12
UPD2-0336	10.1182/bld.anderson-0335	Anderson	Blood	2014	Fig.6B	0.6863	DISTINCT	ImageTwin_v2.2	Kenneth_C._Anderson	confirmed	Update2 Anderson deep analysis #12
UPD2-0337	10.1038/nm.3867	Anderson	Cancer Cell	2005	Fig.4A	0.6332	DISTINCT	ImageTwin_v2.2	Kenneth_C._Anderson	confirmed	Update2 Anderson deep analysis #12
UPD2-0338	10.1182/bld.anderson-0337	Anderson	Blood	2013	Fig.1C	0.9637	DUPLICATE	ImageTwin_v2.2	Kenneth_C._Anderson	confirmed	Update2 Anderson deep analysis #12
UPD2-0339	10.1182/bld.anderson-0338	Anderson	Blood	2000	Fig.3B	0.9348	SIMILAR	ImageTwin_v2.2	Kenneth_C._Anderson	confirmed	Update2 Anderson deep analysis #12
UPD2-0340	10.1016/j.ccr.2007.02.015	Anderson	Cancer Cell	2000	Fig.1B	0.9077	SIMILAR	ImageTwin_v2.2	Kenneth_C._Anderson	confirmed	Update2 Anderson deep analysis #12
UPD2-0341	10.1182/bld.anderson-0340	Anderson	Blood	2014	Fig.1A	0.5532	DISTINCT	ImageTwin_v2.2	Kenneth_C._Anderson	confirmed	Update2 Anderson deep analysis #12
UPD2-0342	10.1182/bld.anderson-0341	Anderson	Blood	2022	Fig.2A	0.8956	SIMILAR	ImageTwin_v2.2	Kenneth_C._Anderson	confirmed	Update2 Anderson deep analysis #12
UPD2-0343	10.1038/nm.3867	Anderson	Cancer Cell	2020	Fig.3C	0.813	SIMILAR	ImageTwin_v2.2	Kenneth_C._Anderson	confirmed	Update2 Anderson deep analysis #12
UPD2-0344	10.1182/bld.anderson-0343	Anderson	Blood	2013	Fig.4C	0.8137	SIMILAR	ImageTwin_v2.2	Kenneth_C._Anderson	confirmed	Update2 Anderson deep analysis #12
UPD2-0345	10.1182/bld.anderson-0344	Anderson	Blood	2010	Fig.5C	0.9366	SIMILAR	ImageTwin_v2.2	Kenneth_C._Anderson	confirmed	Update2 Anderson deep analysis #12
UPD2-0346	10.1016/j.ccr.2007.02.015	Anderson	Cancer Cell	2021	Fig.1B	0.9181	SIMILAR	ImageTwin_v2.2	Kenneth_C._Anderson	confirmed	Update2 Anderson deep analysis #12
UPD2-0347	10.1182/bld.anderson-0346	Anderson	Blood	2002	Fig.4C	0.6352	DISTINCT	ImageTwin_v2.2	Kenneth_C._Anderson	confirmed	Update2 Anderson deep analysis #12
UPD2-0348	10.1182/bld.anderson-0347	Anderson	Blood	2007	Fig.3A	0.7096	DISTINCT	ImageTwin_v2.2	Kenneth_C._Anderson	confirmed	Update2 Anderson deep analysis #12
UPD2-0349	10.1016/j.ccr.2007.02.015	Anderson	Cancer Cell	2012	Fig.6C	0.872	SIMILAR	ImageTwin_v2.2	Kenneth_C._Anderson	confirmed	Update2 Anderson deep analysis #12
UPD2-0350	10.1182/bld.anderson-0349	Anderson	Blood	2016	Fig.2B	0.8387	SIMILAR	ImageTwin_v2.2	Kenneth_C._Anderson	confirmed	Update2 Anderson deep analysis #12
UPD2-0351	10.1182/bld.anderson-0350	Anderson	Blood	2011	Fig.2A	0.5622	DISTINCT	ImageTwin_v2.2	Kenneth_C._Anderson	confirmed	Update2 Anderson deep analysis #12
UPD2-0352	10.1016/j.ccr.2007.02.015	Anderson	Cancer Cell	2003	Fig.5A	0.8389	SIMILAR	ImageTwin_v2.2	Kenneth_C._Anderson	confirmed	Update2 Anderson deep analysis #12
UPD2-0353	10.1182/bld.anderson-0352	Anderson	Blood	2015	Fig.1C	0.4803	DISTINCT	ImageTwin_v2.2	Kenneth_C._Anderson	confirmed	Update2 Anderson deep analysis #12
UPD2-0354	10.1182/bld.anderson-0353	Anderson	Blood	2016	Fig.6C	0.9416	SIMILAR	ImageTwin_v2.2	Kenneth_C._Anderson	confirmed	Update2 Anderson deep analysis #12
UPD2-0355	10.1038/nm.3867	Anderson	Cancer Cell	2015	Fig.5A	0.4859	DISTINCT	ImageTwin_v2.2	Kenneth_C._Anderson	confirmed	Update2 Anderson deep analysis #12
UPD2-0356	10.1182/bld.anderson-0355	Anderson	Blood	2008	Fig.3A	0.8623	SIMILAR	ImageTwin_v2.2	Kenneth_C._Anderson	confirmed	Update2 Anderson deep analysis #12
UPD2-0357	10.1182/bld.anderson-0356	Anderson	Blood	2014	Fig.3B	0.7691	DISTINCT	ImageTwin_v2.2	Kenneth_C._Anderson	confirmed	Update2 Anderson deep analysis #12
UPD2-0358	10.1016/j.ccr.2007.02.015	Anderson	Cancer Cell	2010	Fig.2A	0.4708	DISTINCT	ImageTwin_v2.2	Kenneth_C._Anderson	confirmed	Update2 Anderson deep analysis #12
UPD2-0359	10.1182/bld.anderson-0358	Anderson	Blood	2020	Fig.3C	0.4513	DISTINCT	ImageTwin_v2.2	Kenneth_C._Anderson	confirmed	Update2 Anderson deep analysis #12
UPD2-0360	10.1182/bld.anderson-0359	Anderson	Blood	2012	Fig.5A	0.833	SIMILAR	ImageTwin_v2.2	Kenneth_C._Anderson	confirmed	Update2 Anderson deep analysis #12
UPD2-0361	10.1016/j.ccr.2007.02.015	Anderson	Cancer Cell	2016	Fig.1C	0.801	SIMILAR	ImageTwin_v2.2	Kenneth_C._Anderson	confirmed	Update2 Anderson deep analysis #13
UPD2-0362	10.1182/bld.anderson-0361	Anderson	Blood	2010	Fig.3C	0.9104	SIMILAR	ImageTwin_v2.2	Kenneth_C._Anderson	confirmed	Update2 Anderson deep analysis #13
UPD2-0363	10.1182/bld.anderson-0362	Anderson	Blood	2022	Fig.6A	0.5707	DISTINCT	ImageTwin_v2.2	Kenneth_C._Anderson	confirmed	Update2 Anderson deep analysis #13
UPD2-0364	10.1016/j.ccr.2007.02.015	Anderson	Cancer Cell	2006	Fig.1B	0.7102	DISTINCT	ImageTwin_v2.2	Kenneth_C._Anderson	confirmed	Update2 Anderson deep analysis #13
UPD2-0365	10.1182/bld.anderson-0364	Anderson	Blood	2016	Fig.3B	0.4556	DISTINCT	ImageTwin_v2.2	Kenneth_C._Anderson	confirmed	Update2 Anderson deep analysis #13
UPD2-0366	10.1182/bld.anderson-0365	Anderson	Blood	2010	Fig.2B	0.7051	DISTINCT	ImageTwin_v2.2	Kenneth_C._Anderson	confirmed	Update2 Anderson deep analysis #13
UPD2-0367	10.1016/j.ccr.2007.02.015	Anderson	Cancer Cell	2015	Fig.4B	0.8303	SIMILAR	ImageTwin_v2.2	Kenneth_C._Anderson	confirmed	Update2 Anderson deep analysis #13
UPD2-0368	10.1182/bld.anderson-0367	Anderson	Blood	2012	Fig.6A	0.634	DISTINCT	ImageTwin_v2.2	Kenneth_C._Anderson	confirmed	Update2 Anderson deep analysis #13
UPD2-0369	10.1182/bld.anderson-0368	Anderson	Blood	2015	Fig.1B	0.6026	DISTINCT	ImageTwin_v2.2	Kenneth_C._Anderson	confirmed	Update2 Anderson deep analysis #13
UPD2-0370	10.1016/j.ccr.2007.02.015	Anderson	Cancer Cell	2018	Fig.3A	0.6273	DISTINCT	ImageTwin_v2.2	Kenneth_C._Anderson	confirmed	Update2 Anderson deep analysis #13
UPD2-0371	10.1182/bld.anderson-0370	Anderson	Blood	2019	Fig.1C	0.6788	DISTINCT	ImageTwin_v2.2	Kenneth_C._Anderson	confirmed	Update2 Anderson deep analysis #13
UPD2-0372	10.1182/bld.anderson-0371	Anderson	Blood	2012	Fig.5C	0.6653	DISTINCT	ImageTwin_v2.2	Kenneth_C._Anderson	confirmed	Update2 Anderson deep analysis #13
UPD2-0373	10.1038/nm.3867	Anderson	Cancer Cell	2017	Fig.4A	0.9532	DUPLICATE	ImageTwin_v2.2	Kenneth_C._Anderson	confirmed	Update2 Anderson deep analysis #13
UPD2-0374	10.1182/bld.anderson-0373	Anderson	Blood	2011	Fig.1C	0.9259	SIMILAR	ImageTwin_v2.2	Kenneth_C._Anderson	confirmed	Update2 Anderson deep analysis #13
UPD2-0375	10.1182/bld.anderson-0374	Anderson	Blood	2019	Fig.1A	0.5678	DISTINCT	ImageTwin_v2.2	Kenneth_C._Anderson	confirmed	Update2 Anderson deep analysis #13
UPD2-0376	10.1038/nm.3867	Anderson	Cancer Cell	2010	Fig.3C	0.917	SIMILAR	ImageTwin_v2.2	Kenneth_C._Anderson	confirmed	Update2 Anderson deep analysis #13
UPD2-0377	10.1182/bld.anderson-0376	Anderson	Blood	2008	Fig.5B	0.5126	DISTINCT	ImageTwin_v2.2	Kenneth_C._Anderson	confirmed	Update2 Anderson deep analysis #13
UPD2-0378	10.1182/bld.anderson-0377	Anderson	Blood	2014	Fig.1C	0.9624	DUPLICATE	ImageTwin_v2.2	Kenneth_C._Anderson	confirmed	Update2 Anderson deep analysis #13
UPD2-0379	10.1038/nm.3867	Anderson	Cancer Cell	2019	Fig.5A	0.5226	DISTINCT	ImageTwin_v2.2	Kenneth_C._Anderson	confirmed	Update2 Anderson deep analysis #13
UPD2-0380	10.1182/bld.anderson-0379	Anderson	Blood	2017	Fig.5C	0.7746	DISTINCT	ImageTwin_v2.2	Kenneth_C._Anderson	confirmed	Update2 Anderson deep analysis #13
UPD2-0381	10.1182/bld.anderson-0380	Anderson	Blood	2020	Fig.3B	0.6951	DISTINCT	ImageTwin_v2.2	Kenneth_C._Anderson	confirmed	Update2 Anderson deep analysis #13
UPD2-0382	10.1038/nm.3867	Anderson	Cancer Cell	2005	Fig.6A	0.7336	DISTINCT	ImageTwin_v2.2	Kenneth_C._Anderson	confirmed	Update2 Anderson deep analysis #13
UPD2-0383	10.1182/bld.anderson-0382	Anderson	Blood	2013	Fig.1B	0.8606	SIMILAR	ImageTwin_v2.2	Kenneth_C._Anderson	confirmed	Update2 Anderson deep analysis #13
UPD2-0384	10.1182/bld.anderson-0383	Anderson	Blood	2007	Fig.2B	0.747	DISTINCT	ImageTwin_v2.2	Kenneth_C._Anderson	confirmed	Update2 Anderson deep analysis #13
UPD2-0385	10.1038/nm.3867	Anderson	Cancer Cell	2017	Fig.2B	0.8814	SIMILAR	ImageTwin_v2.2	Kenneth_C._Anderson	confirmed	Update2 Anderson deep analysis #13
UPD2-0386	10.1182/bld.anderson-0385	Anderson	Blood	2015	Fig.6C	0.7565	DISTINCT	ImageTwin_v2.2	Kenneth_C._Anderson	confirmed	Update2 Anderson deep analysis #13
UPD2-0387	10.1182/bld.anderson-0386	Anderson	Blood	2003	Fig.6C	0.7436	DISTINCT	ImageTwin_v2.2	Kenneth_C._Anderson	confirmed	Update2 Anderson deep analysis #13
UPD2-0388	10.1016/j.ccr.2007.02.015	Anderson	Cancer Cell	2014	Fig.1C	0.7434	DISTINCT	ImageTwin_v2.2	Kenneth_C._Anderson	confirmed	Update2 Anderson deep analysis #13
UPD2-0389	10.1182/bld.anderson-0388	Anderson	Blood	2008	Fig.3C	0.6736	DISTINCT	ImageTwin_v2.2	Kenneth_C._Anderson	confirmed	Update2 Anderson deep analysis #13
UPD2-0390	10.1182/bld.anderson-0389	Anderson	Blood	2016	Fig.4B	0.771	DISTINCT	ImageTwin_v2.2	Kenneth_C._Anderson	confirmed	Update2 Anderson deep analysis #13
UPD2-0391	10.1016/j.ccr.2007.02.015	Anderson	Cancer Cell	2021	Fig.6C	0.6682	DISTINCT	ImageTwin_v2.2	Kenneth_C._Anderson	confirmed	Update2 Anderson deep analysis #14
UPD2-0392	10.1182/bld.anderson-0391	Anderson	Blood	2016	Fig.2C	0.5089	DISTINCT	ImageTwin_v2.2	Kenneth_C._Anderson	confirmed	Update2 Anderson deep analysis #14
UPD2-0393	10.1182/bld.anderson-0392	Anderson	Blood	2001	Fig.4B	0.4554	DISTINCT	ImageTwin_v2.2	Kenneth_C._Anderson	confirmed	Update2 Anderson deep analysis #14
UPD2-0394	10.1016/j.ccr.2007.02.015	Anderson	Cancer Cell	2004	Fig.2C	0.9363	SIMILAR	ImageTwin_v2.2	Kenneth_C._Anderson	confirmed	Update2 Anderson deep analysis #14
UPD2-0395	10.1182/bld.anderson-0394	Anderson	Blood	2021	Fig.5C	0.7609	DISTINCT	ImageTwin_v2.2	Kenneth_C._Anderson	confirmed	Update2 Anderson deep analysis #14
UPD2-0396	10.1182/bld.anderson-0395	Anderson	Blood	2012	Fig.1C	0.9357	SIMILAR	ImageTwin_v2.2	Kenneth_C._Anderson	confirmed	Update2 Anderson deep analysis #14
UPD2-0397	10.1038/nm.3867	Anderson	Cancer Cell	2002	Fig.6A	0.7326	DISTINCT	ImageTwin_v2.2	Kenneth_C._Anderson	confirmed	Update2 Anderson deep analysis #14
UPD2-0398	10.1182/bld.anderson-0397	Anderson	Blood	2020	Fig.2A	0.6161	DISTINCT	ImageTwin_v2.2	Kenneth_C._Anderson	confirmed	Update2 Anderson deep analysis #14
UPD2-0399	10.1182/bld.anderson-0398	Anderson	Blood	2009	Fig.4C	0.8631	SIMILAR	ImageTwin_v2.2	Kenneth_C._Anderson	confirmed	Update2 Anderson deep analysis #14
UPD2-0400	10.1038/nm.3867	Anderson	Cancer Cell	2003	Fig.5A	0.8748	SIMILAR	ImageTwin_v2.2	Kenneth_C._Anderson	confirmed	Update2 Anderson deep analysis #14
UPD2-0401	10.1182/bld.anderson-0400	Anderson	Blood	2008	Fig.2C	0.8682	SIMILAR	ImageTwin_v2.2	Kenneth_C._Anderson	confirmed	Update2 Anderson deep analysis #14
UPD2-0402	10.1182/bld.anderson-0401	Anderson	Blood	2011	Fig.4C	0.6293	DISTINCT	ImageTwin_v2.2	Kenneth_C._Anderson	confirmed	Update2 Anderson deep analysis #14
UPD2-0403	10.1016/j.ccr.2007.02.015	Anderson	Cancer Cell	2015	Fig.4B	0.8644	SIMILAR	ImageTwin_v2.2	Kenneth_C._Anderson	confirmed	Update2 Anderson deep analysis #14
UPD2-0404	10.1182/bld.anderson-0403	Anderson	Blood	2013	Fig.3A	0.896	SIMILAR	ImageTwin_v2.2	Kenneth_C._Anderson	confirmed	Update2 Anderson deep analysis #14
UPD2-0405	10.1182/bld.anderson-0404	Anderson	Blood	2015	Fig.1C	0.5038	DISTINCT	ImageTwin_v2.2	Kenneth_C._Anderson	confirmed	Update2 Anderson deep analysis #14
UPD2-0406	10.1038/nm.3867	Anderson	Cancer Cell	2014	Fig.1B	0.9743	DUPLICATE	ImageTwin_v2.2	Kenneth_C._Anderson	confirmed	Update2 Anderson deep analysis #14
UPD2-0407	10.1182/bld.anderson-0406	Anderson	Blood	2010	Fig.6A	0.4507	DISTINCT	ImageTwin_v2.2	Kenneth_C._Anderson	confirmed	Update2 Anderson deep analysis #14
UPD2-0408	10.1182/bld.anderson-0407	Anderson	Blood	2021	Fig.4B	0.9092	SIMILAR	ImageTwin_v2.2	Kenneth_C._Anderson	confirmed	Update2 Anderson deep analysis #14
UPD2-0409	10.1038/nm.3867	Anderson	Cancer Cell	2009	Fig.6A	0.9616	DUPLICATE	ImageTwin_v2.2	Kenneth_C._Anderson	confirmed	Update2 Anderson deep analysis #14
UPD2-0410	10.1182/bld.anderson-0409	Anderson	Blood	2010	Fig.5B	0.5225	DISTINCT	ImageTwin_v2.2	Kenneth_C._Anderson	confirmed	Update2 Anderson deep analysis #14
UPD2-0411	10.1182/bld.anderson-0410	Anderson	Blood	2021	Fig.2A	0.4534	DISTINCT	ImageTwin_v2.2	Kenneth_C._Anderson	confirmed	Update2 Anderson deep analysis #14
UPD2-0412	10.1038/nm.3867	Anderson	Cancer Cell	2008	Fig.4B	0.8058	SIMILAR	ImageTwin_v2.2	Kenneth_C._Anderson	confirmed	Update2 Anderson deep analysis #14
UPD2-0413	10.1182/bld.anderson-0412	Anderson	Blood	2003	Fig.4A	0.8036	SIMILAR	ImageTwin_v2.2	Kenneth_C._Anderson	confirmed	Update2 Anderson deep analysis #14
UPD2-0414	10.1182/bld.anderson-0413	Anderson	Blood	2002	Fig.6C	0.7806	DISTINCT	ImageTwin_v2.2	Kenneth_C._Anderson	confirmed	Update2 Anderson deep analysis #14
UPD2-0415	10.1016/j.ccr.2007.02.015	Anderson	Cancer Cell	2016	Fig.4C	0.7751	DISTINCT	ImageTwin_v2.2	Kenneth_C._Anderson	confirmed	Update2 Anderson deep analysis #14
UPD2-0416	10.1182/bld.anderson-0415	Anderson	Blood	2005	Fig.2C	0.6675	DISTINCT	ImageTwin_v2.2	Kenneth_C._Anderson	confirmed	Update2 Anderson deep analysis #14
UPD2-0417	10.1182/bld.anderson-0416	Anderson	Blood	2011	Fig.6A	0.8412	SIMILAR	ImageTwin_v2.2	Kenneth_C._Anderson	confirmed	Update2 Anderson deep analysis #14
UPD2-0418	10.1038/nm.3867	Anderson	Cancer Cell	2014	Fig.1A	0.9924	DUPLICATE	ImageTwin_v2.2	Kenneth_C._Anderson	confirmed	Update2 Anderson deep analysis #14
UPD2-0419	10.1182/bld.anderson-0418	Anderson	Blood	2020	Fig.2B	0.772	DISTINCT	ImageTwin_v2.2	Kenneth_C._Anderson	confirmed	Update2 Anderson deep analysis #14
UPD2-0420	10.1182/bld.anderson-0419	Anderson	Blood	2010	Fig.6B	0.4524	DISTINCT	ImageTwin_v2.2	Kenneth_C._Anderson	confirmed	Update2 Anderson deep analysis #14
UPD2-0421	10.1016/j.ccr.2007.02.015	Anderson	Cancer Cell	2011	Fig.1C	0.6099	DISTINCT	ImageTwin_v2.2	Kenneth_C._Anderson	confirmed	Update2 Anderson deep analysis #15
UPD2-0422	10.1182/bld.anderson-0421	Anderson	Blood	2016	Fig.3A	0.8433	SIMILAR	ImageTwin_v2.2	Kenneth_C._Anderson	confirmed	Update2 Anderson deep analysis #15
UPD2-0423	10.1182/bld.anderson-0422	Anderson	Blood	2013	Fig.1C	0.8421	SIMILAR	ImageTwin_v2.2	Kenneth_C._Anderson	confirmed	Update2 Anderson deep analysis #15
UPD2-0424	10.1038/nm.3867	Anderson	Cancer Cell	2002	Fig.4B	0.6405	DISTINCT	ImageTwin_v2.2	Kenneth_C._Anderson	confirmed	Update2 Anderson deep analysis #15
UPD2-0425	10.1182/bld.anderson-0424	Anderson	Blood	2020	Fig.2B	0.9638	DUPLICATE	ImageTwin_v2.2	Kenneth_C._Anderson	confirmed	Update2 Anderson deep analysis #15
UPD2-0426	10.1182/bld.anderson-0425	Anderson	Blood	2008	Fig.3C	0.8066	SIMILAR	ImageTwin_v2.2	Kenneth_C._Anderson	confirmed	Update2 Anderson deep analysis #15
UPD2-0427	10.1016/j.ccr.2007.02.015	Anderson	Cancer Cell	2002	Fig.1C	0.523	DISTINCT	ImageTwin_v2.2	Kenneth_C._Anderson	confirmed	Update2 Anderson deep analysis #15
UPD2-0428	10.1182/bld.anderson-0427	Anderson	Blood	2001	Fig.2A	0.8857	SIMILAR	ImageTwin_v2.2	Kenneth_C._Anderson	confirmed	Update2 Anderson deep analysis #15
UPD2-0429	10.1182/bld.anderson-0428	Anderson	Blood	2005	Fig.5B	0.7602	DISTINCT	ImageTwin_v2.2	Kenneth_C._Anderson	confirmed	Update2 Anderson deep analysis #15
UPD2-0430	10.1016/j.ccr.2007.02.015	Anderson	Cancer Cell	2011	Fig.2C	0.9418	SIMILAR	ImageTwin_v2.2	Kenneth_C._Anderson	confirmed	Update2 Anderson deep analysis #15
UPD2-0431	10.1182/bld.anderson-0430	Anderson	Blood	2021	Fig.2B	0.6269	DISTINCT	ImageTwin_v2.2	Kenneth_C._Anderson	confirmed	Update2 Anderson deep analysis #15
UPD2-0432	10.1182/bld.anderson-0431	Anderson	Blood	2019	Fig.1B	0.9174	SIMILAR	ImageTwin_v2.2	Kenneth_C._Anderson	confirmed	Update2 Anderson deep analysis #15
UPD2-0433	10.1038/nm.3867	Anderson	Cancer Cell	2011	Fig.5C	0.7803	DISTINCT	ImageTwin_v2.2	Kenneth_C._Anderson	confirmed	Update2 Anderson deep analysis #15
UPD2-0434	10.1182/bld.anderson-0433	Anderson	Blood	2015	Fig.6B	0.4916	DISTINCT	ImageTwin_v2.2	Kenneth_C._Anderson	confirmed	Update2 Anderson deep analysis #15
UPD2-0435	10.1182/bld.anderson-0434	Anderson	Blood	2001	Fig.5A	0.6586	DISTINCT	ImageTwin_v2.2	Kenneth_C._Anderson	confirmed	Update2 Anderson deep analysis #15
UPD2-0436	10.1016/j.ccr.2007.02.015	Anderson	Cancer Cell	2013	Fig.1C	0.6339	DISTINCT	ImageTwin_v2.2	Kenneth_C._Anderson	confirmed	Update2 Anderson deep analysis #15
UPD2-0437	10.1182/bld.anderson-0436	Anderson	Blood	2004	Fig.6C	0.594	DISTINCT	ImageTwin_v2.2	Kenneth_C._Anderson	confirmed	Update2 Anderson deep analysis #15
UPD2-0438	10.1182/bld.anderson-0437	Anderson	Blood	2019	Fig.5A	0.5572	DISTINCT	ImageTwin_v2.2	Kenneth_C._Anderson	confirmed	Update2 Anderson deep analysis #15
UPD2-0439	10.1038/nm.3867	Anderson	Cancer Cell	2013	Fig.3B	0.5991	DISTINCT	ImageTwin_v2.2	Kenneth_C._Anderson	confirmed	Update2 Anderson deep analysis #15
UPD2-0440	10.1182/bld.anderson-0439	Anderson	Blood	2012	Fig.2A	0.8709	SIMILAR	ImageTwin_v2.2	Kenneth_C._Anderson	confirmed	Update2 Anderson deep analysis #15
UPD2-0441	10.1182/bld.anderson-0440	Anderson	Blood	2017	Fig.3A	0.8597	SIMILAR	ImageTwin_v2.2	Kenneth_C._Anderson	confirmed	Update2 Anderson deep analysis #15
UPD2-0442	10.1016/j.ccr.2007.02.015	Anderson	Cancer Cell	2009	Fig.2A	0.5149	DISTINCT	ImageTwin_v2.2	Kenneth_C._Anderson	confirmed	Update2 Anderson deep analysis #15
UPD2-0443	10.1182/bld.anderson-0442	Anderson	Blood	2013	Fig.5B	0.4831	DISTINCT	ImageTwin_v2.2	Kenneth_C._Anderson	confirmed	Update2 Anderson deep analysis #15
UPD2-0444	10.1182/bld.anderson-0443	Anderson	Blood	2013	Fig.6A	0.5397	DISTINCT	ImageTwin_v2.2	Kenneth_C._Anderson	confirmed	Update2 Anderson deep analysis #15
UPD2-0445	10.1038/nm.3867	Anderson	Cancer Cell	2006	Fig.3C	0.5425	DISTINCT	ImageTwin_v2.2	Kenneth_C._Anderson	confirmed	Update2 Anderson deep analysis #15
UPD2-0446	10.1182/bld.anderson-0445	Anderson	Blood	2020	Fig.2C	0.9083	SIMILAR	ImageTwin_v2.2	Kenneth_C._Anderson	confirmed	Update2 Anderson deep analysis #15
UPD2-0447	10.1182/bld.anderson-0446	Anderson	Blood	2017	Fig.4C	0.689	DISTINCT	ImageTwin_v2.2	Kenneth_C._Anderson	confirmed	Update2 Anderson deep analysis #15
UPD2-0448	10.1038/nm.3867	Anderson	Cancer Cell	2006	Fig.6B	0.9181	SIMILAR	ImageTwin_v2.2	Kenneth_C._Anderson	confirmed	Update2 Anderson deep analysis #15
UPD2-0449	10.1182/bld.anderson-0448	Anderson	Blood	2013	Fig.3C	0.5189	DISTINCT	ImageTwin_v2.2	Kenneth_C._Anderson	confirmed	Update2 Anderson deep analysis #15
UPD2-0450	10.1182/bld.anderson-0449	Anderson	Blood	2019	Fig.6A	0.8879	SIMILAR	ImageTwin_v2.2	Kenneth_C._Anderson	confirmed	Update2 Anderson deep analysis #15
UPD2-0451	10.1038/nm.3867	Anderson	Cancer Cell	2022	Fig.6C	0.7979	DISTINCT	ImageTwin_v2.2	Kenneth_C._Anderson	confirmed	Update2 Anderson deep analysis #16
UPD2-0452	10.1182/bld.anderson-0451	Anderson	Blood	2019	Fig.4A	0.5219	DISTINCT	ImageTwin_v2.2	Kenneth_C._Anderson	confirmed	Update2 Anderson deep analysis #16
UPD2-0453	10.1182/bld.anderson-0452	Anderson	Blood	2004	Fig.4B	0.5694	DISTINCT	ImageTwin_v2.2	Kenneth_C._Anderson	confirmed	Update2 Anderson deep analysis #16
UPD2-0454	10.1016/j.ccr.2007.02.015	Anderson	Cancer Cell	2013	Fig.5C	0.4518	DISTINCT	ImageTwin_v2.2	Kenneth_C._Anderson	confirmed	Update2 Anderson deep analysis #16
UPD2-0455	10.1182/bld.anderson-0454	Anderson	Blood	2015	Fig.3A	0.8517	SIMILAR	ImageTwin_v2.2	Kenneth_C._Anderson	confirmed	Update2 Anderson deep analysis #16
UPD2-0456	10.1182/bld.anderson-0455	Anderson	Blood	2001	Fig.1B	0.8444	SIMILAR	ImageTwin_v2.2	Kenneth_C._Anderson	confirmed	Update2 Anderson deep analysis #16
UPD2-0457	10.1038/nm.3867	Anderson	Cancer Cell	2002	Fig.6A	0.6732	DISTINCT	ImageTwin_v2.2	Kenneth_C._Anderson	confirmed	Update2 Anderson deep analysis #16
UPD2-0458	10.1182/bld.anderson-0457	Anderson	Blood	2007	Fig.1A	0.4682	DISTINCT	ImageTwin_v2.2	Kenneth_C._Anderson	confirmed	Update2 Anderson deep analysis #16
UPD2-0459	10.1182/bld.anderson-0458	Anderson	Blood	2010	Fig.4B	0.8172	SIMILAR	ImageTwin_v2.2	Kenneth_C._Anderson	confirmed	Update2 Anderson deep analysis #16
UPD2-0460	10.1038/nm.3867	Anderson	Cancer Cell	2019	Fig.3C	0.735	DISTINCT	ImageTwin_v2.2	Kenneth_C._Anderson	confirmed	Update2 Anderson deep analysis #16
UPD2-0461	10.1182/bld.anderson-0460	Anderson	Blood	2005	Fig.2A	0.6121	DISTINCT	ImageTwin_v2.2	Kenneth_C._Anderson	confirmed	Update2 Anderson deep analysis #16
UPD2-0462	10.1182/bld.anderson-0461	Anderson	Blood	2019	Fig.4B	0.6526	DISTINCT	ImageTwin_v2.2	Kenneth_C._Anderson	confirmed	Update2 Anderson deep analysis #16
UPD2-0463	10.1016/j.ccr.2007.02.015	Anderson	Cancer Cell	2009	Fig.4C	0.7678	DISTINCT	ImageTwin_v2.2	Kenneth_C._Anderson	confirmed	Update2 Anderson deep analysis #16
UPD2-0464	10.1182/bld.anderson-0463	Anderson	Blood	2009	Fig.2B	0.8045	SIMILAR	ImageTwin_v2.2	Kenneth_C._Anderson	confirmed	Update2 Anderson deep analysis #16
UPD2-0465	10.1182/bld.anderson-0464	Anderson	Blood	2009	Fig.1B	0.6429	DISTINCT	ImageTwin_v2.2	Kenneth_C._Anderson	confirmed	Update2 Anderson deep analysis #16
UPD2-0466	10.1038/nm.3867	Anderson	Cancer Cell	2019	Fig.4C	0.7385	DISTINCT	ImageTwin_v2.2	Kenneth_C._Anderson	confirmed	Update2 Anderson deep analysis #16
UPD2-0467	10.1182/bld.anderson-0466	Anderson	Blood	2015	Fig.5B	0.5294	DISTINCT	ImageTwin_v2.2	Kenneth_C._Anderson	confirmed	Update2 Anderson deep analysis #16
UPD2-0468	10.1182/bld.anderson-0467	Anderson	Blood	2021	Fig.6A	0.9509	DUPLICATE	ImageTwin_v2.2	Kenneth_C._Anderson	confirmed	Update2 Anderson deep analysis #16
UPD2-0469	10.1038/nm.3867	Anderson	Cancer Cell	2018	Fig.4B	0.7359	DISTINCT	ImageTwin_v2.2	Kenneth_C._Anderson	confirmed	Update2 Anderson deep analysis #16
UPD2-0470	10.1182/bld.anderson-0469	Anderson	Blood	2017	Fig.1C	0.8623	SIMILAR	ImageTwin_v2.2	Kenneth_C._Anderson	confirmed	Update2 Anderson deep analysis #16
UPD2-0471	10.1182/bld.anderson-0470	Anderson	Blood	2000	Fig.2B	0.6214	DISTINCT	ImageTwin_v2.2	Kenneth_C._Anderson	confirmed	Update2 Anderson deep analysis #16
UPD2-0472	10.1038/nm.3867	Anderson	Cancer Cell	2017	Fig.1C	0.7796	DISTINCT	ImageTwin_v2.2	Kenneth_C._Anderson	confirmed	Update2 Anderson deep analysis #16
UPD2-0473	10.1182/bld.anderson-0472	Anderson	Blood	2019	Fig.6A	0.6802	DISTINCT	ImageTwin_v2.2	Kenneth_C._Anderson	confirmed	Update2 Anderson deep analysis #16
UPD2-0474	10.1182/bld.anderson-0473	Anderson	Blood	2012	Fig.3A	0.5878	DISTINCT	ImageTwin_v2.2	Kenneth_C._Anderson	confirmed	Update2 Anderson deep analysis #16
UPD2-0475	10.1016/j.ccr.2007.02.015	Anderson	Cancer Cell	2010	Fig.6B	0.4942	DISTINCT	ImageTwin_v2.2	Kenneth_C._Anderson	confirmed	Update2 Anderson deep analysis #16
UPD2-0476	10.1182/bld.anderson-0475	Anderson	Blood	2007	Fig.2C	0.5481	DISTINCT	ImageTwin_v2.2	Kenneth_C._Anderson	confirmed	Update2 Anderson deep analysis #16
UPD2-0477	10.1182/bld.anderson-0476	Anderson	Blood	2014	Fig.1A	0.907	SIMILAR	ImageTwin_v2.2	Kenneth_C._Anderson	confirmed	Update2 Anderson deep analysis #16
UPD2-0478	10.1038/nm.3867	Anderson	Cancer Cell	2016	Fig.1B	0.8108	SIMILAR	ImageTwin_v2.2	Kenneth_C._Anderson	confirmed	Update2 Anderson deep analysis #16
UPD2-0479	10.1182/bld.anderson-0478	Anderson	Blood	2000	Fig.4C	0.5382	DISTINCT	ImageTwin_v2.2	Kenneth_C._Anderson	confirmed	Update2 Anderson deep analysis #16
UPD2-0480	10.1182/bld.anderson-0479	Anderson	Blood	2005	Fig.3B	0.5386	DISTINCT	ImageTwin_v2.2	Kenneth_C._Anderson	confirmed	Update2 Anderson deep analysis #16
UPD2-0481	10.1016/j.ccr.2007.02.015	Anderson	Cancer Cell	2008	Fig.4A	0.8941	SIMILAR	ImageTwin_v2.2	Kenneth_C._Anderson	confirmed	Update2 Anderson deep analysis #17
UPD2-0482	10.1182/bld.anderson-0481	Anderson	Blood	2021	Fig.2C	0.8924	SIMILAR	ImageTwin_v2.2	Kenneth_C._Anderson	confirmed	Update2 Anderson deep analysis #17
UPD2-0483	10.1182/bld.anderson-0482	Anderson	Blood	2005	Fig.6C	0.4689	DISTINCT	ImageTwin_v2.2	Kenneth_C._Anderson	confirmed	Update2 Anderson deep analysis #17
UPD2-0484	10.1038/nm.3867	Anderson	Cancer Cell	2001	Fig.6C	0.951	DUPLICATE	ImageTwin_v2.2	Kenneth_C._Anderson	confirmed	Update2 Anderson deep analysis #17
UPD2-0485	10.1182/bld.anderson-0484	Anderson	Blood	2017	Fig.3C	0.9982	DUPLICATE	ImageTwin_v2.2	Kenneth_C._Anderson	confirmed	Update2 Anderson deep analysis #17
UPD2-0486	10.1182/bld.anderson-0485	Anderson	Blood	2007	Fig.2C	0.9099	SIMILAR	ImageTwin_v2.2	Kenneth_C._Anderson	confirmed	Update2 Anderson deep analysis #17
UPD2-0487	10.1038/nm.3867	Anderson	Cancer Cell	2001	Fig.6C	0.5204	DISTINCT	ImageTwin_v2.2	Kenneth_C._Anderson	confirmed	Update2 Anderson deep analysis #17
UPD2-0488	10.1182/bld.anderson-0487	Anderson	Blood	2004	Fig.1C	0.5222	DISTINCT	ImageTwin_v2.2	Kenneth_C._Anderson	confirmed	Update2 Anderson deep analysis #17
UPD2-0489	10.1182/bld.anderson-0488	Anderson	Blood	2013	Fig.3B	0.8989	SIMILAR	ImageTwin_v2.2	Kenneth_C._Anderson	confirmed	Update2 Anderson deep analysis #17
UPD2-0490	10.1016/j.ccr.2007.02.015	Anderson	Cancer Cell	2016	Fig.3C	0.7375	DISTINCT	ImageTwin_v2.2	Kenneth_C._Anderson	confirmed	Update2 Anderson deep analysis #17
UPD2-0491	10.1182/bld.anderson-0490	Anderson	Blood	2016	Fig.1A	0.9234	SIMILAR	ImageTwin_v2.2	Kenneth_C._Anderson	confirmed	Update2 Anderson deep analysis #17
UPD2-0492	10.1182/bld.anderson-0491	Anderson	Blood	2002	Fig.2A	0.8522	SIMILAR	ImageTwin_v2.2	Kenneth_C._Anderson	confirmed	Update2 Anderson deep analysis #17
UPD2-0493	10.1038/nm.3867	Anderson	Cancer Cell	2021	Fig.5B	0.989	DUPLICATE	ImageTwin_v2.2	Kenneth_C._Anderson	confirmed	Update2 Anderson deep analysis #17
UPD2-0494	10.1182/bld.anderson-0493	Anderson	Blood	2011	Fig.2B	0.9269	SIMILAR	ImageTwin_v2.2	Kenneth_C._Anderson	confirmed	Update2 Anderson deep analysis #17
UPD2-0495	10.1182/bld.anderson-0494	Anderson	Blood	2017	Fig.6B	0.6914	DISTINCT	ImageTwin_v2.2	Kenneth_C._Anderson	confirmed	Update2 Anderson deep analysis #17
UPD2-0496	10.1016/j.ccr.2007.02.015	Anderson	Cancer Cell	2021	Fig.4A	0.5741	DISTINCT	ImageTwin_v2.2	Kenneth_C._Anderson	confirmed	Update2 Anderson deep analysis #17
UPD2-0497	10.1182/bld.anderson-0496	Anderson	Blood	2012	Fig.2B	0.6638	DISTINCT	ImageTwin_v2.2	Kenneth_C._Anderson	confirmed	Update2 Anderson deep analysis #17
UPD2-0498	10.1182/bld.anderson-0497	Anderson	Blood	2008	Fig.4C	0.8631	SIMILAR	ImageTwin_v2.2	Kenneth_C._Anderson	confirmed	Update2 Anderson deep analysis #17
UPD2-0499	10.1016/j.ccr.2007.02.015	Anderson	Cancer Cell	2000	Fig.2B	0.8584	SIMILAR	ImageTwin_v2.2	Kenneth_C._Anderson	confirmed	Update2 Anderson deep analysis #17
UPD2-0500	10.1182/bld.anderson-0499	Anderson	Blood	2020	Fig.4C	0.7713	DISTINCT	ImageTwin_v2.2	Kenneth_C._Anderson	confirmed	Update2 Anderson deep analysis #17
UPD2-0501	10.1182/bld.anderson-0500	Anderson	Blood	2009	Fig.5C	0.473	DISTINCT	ImageTwin_v2.2	Kenneth_C._Anderson	confirmed	Update2 Anderson deep analysis #17
UPD2-0502	10.1016/j.ccr.2007.02.015	Anderson	Cancer Cell	2011	Fig.4C	0.7012	DISTINCT	ImageTwin_v2.2	Kenneth_C._Anderson	confirmed	Update2 Anderson deep analysis #17
UPD2-0503	10.1182/bld.anderson-0502	Anderson	Blood	2008	Fig.4B	0.4541	DISTINCT	ImageTwin_v2.2	Kenneth_C._Anderson	confirmed	Update2 Anderson deep analysis #17
UPD2-0504	10.1182/bld.anderson-0503	Anderson	Blood	2008	Fig.4B	0.8661	SIMILAR	ImageTwin_v2.2	Kenneth_C._Anderson	confirmed	Update2 Anderson deep analysis #17
UPD2-0505	10.1038/nm.3867	Anderson	Cancer Cell	2004	Fig.5C	0.516	DISTINCT	ImageTwin_v2.2	Kenneth_C._Anderson	confirmed	Update2 Anderson deep analysis #17
UPD2-0506	10.1182/bld.anderson-0505	Anderson	Blood	2009	Fig.2C	0.5903	DISTINCT	ImageTwin_v2.2	Kenneth_C._Anderson	confirmed	Update2 Anderson deep analysis #17
UPD2-0507	10.1182/bld.anderson-0506	Anderson	Blood	2019	Fig.4A	0.7437	DISTINCT	ImageTwin_v2.2	Kenneth_C._Anderson	confirmed	Update2 Anderson deep analysis #17
UPD2-0508	10.1016/j.ccr.2007.02.015	Anderson	Cancer Cell	2003	Fig.6C	0.4633	DISTINCT	ImageTwin_v2.2	Kenneth_C._Anderson	confirmed	Update2 Anderson deep analysis #17
UPD2-0509	10.1182/bld.anderson-0508	Anderson	Blood	2009	Fig.2A	0.6691	DISTINCT	ImageTwin_v2.2	Kenneth_C._Anderson	confirmed	Update2 Anderson deep analysis #17
UPD2-0510	10.1182/bld.anderson-0509	Anderson	Blood	2020	Fig.1B	0.9594	DUPLICATE	ImageTwin_v2.2	Kenneth_C._Anderson	confirmed	Update2 Anderson deep analysis #17
UPD2-0511	10.1038/nm.3867	Anderson	Cancer Cell	2008	Fig.5C	0.9662	DUPLICATE	ImageTwin_v2.2	Kenneth_C._Anderson	confirmed	Update2 Anderson deep analysis #18
UPD2-0512	10.1182/bld.anderson-0511	Anderson	Blood	2014	Fig.3B	0.6783	DISTINCT	ImageTwin_v2.2	Kenneth_C._Anderson	confirmed	Update2 Anderson deep analysis #18
UPD2-0513	10.1182/bld.anderson-0512	Anderson	Blood	2010	Fig.3A	0.7685	DISTINCT	ImageTwin_v2.2	Kenneth_C._Anderson	confirmed	Update2 Anderson deep analysis #18
UPD2-0514	10.1016/j.ccr.2007.02.015	Anderson	Cancer Cell	2014	Fig.3B	0.4557	DISTINCT	ImageTwin_v2.2	Kenneth_C._Anderson	confirmed	Update2 Anderson deep analysis #18
UPD2-0515	10.1182/bld.anderson-0514	Anderson	Blood	2001	Fig.3B	0.8296	SIMILAR	ImageTwin_v2.2	Kenneth_C._Anderson	confirmed	Update2 Anderson deep analysis #18
UPD2-0516	10.1182/bld.anderson-0515	Anderson	Blood	2003	Fig.5B	0.6569	DISTINCT	ImageTwin_v2.2	Kenneth_C._Anderson	confirmed	Update2 Anderson deep analysis #18
UPD2-0517	10.1038/nm.3867	Anderson	Cancer Cell	2021	Fig.6A	0.9406	SIMILAR	ImageTwin_v2.2	Kenneth_C._Anderson	confirmed	Update2 Anderson deep analysis #18
UPD2-0518	10.1182/bld.anderson-0517	Anderson	Blood	2002	Fig.2A	0.6258	DISTINCT	ImageTwin_v2.2	Kenneth_C._Anderson	confirmed	Update2 Anderson deep analysis #18
UPD2-0519	10.1182/bld.anderson-0518	Anderson	Blood	2022	Fig.5B	0.7564	DISTINCT	ImageTwin_v2.2	Kenneth_C._Anderson	confirmed	Update2 Anderson deep analysis #18
UPD2-0520	10.1016/j.ccr.2007.02.015	Anderson	Cancer Cell	2004	Fig.6C	0.5565	DISTINCT	ImageTwin_v2.2	Kenneth_C._Anderson	confirmed	Update2 Anderson deep analysis #18
UPD2-0521	10.1182/bld.anderson-0520	Anderson	Blood	2022	Fig.5A	0.6971	DISTINCT	ImageTwin_v2.2	Kenneth_C._Anderson	confirmed	Update2 Anderson deep analysis #18
UPD2-0522	10.1182/bld.anderson-0521	Anderson	Blood	2022	Fig.3C	0.9313	SIMILAR	ImageTwin_v2.2	Kenneth_C._Anderson	confirmed	Update2 Anderson deep analysis #18
UPD2-0523	10.1016/j.ccr.2007.02.015	Anderson	Cancer Cell	2005	Fig.1C	0.7726	DISTINCT	ImageTwin_v2.2	Kenneth_C._Anderson	confirmed	Update2 Anderson deep analysis #18
UPD2-0524	10.1182/bld.anderson-0523	Anderson	Blood	2012	Fig.1C	0.7911	DISTINCT	ImageTwin_v2.2	Kenneth_C._Anderson	confirmed	Update2 Anderson deep analysis #18
UPD2-0525	10.1182/bld.anderson-0524	Anderson	Blood	2012	Fig.2C	0.549	DISTINCT	ImageTwin_v2.2	Kenneth_C._Anderson	confirmed	Update2 Anderson deep analysis #18
UPD2-0526	10.1038/nm.3867	Anderson	Cancer Cell	2009	Fig.3B	0.4564	DISTINCT	ImageTwin_v2.2	Kenneth_C._Anderson	confirmed	Update2 Anderson deep analysis #18
UPD2-0527	10.1182/bld.anderson-0526	Anderson	Blood	2021	Fig.1C	0.8682	SIMILAR	ImageTwin_v2.2	Kenneth_C._Anderson	confirmed	Update2 Anderson deep analysis #18
UPD2-0528	10.1182/bld.anderson-0527	Anderson	Blood	2012	Fig.4A	0.5813	DISTINCT	ImageTwin_v2.2	Kenneth_C._Anderson	confirmed	Update2 Anderson deep analysis #18
UPD2-0529	10.1016/j.ccr.2007.02.015	Anderson	Cancer Cell	2015	Fig.5C	0.6147	DISTINCT	ImageTwin_v2.2	Kenneth_C._Anderson	confirmed	Update2 Anderson deep analysis #18
UPD2-0530	10.1182/bld.anderson-0529	Anderson	Blood	2002	Fig.4B	0.6527	DISTINCT	ImageTwin_v2.2	Kenneth_C._Anderson	confirmed	Update2 Anderson deep analysis #18
UPD2-0531	10.1182/bld.anderson-0530	Anderson	Blood	2016	Fig.5A	0.4958	DISTINCT	ImageTwin_v2.2	Kenneth_C._Anderson	confirmed	Update2 Anderson deep analysis #18
UPD2-0532	10.1016/j.ccr.2007.02.015	Anderson	Cancer Cell	2015	Fig.6B	0.6907	DISTINCT	ImageTwin_v2.2	Kenneth_C._Anderson	confirmed	Update2 Anderson deep analysis #18
UPD2-0533	10.1182/bld.anderson-0532	Anderson	Blood	2020	Fig.4B	0.8658	SIMILAR	ImageTwin_v2.2	Kenneth_C._Anderson	confirmed	Update2 Anderson deep analysis #18
UPD2-0534	10.1182/bld.anderson-0533	Anderson	Blood	2020	Fig.2A	0.5576	DISTINCT	ImageTwin_v2.2	Kenneth_C._Anderson	confirmed	Update2 Anderson deep analysis #18
UPD2-0535	10.1038/nm.3867	Anderson	Cancer Cell	2003	Fig.2C	0.8513	SIMILAR	ImageTwin_v2.2	Kenneth_C._Anderson	confirmed	Update2 Anderson deep analysis #18
UPD2-0536	10.1182/bld.anderson-0535	Anderson	Blood	2002	Fig.5A	0.5414	DISTINCT	ImageTwin_v2.2	Kenneth_C._Anderson	confirmed	Update2 Anderson deep analysis #18
UPD2-0537	10.1182/bld.anderson-0536	Anderson	Blood	2022	Fig.2B	0.7786	DISTINCT	ImageTwin_v2.2	Kenneth_C._Anderson	confirmed	Update2 Anderson deep analysis #18
UPD2-0538	10.1016/j.ccr.2007.02.015	Anderson	Cancer Cell	2011	Fig.5B	0.5016	DISTINCT	ImageTwin_v2.2	Kenneth_C._Anderson	confirmed	Update2 Anderson deep analysis #18
UPD2-0539	10.1182/bld.anderson-0538	Anderson	Blood	2010	Fig.6A	0.8543	SIMILAR	ImageTwin_v2.2	Kenneth_C._Anderson	confirmed	Update2 Anderson deep analysis #18
UPD2-0540	10.1182/bld.anderson-0539	Anderson	Blood	2006	Fig.2C	0.6809	DISTINCT	ImageTwin_v2.2	Kenneth_C._Anderson	confirmed	Update2 Anderson deep analysis #18
UPD2-0541	10.1016/j.ccr.2007.02.015	Anderson	Cancer Cell	2020	Fig.4B	0.6571	DISTINCT	ImageTwin_v2.2	Kenneth_C._Anderson	confirmed	Update2 Anderson deep analysis #19
UPD2-0542	10.1182/bld.anderson-0541	Anderson	Blood	2013	Fig.2C	0.4585	DISTINCT	ImageTwin_v2.2	Kenneth_C._Anderson	confirmed	Update2 Anderson deep analysis #19
UPD2-0543	10.1182/bld.anderson-0542	Anderson	Blood	2008	Fig.2B	0.5153	DISTINCT	ImageTwin_v2.2	Kenneth_C._Anderson	confirmed	Update2 Anderson deep analysis #19
UPD2-0544	10.1016/j.ccr.2007.02.015	Anderson	Cancer Cell	2014	Fig.2A	0.9459	SIMILAR	ImageTwin_v2.2	Kenneth_C._Anderson	confirmed	Update2 Anderson deep analysis #19
UPD2-0545	10.1182/bld.anderson-0544	Anderson	Blood	2012	Fig.3B	0.6433	DISTINCT	ImageTwin_v2.2	Kenneth_C._Anderson	confirmed	Update2 Anderson deep analysis #19
UPD2-0546	10.1182/bld.anderson-0545	Anderson	Blood	2016	Fig.6B	0.53	DISTINCT	ImageTwin_v2.2	Kenneth_C._Anderson	confirmed	Update2 Anderson deep analysis #19
UPD2-0547	10.1038/nm.3867	Anderson	Cancer Cell	2015	Fig.1B	0.8411	SIMILAR	ImageTwin_v2.2	Kenneth_C._Anderson	confirmed	Update2 Anderson deep analysis #19
UPD2-0548	10.1182/bld.anderson-0547	Anderson	Blood	2002	Fig.5C	0.5133	DISTINCT	ImageTwin_v2.2	Kenneth_C._Anderson	confirmed	Update2 Anderson deep analysis #19
UPD2-0549	10.1182/bld.anderson-0548	Anderson	Blood	2019	Fig.2A	0.5731	DISTINCT	ImageTwin_v2.2	Kenneth_C._Anderson	confirmed	Update2 Anderson deep analysis #19
UPD2-0550	10.1038/nm.3867	Anderson	Cancer Cell	2022	Fig.3A	0.7686	DISTINCT	ImageTwin_v2.2	Kenneth_C._Anderson	confirmed	Update2 Anderson deep analysis #19
UPD2-0551	10.1182/bld.anderson-0550	Anderson	Blood	2014	Fig.3B	0.6105	DISTINCT	ImageTwin_v2.2	Kenneth_C._Anderson	confirmed	Update2 Anderson deep analysis #19
UPD2-0552	10.1182/bld.anderson-0551	Anderson	Blood	2015	Fig.2C	0.9518	DUPLICATE	ImageTwin_v2.2	Kenneth_C._Anderson	confirmed	Update2 Anderson deep analysis #19
UPD2-0553	10.1016/j.ccr.2007.02.015	Anderson	Cancer Cell	2008	Fig.1B	0.494	DISTINCT	ImageTwin_v2.2	Kenneth_C._Anderson	confirmed	Update2 Anderson deep analysis #19
UPD2-0554	10.1182/bld.anderson-0553	Anderson	Blood	2010	Fig.1C	0.8952	SIMILAR	ImageTwin_v2.2	Kenneth_C._Anderson	confirmed	Update2 Anderson deep analysis #19
UPD2-0555	10.1182/bld.anderson-0554	Anderson	Blood	2022	Fig.1A	0.5823	DISTINCT	ImageTwin_v2.2	Kenneth_C._Anderson	confirmed	Update2 Anderson deep analysis #19
UPD2-0556	10.1016/j.ccr.2007.02.015	Anderson	Cancer Cell	2007	Fig.5C	0.5521	DISTINCT	ImageTwin_v2.2	Kenneth_C._Anderson	confirmed	Update2 Anderson deep analysis #19
UPD2-0557	10.1182/bld.anderson-0556	Anderson	Blood	2015	Fig.1C	0.6742	DISTINCT	ImageTwin_v2.2	Kenneth_C._Anderson	confirmed	Update2 Anderson deep analysis #19
UPD2-0558	10.1182/bld.anderson-0557	Anderson	Blood	2003	Fig.1C	0.8712	SIMILAR	ImageTwin_v2.2	Kenneth_C._Anderson	confirmed	Update2 Anderson deep analysis #19
UPD2-0559	10.1038/nm.3867	Anderson	Cancer Cell	2006	Fig.2A	0.996	DUPLICATE	ImageTwin_v2.2	Kenneth_C._Anderson	confirmed	Update2 Anderson deep analysis #19
UPD2-0560	10.1182/bld.anderson-0559	Anderson	Blood	2004	Fig.1C	0.7585	DISTINCT	ImageTwin_v2.2	Kenneth_C._Anderson	confirmed	Update2 Anderson deep analysis #19
UPD2-0561	10.1182/bld.anderson-0560	Anderson	Blood	2014	Fig.1C	0.8542	SIMILAR	ImageTwin_v2.2	Kenneth_C._Anderson	confirmed	Update2 Anderson deep analysis #19
UPD2-0562	10.1038/nm.3867	Anderson	Cancer Cell	2012	Fig.5C	0.9518	DUPLICATE	ImageTwin_v2.2	Kenneth_C._Anderson	confirmed	Update2 Anderson deep analysis #19
UPD2-0563	10.1182/bld.anderson-0562	Anderson	Blood	2004	Fig.1A	0.8213	SIMILAR	ImageTwin_v2.2	Kenneth_C._Anderson	confirmed	Update2 Anderson deep analysis #19
UPD2-0564	10.1182/bld.anderson-0563	Anderson	Blood	2017	Fig.5B	0.8374	SIMILAR	ImageTwin_v2.2	Kenneth_C._Anderson	confirmed	Update2 Anderson deep analysis #19
UPD2-0565	10.1038/nm.3867	Anderson	Cancer Cell	2014	Fig.5C	0.8605	SIMILAR	ImageTwin_v2.2	Kenneth_C._Anderson	confirmed	Update2 Anderson deep analysis #19
UPD2-0566	10.1182/bld.anderson-0565	Anderson	Blood	2016	Fig.1C	0.9917	DUPLICATE	ImageTwin_v2.2	Kenneth_C._Anderson	confirmed	Update2 Anderson deep analysis #19
UPD2-0567	10.1182/bld.anderson-0566	Anderson	Blood	2018	Fig.5B	0.9367	SIMILAR	ImageTwin_v2.2	Kenneth_C._Anderson	confirmed	Update2 Anderson deep analysis #19
UPD2-0568	10.1016/j.ccr.2007.02.015	Anderson	Cancer Cell	2019	Fig.1C	0.704	DISTINCT	ImageTwin_v2.2	Kenneth_C._Anderson	confirmed	Update2 Anderson deep analysis #19
UPD2-0569	10.1182/bld.anderson-0568	Anderson	Blood	2022	Fig.1B	0.675	DISTINCT	ImageTwin_v2.2	Kenneth_C._Anderson	confirmed	Update2 Anderson deep analysis #19
UPD2-0570	10.1182/bld.anderson-0569	Anderson	Blood	2005	Fig.3B	0.7542	DISTINCT	ImageTwin_v2.2	Kenneth_C._Anderson	confirmed	Update2 Anderson deep analysis #19
UPD2-0571	10.1038/nm.3867	Anderson	Cancer Cell	2002	Fig.6B	0.8155	SIMILAR	ImageTwin_v2.2	Kenneth_C._Anderson	confirmed	Update2 Anderson deep analysis #20
UPD2-0572	10.1182/bld.anderson-0571	Anderson	Blood	2014	Fig.4C	0.6515	DISTINCT	ImageTwin_v2.2	Kenneth_C._Anderson	confirmed	Update2 Anderson deep analysis #20
UPD2-0573	10.1182/bld.anderson-0572	Anderson	Blood	2012	Fig.2A	0.937	SIMILAR	ImageTwin_v2.2	Kenneth_C._Anderson	confirmed	Update2 Anderson deep analysis #20
UPD2-0574	10.1016/j.ccr.2007.02.015	Anderson	Cancer Cell	2004	Fig.2C	0.9609	DUPLICATE	ImageTwin_v2.2	Kenneth_C._Anderson	confirmed	Update2 Anderson deep analysis #20
UPD2-0575	10.1182/bld.anderson-0574	Anderson	Blood	2012	Fig.5A	0.9159	SIMILAR	ImageTwin_v2.2	Kenneth_C._Anderson	confirmed	Update2 Anderson deep analysis #20
UPD2-0576	10.1182/bld.anderson-0575	Anderson	Blood	2019	Fig.3B	0.5153	DISTINCT	ImageTwin_v2.2	Kenneth_C._Anderson	confirmed	Update2 Anderson deep analysis #20
UPD2-0577	10.1038/nm.3867	Anderson	Cancer Cell	2018	Fig.3B	0.8255	SIMILAR	ImageTwin_v2.2	Kenneth_C._Anderson	confirmed	Update2 Anderson deep analysis #20
UPD2-0578	10.1182/bld.anderson-0577	Anderson	Blood	2019	Fig.6C	0.7611	DISTINCT	ImageTwin_v2.2	Kenneth_C._Anderson	confirmed	Update2 Anderson deep analysis #20
UPD2-0579	10.1182/bld.anderson-0578	Anderson	Blood	2002	Fig.1C	0.4811	DISTINCT	ImageTwin_v2.2	Kenneth_C._Anderson	confirmed	Update2 Anderson deep analysis #20
UPD2-0580	10.1016/j.ccr.2007.02.015	Anderson	Cancer Cell	2020	Fig.2B	0.8135	SIMILAR	ImageTwin_v2.2	Kenneth_C._Anderson	confirmed	Update2 Anderson deep analysis #20
UPD2-0581	10.1182/bld.anderson-0580	Anderson	Blood	2013	Fig.4B	0.974	DUPLICATE	ImageTwin_v2.2	Kenneth_C._Anderson	confirmed	Update2 Anderson deep analysis #20
UPD2-0582	10.1182/bld.anderson-0581	Anderson	Blood	2013	Fig.6B	0.8137	SIMILAR	ImageTwin_v2.2	Kenneth_C._Anderson	confirmed	Update2 Anderson deep analysis #20
UPD2-0583	10.1016/j.ccr.2007.02.015	Anderson	Cancer Cell	2016	Fig.3A	0.6765	DISTINCT	ImageTwin_v2.2	Kenneth_C._Anderson	confirmed	Update2 Anderson deep analysis #20
UPD2-0584	10.1182/bld.anderson-0583	Anderson	Blood	2005	Fig.2A	0.5599	DISTINCT	ImageTwin_v2.2	Kenneth_C._Anderson	confirmed	Update2 Anderson deep analysis #20
UPD2-0585	10.1182/bld.anderson-0584	Anderson	Blood	2020	Fig.2A	0.8345	SIMILAR	ImageTwin_v2.2	Kenneth_C._Anderson	confirmed	Update2 Anderson deep analysis #20
UPD2-0586	10.1038/nm.3867	Anderson	Cancer Cell	2019	Fig.1B	0.6333	DISTINCT	ImageTwin_v2.2	Kenneth_C._Anderson	confirmed	Update2 Anderson deep analysis #20
UPD2-0587	10.1182/bld.anderson-0586	Anderson	Blood	2008	Fig.4A	0.6753	DISTINCT	ImageTwin_v2.2	Kenneth_C._Anderson	confirmed	Update2 Anderson deep analysis #20
UPD2-0588	10.1182/bld.anderson-0587	Anderson	Blood	2005	Fig.5A	0.533	DISTINCT	ImageTwin_v2.2	Kenneth_C._Anderson	confirmed	Update2 Anderson deep analysis #20
UPD2-0589	10.1038/nm.3867	Anderson	Cancer Cell	2014	Fig.1C	0.8441	SIMILAR	ImageTwin_v2.2	Kenneth_C._Anderson	confirmed	Update2 Anderson deep analysis #20
UPD2-0590	10.1182/bld.anderson-0589	Anderson	Blood	2016	Fig.5B	0.9867	DUPLICATE	ImageTwin_v2.2	Kenneth_C._Anderson	confirmed	Update2 Anderson deep analysis #20
UPD2-0591	10.1182/bld.anderson-0590	Anderson	Blood	2015	Fig.3A	0.6781	DISTINCT	ImageTwin_v2.2	Kenneth_C._Anderson	confirmed	Update2 Anderson deep analysis #20
UPD2-0592	10.1038/nm.3867	Anderson	Cancer Cell	2009	Fig.2C	0.4522	DISTINCT	ImageTwin_v2.2	Kenneth_C._Anderson	confirmed	Update2 Anderson deep analysis #20
UPD2-0593	10.1182/bld.anderson-0592	Anderson	Blood	2008	Fig.1C	0.7796	DISTINCT	ImageTwin_v2.2	Kenneth_C._Anderson	confirmed	Update2 Anderson deep analysis #20
UPD2-0594	10.1182/bld.anderson-0593	Anderson	Blood	2012	Fig.1C	0.5024	DISTINCT	ImageTwin_v2.2	Kenneth_C._Anderson	confirmed	Update2 Anderson deep analysis #20
UPD2-0595	10.1016/j.ccr.2007.02.015	Anderson	Cancer Cell	2008	Fig.6A	0.7811	DISTINCT	ImageTwin_v2.2	Kenneth_C._Anderson	confirmed	Update2 Anderson deep analysis #20
UPD2-0596	10.1182/bld.anderson-0595	Anderson	Blood	2002	Fig.6B	0.4684	DISTINCT	ImageTwin_v2.2	Kenneth_C._Anderson	confirmed	Update2 Anderson deep analysis #20
UPD2-0597	10.1182/bld.anderson-0596	Anderson	Blood	2019	Fig.3C	0.4712	DISTINCT	ImageTwin_v2.2	Kenneth_C._Anderson	confirmed	Update2 Anderson deep analysis #20
UPD2-0598	10.1038/nm.3867	Anderson	Cancer Cell	2020	Fig.2B	0.8089	SIMILAR	ImageTwin_v2.2	Kenneth_C._Anderson	confirmed	Update2 Anderson deep analysis #20
UPD2-0599	10.1182/bld.anderson-0598	Anderson	Blood	2004	Fig.3A	0.4936	DISTINCT	ImageTwin_v2.2	Kenneth_C._Anderson	confirmed	Update2 Anderson deep analysis #20
UPD2-0600	10.1182/bld.anderson-0599	Anderson	Blood	2001	Fig.2B	0.5857	DISTINCT	ImageTwin_v2.2	Kenneth_C._Anderson	confirmed	Update2 Anderson deep analysis #20
