window_start_utc,instrument,vwap_usd,volume_lots,open_usd,high_usd,low_usd,close_usd,num_trades,tick_direction,dst_correct_local,exchange_session,circuit_breaker_active
2024-11-03T09:00:00Z,ESZ4,4559.96,313,4560.27,4561.36,4558.71,4560.71,61,flat,2024-11-03T04:00:00,pre_open,False
2024-11-03T09:00:00Z,NQZ4,19836.57,790,19835.54,19836.6,19834.86,19836.67,292,flat,2024-11-03T04:00:00,pre_open,False
2024-11-03T09:00:00Z,RTYH5,2198.13,1811,2197.17,2200.13,2195.2,2197.48,163,down,2024-11-03T04:00:00,pre_open,False
2024-11-03T09:00:00Z,YMH5,2197.71,1214,2196.37,2197.97,2195.85,2198.47,245,down,2024-11-03T04:00:00,pre_open,False
2024-11-03T09:00:00Z,MES,2201.05,187,2201.8,2202.26,2200.79,2200.32,445,flat,2024-11-03T04:00:00,pre_open,False
2024-11-03T09:01:00Z,ESZ4,4565.98,678,4566.89,4567.76,4564.52,4564.99,309,down,2024-11-03T04:01:00,pre_open,False
2024-11-03T09:01:00Z,NQZ4,19844.08,577,19844.37,19844.38,19843.84,19843.76,84,flat,2024-11-03T04:01:00,pre_open,False
2024-11-03T09:01:00Z,RTYH5,2193.54,699,2192.57,2194.82,2191.22,2193.22,125,down,2024-11-03T04:01:00,pre_open,False
2024-11-03T09:01:00Z,YMH5,2200.54,206,2200.88,2202.73,2199.13,2201.29,204,down,2024-11-03T04:01:00,pre_open,False
2024-11-03T09:01:00Z,MES,2202.94,680,2203.58,2204.75,2201.2,2202.56,106,flat,2024-11-03T04:01:00,pre_open,False
2024-11-03T09:02:00Z,ESZ4,4561.56,389,4562.26,4563.5,4560.93,4562.31,21,flat,2024-11-03T04:02:00,pre_open,False
2024-11-03T09:02:00Z,NQZ4,19844.44,1087,19844.02,19845.75,19842.72,19843.58,110,up,2024-11-03T04:02:00,pre_open,False
2024-11-03T09:02:00Z,RTYH5,2195.93,1384,2197.4,2198.64,2194.02,2196.55,482,down,2024-11-03T04:02:00,pre_open,False
2024-11-03T09:02:00Z,YMH5,2193.93,503,2193.47,2194.58,2192.86,2193.82,210,up,2024-11-03T04:02:00,pre_open,False
2024-11-03T09:02:00Z,MES,2193.65,1186,2194.28,2195.23,2192.84,2194.03,385,flat,2024-11-03T04:02:00,pre_open,False
2024-11-03T09:03:00Z,ESZ4,4564.52,609,4564.42,4565.93,4563.69,4563.97,91,up,2024-11-03T04:03:00,pre_open,False
2024-11-03T09:03:00Z,NQZ4,19839.31,100,19840.65,19842.06,19837.48,19839.73,168,up,2024-11-03T04:03:00,pre_open,False
2024-11-03T09:03:00Z,RTYH5,2198.88,1107,2198.03,2199.21,2197.0,2198.01,179,flat,2024-11-03T04:03:00,pre_open,False
2024-11-03T09:03:00Z,YMH5,2197.78,973,2198.95,2199.07,2196.7,2197.53,264,flat,2024-11-03T04:03:00,pre_open,False
2024-11-03T09:03:00Z,MES,2200.09,1155,2200.58,2202.27,2198.95,2200.39,386,down,2024-11-03T04:03:00,pre_open,False
2024-11-03T09:04:00Z,ESZ4,4565.04,1466,4564.69,4565.7,4563.7,4564.98,154,down,2024-11-03T04:04:00,pre_open,False
2024-11-03T09:04:00Z,NQZ4,19844.04,437,19844.65,19844.87,19843.56,19843.36,382,up,2024-11-03T04:04:00,pre_open,False
2024-11-03T09:04:00Z,RTYH5,2194.43,176,2195.66,2196.82,2194.41,2193.65,241,up,2024-11-03T04:04:00,pre_open,False
2024-11-03T09:04:00Z,YMH5,2194.08,619,2195.01,2195.78,2193.25,2193.54,260,up,2024-11-03T04:04:00,pre_open,False
2024-11-03T09:04:00Z,MES,2194.89,1720,2195.36,2197.2,2194.17,2195.43,225,down,2024-11-03T04:04:00,pre_open,False
2024-11-03T09:05:00Z,ESZ4,4564.38,308,4563.91,4565.09,4563.46,4564.62,282,flat,2024-11-03T04:05:00,pre_open,False
2024-11-03T09:05:00Z,NQZ4,19835.48,1428,19836.85,19837.64,19833.7,19835.9,328,down,2024-11-03T04:05:00,pre_open,False
2024-11-03T09:05:00Z,RTYH5,2198.0,360,2198.44,2199.97,2196.59,2198.38,276,up,2024-11-03T04:05:00,pre_open,False
2024-11-03T09:05:00Z,YMH5,2193.83,1750,2193.07,2194.95,2192.53,2194.55,242,flat,2024-11-03T04:05:00,pre_open,False
2024-11-03T09:05:00Z,MES,2200.78,612,2200.39,2201.01,2198.43,2200.26,384,up,2024-11-03T04:05:00,pre_open,False
2024-11-03T09:06:00Z,ESZ4,4560.7,291,4560.86,4562.33,4560.38,4560.16,284,down,2024-11-03T04:06:00,pre_open,False
2024-11-03T09:06:00Z,NQZ4,19837.25,1344,19835.92,19839.1,19835.83,19836.68,471,up,2024-11-03T04:06:00,pre_open,False
2024-11-03T09:06:00Z,RTYH5,2201.13,720,2202.61,2203.55,2200.36,2200.76,110,down,2024-11-03T04:06:00,pre_open,False
2024-11-03T09:06:00Z,YMH5,2195.42,1689,2196.84,2198.81,2193.95,2195.44,278,up,2024-11-03T04:06:00,pre_open,False
2024-11-03T09:06:00Z,MES,2198.53,1663,2198.1,2199.58,2196.58,2198.08,33,flat,2024-11-03T04:06:00,pre_open,False
2024-11-03T09:07:00Z,ESZ4,4562.59,169,4561.97,4563.66,4561.81,4562.34,170,up,2024-11-03T04:07:00,pre_open,False
2024-11-03T09:07:00Z,NQZ4,19840.75,1412,19841.75,19842.09,19839.6,19841.17,403,up,2024-11-03T04:07:00,pre_open,False
2024-11-03T09:07:00Z,RTYH5,2202.14,1548,2201.07,2204.08,2200.62,2202.22,469,flat,2024-11-03T04:07:00,pre_open,False
2024-11-03T09:07:00Z,YMH5,2201.36,1218,2201.21,2202.85,2199.52,2201.36,456,flat,2024-11-03T04:07:00,pre_open,False
2024-11-03T09:07:00Z,MES,2200.48,330,2199.4,2200.53,2198.35,2201.47,68,up,2024-11-03T04:07:00,pre_open,False
2024-11-03T09:08:00Z,ESZ4,4559.23,698,4560.04,4561.44,4558.18,4559.01,477,flat,2024-11-03T04:08:00,pre_open,False
2024-11-03T09:08:00Z,NQZ4,19837.72,686,19836.36,19838.54,19835.46,19836.93,206,flat,2024-11-03T04:08:00,pre_open,False
2024-11-03T09:08:00Z,RTYH5,2203.31,1761,2202.7,2204.29,2200.73,2204.31,316,up,2024-11-03T04:08:00,pre_open,False
2024-11-03T09:08:00Z,YMH5,2201.48,424,2201.89,2203.64,2201.24,2201.66,311,down,2024-11-03T04:08:00,pre_open,False
2024-11-03T09:08:00Z,MES,2198.11,1730,2196.65,2199.84,2196.06,2198.53,55,down,2024-11-03T04:08:00,pre_open,False
2024-11-03T09:09:00Z,ESZ4,4566.37,429,4566.69,4568.35,4565.33,4566.42,382,flat,2024-11-03T04:09:00,pre_open,False
2024-11-03T09:09:00Z,NQZ4,19836.12,291,19837.22,19837.28,19834.32,19835.31,299,flat,2024-11-03T04:09:00,pre_open,False
2024-11-03T09:09:00Z,RTYH5,2193.69,721,2195.01,2195.53,2192.55,2194.18,260,up,2024-11-03T04:09:00,pre_open,False
2024-11-03T09:09:00Z,YMH5,2194.96,142,2194.98,2195.69,2193.81,2194.97,496,up,2024-11-03T04:09:00,pre_open,False
2024-11-03T09:09:00Z,MES,2203.03,1170,2202.88,2203.43,2201.69,2202.73,393,flat,2024-11-03T04:09:00,pre_open,False
2024-11-03T09:10:00Z,ESZ4,4559.31,416,4559.62,4560.26,4557.94,4558.37,67,up,2024-11-03T04:10:00,pre_open,False
2024-11-03T09:10:00Z,NQZ4,19835.48,424,19834.7,19835.64,19834.64,19835.59,16,down,2024-11-03T04:10:00,pre_open,False
2024-11-03T09:10:00Z,RTYH5,2195.7,981,2196.17,2196.92,2194.3,2194.85,206,flat,2024-11-03T04:10:00,pre_open,False
2024-11-03T09:10:00Z,YMH5,2201.16,763,2201.79,2202.75,2200.09,2200.35,215,up,2024-11-03T04:10:00,pre_open,False
2024-11-03T09:10:00Z,MES,2197.06,686,2196.65,2197.53,2196.12,2197.63,229,up,2024-11-03T04:10:00,pre_open,False
2024-11-03T09:11:00Z,ESZ4,4565.02,742,4563.56,4566.18,4561.75,4565.84,103,flat,2024-11-03T04:11:00,pre_open,False
2024-11-03T09:11:00Z,NQZ4,19836.28,261,19837.7,19838.8,19834.35,19836.26,152,up,2024-11-03T04:11:00,pre_open,False
2024-11-03T09:11:00Z,RTYH5,2201.16,248,2201.67,2203.05,2200.58,2201.02,345,flat,2024-11-03T04:11:00,pre_open,False
2024-11-03T09:11:00Z,YMH5,2203.32,624,2202.02,2203.85,2200.68,2202.94,227,flat,2024-11-03T04:11:00,pre_open,False
2024-11-03T09:11:00Z,MES,2202.55,1648,2203.55,2203.62,2201.84,2202.36,484,down,2024-11-03T04:11:00,pre_open,False
2024-11-03T09:12:00Z,ESZ4,4566.31,147,4567.01,4568.58,4565.65,4565.6,428,up,2024-11-03T04:12:00,pre_open,False
2024-11-03T09:12:00Z,NQZ4,19838.54,1370,19839.94,19841.76,19838.01,19839.06,133,up,2024-11-03T04:12:00,pre_open,False
2024-11-03T09:12:00Z,RTYH5,2197.69,1162,2197.51,2199.65,2195.89,2197.21,356,up,2024-11-03T04:12:00,pre_open,False
2024-11-03T09:12:00Z,YMH5,2201.49,1600,2201.11,2202.86,2201.01,2201.97,384,flat,2024-11-03T04:12:00,pre_open,False
2024-11-03T09:12:00Z,MES,2193.88,423,2194.25,2195.51,2193.14,2193.61,336,flat,2024-11-03T04:12:00,pre_open,False
2024-11-03T09:13:00Z,ESZ4,4558.6,1147,4558.56,4560.19,4558.18,4558.7,71,up,2024-11-03T04:13:00,pre_open,False
2024-11-03T09:13:00Z,NQZ4,19837.85,1040,19837.99,19839.94,19836.0,19836.86,359,flat,2024-11-03T04:13:00,pre_open,False
2024-11-03T09:13:00Z,RTYH5,2202.72,848,2202.13,2204.23,2202.05,2202.02,79,flat,2024-11-03T04:13:00,pre_open,False
2024-11-03T09:13:00Z,YMH5,2199.7,418,2201.2,2202.75,2199.39,2198.78,225,down,2024-11-03T04:13:00,pre_open,False
2024-11-03T09:13:00Z,MES,2197.15,1200,2196.91,2198.8,2194.95,2197.27,390,up,2024-11-03T04:13:00,pre_open,False
2024-11-03T09:14:00Z,ESZ4,4558.72,326,4557.32,4559.84,4555.93,4558.2,345,flat,2024-11-03T04:14:00,pre_open,False
2024-11-03T09:14:00Z,NQZ4,19839.04,1908,19840.45,19842.22,19837.62,19839.92,171,up,2024-11-03T04:14:00,pre_open,False
2024-11-03T09:14:00Z,RTYH5,2197.87,888,2199.15,2200.5,2197.73,2196.99,86,down,2024-11-03T04:14:00,pre_open,False
2024-11-03T09:14:00Z,YMH5,2199.02,1128,2198.86,2200.82,2198.29,2198.69,162,up,2024-11-03T04:14:00,pre_open,False
2024-11-03T09:14:00Z,MES,2203.05,1383,2203.81,2204.81,2202.53,2202.31,11,flat,2024-11-03T04:14:00,pre_open,False
2024-11-03T09:15:00Z,ESZ4,4560.33,1841,4560.41,4562.38,4559.07,4559.36,11,flat,2024-11-03T04:15:00,pre_open,False
2024-11-03T09:15:00Z,NQZ4,19843.67,1717,19843.01,19843.69,19842.02,19843.6,227,down,2024-11-03T04:15:00,pre_open,False
2024-11-03T09:15:00Z,RTYH5,2194.81,1958,2193.6,2196.79,2192.73,2193.89,28,down,2024-11-03T04:15:00,pre_open,False
2024-11-03T09:15:00Z,YMH5,2201.54,426,2202.4,2203.06,2199.63,2201.71,296,down,2024-11-03T04:15:00,pre_open,False
2024-11-03T09:15:00Z,MES,2202.78,1104,2202.42,2203.99,2200.43,2202.68,199,up,2024-11-03T04:15:00,pre_open,False
2024-11-03T09:16:00Z,ESZ4,4567.13,1684,4568.31,4570.28,4567.11,4567.7,83,down,2024-11-03T04:16:00,pre_open,False
2024-11-03T09:16:00Z,NQZ4,19842.19,244,19842.88,19844.51,19841.4,19841.33,261,up,2024-11-03T04:16:00,pre_open,False
2024-11-03T09:16:00Z,RTYH5,2203.47,997,2204.0,2204.21,2203.01,2203.38,278,down,2024-11-03T04:16:00,pre_open,False
2024-11-03T09:16:00Z,YMH5,2193.91,232,2194.21,2194.86,2193.91,2193.59,275,up,2024-11-03T04:16:00,pre_open,False
2024-11-03T09:16:00Z,MES,2194.51,211,2194.33,2196.27,2192.87,2195.28,151,up,2024-11-03T04:16:00,pre_open,False
2024-11-03T09:17:00Z,ESZ4,4558.79,1845,4558.37,4560.32,4557.51,4558.17,255,flat,2024-11-03T04:17:00,pre_open,False
2024-11-03T09:17:00Z,NQZ4,19845.03,907,19845.82,19846.14,19844.03,19844.92,38,up,2024-11-03T04:17:00,pre_open,False
2024-11-03T09:17:00Z,RTYH5,2195.1,1565,2194.61,2195.39,2194.01,2195.76,348,flat,2024-11-03T04:17:00,pre_open,False
2024-11-03T09:17:00Z,YMH5,2196.59,853,2198.03,2199.64,2195.51,2195.97,99,up,2024-11-03T04:17:00,pre_open,False
2024-11-03T09:17:00Z,MES,2199.44,238,2200.19,2201.8,2199.16,2198.6,200,flat,2024-11-03T04:17:00,pre_open,False
2024-11-03T09:18:00Z,ESZ4,4560.55,703,4562.04,4562.77,4560.04,4559.98,174,flat,2024-11-03T04:18:00,pre_open,False
2024-11-03T09:18:00Z,NQZ4,19838.87,1303,19837.79,19840.77,19837.4,19838.55,388,down,2024-11-03T04:18:00,pre_open,False
2024-11-03T09:18:00Z,RTYH5,2195.58,863,2196.3,2196.58,2194.03,2195.07,140,down,2024-11-03T04:18:00,pre_open,False
2024-11-03T09:18:00Z,YMH5,2194.46,1806,2195.77,2197.66,2193.23,2194.93,363,down,2024-11-03T04:18:00,pre_open,False
2024-11-03T09:18:00Z,MES,2203.48,1319,2204.67,2205.98,2203.35,2204.11,57,down,2024-11-03T04:18:00,pre_open,False
2024-11-03T09:19:00Z,ESZ4,4559.91,1549,4559.83,4561.42,4558.22,4560.43,177,up,2024-11-03T04:19:00,pre_open,False
2024-11-03T09:19:00Z,NQZ4,19842.41,57,19841.61,19843.38,19840.07,19841.72,19,flat,2024-11-03T04:19:00,pre_open,False
2024-11-03T09:19:00Z,RTYH5,2199.02,1648,2198.24,2199.9,2197.06,2199.59,40,flat,2024-11-03T04:19:00,pre_open,False
2024-11-03T09:19:00Z,YMH5,2195.35,371,2195.65,2196.57,2193.73,2195.72,341,flat,2024-11-03T04:19:00,pre_open,False
2024-11-03T09:19:00Z,MES,2197.88,378,2197.0,2199.35,2196.68,2197.91,337,up,2024-11-03T04:19:00,pre_open,False
2024-11-03T09:20:00Z,ESZ4,4562.72,873,4562.88,4563.96,4561.64,4563.48,335,down,2024-11-03T04:20:00,pre_open,False
2024-11-03T09:20:00Z,NQZ4,19836.33,1995,19835.01,19838.04,19834.29,19836.14,57,down,2024-11-03T04:20:00,pre_open,False
2024-11-03T09:20:00Z,RTYH5,2193.59,1656,2193.86,2195.57,2191.77,2193.51,287,flat,2024-11-03T04:20:00,pre_open,False
2024-11-03T09:20:00Z,YMH5,2195.36,471,2195.45,2196.46,2195.06,2195.59,174,down,2024-11-03T04:20:00,pre_open,False
2024-11-03T09:20:00Z,MES,2195.04,1620,2195.91,2197.07,2193.57,2194.15,468,flat,2024-11-03T04:20:00,pre_open,False
2024-11-03T09:21:00Z,ESZ4,4562.08,1862,4561.38,4563.3,4559.39,4561.9,59,up,2024-11-03T04:21:00,pre_open,False
2024-11-03T09:21:00Z,NQZ4,19836.48,1511,19837.75,19837.9,19836.01,19835.56,255,up,2024-11-03T04:21:00,pre_open,False
2024-11-03T09:21:00Z,RTYH5,2200.82,1236,2202.27,2202.73,2198.97,2200.52,357,flat,2024-11-03T04:21:00,pre_open,False
2024-11-03T09:21:00Z,YMH5,2200.21,903,2199.75,2200.91,2198.99,2200.71,60,down,2024-11-03T04:21:00,pre_open,False
2024-11-03T09:21:00Z,MES,2196.83,436,2195.75,2197.51,2195.49,2196.64,135,flat,2024-11-03T04:21:00,pre_open,False
2024-11-03T09:22:00Z,ESZ4,4559.76,1382,4560.57,4562.11,4559.12,4560.56,91,flat,2024-11-03T04:22:00,pre_open,False
2024-11-03T09:22:00Z,NQZ4,19835.7,1028,19834.57,19836.24,19834.34,19836.05,459,flat,2024-11-03T04:22:00,pre_open,False
2024-11-03T09:22:00Z,RTYH5,2197.81,482,2198.59,2199.26,2195.94,2198.59,283,down,2024-11-03T04:22:00,pre_open,False
2024-11-03T09:22:00Z,YMH5,2194.25,1988,2193.23,2195.44,2193.17,2193.76,366,flat,2024-11-03T04:22:00,pre_open,False
2024-11-03T09:22:00Z,MES,2202.35,874,2203.58,2203.9,2201.89,2202.31,56,down,2024-11-03T04:22:00,pre_open,False
2024-11-03T09:23:00Z,ESZ4,4561.56,1111,4562.58,4562.99,4560.06,4561.58,153,flat,2024-11-03T04:23:00,pre_open,False
2024-11-03T09:23:00Z,NQZ4,19837.65,268,19838.36,19839.34,19836.17,19837.55,274,flat,2024-11-03T04:23:00,pre_open,False
2024-11-03T09:23:00Z,RTYH5,2203.09,1247,2203.46,2205.35,2202.33,2203.23,297,flat,2024-11-03T04:23:00,pre_open,False
2024-11-03T09:23:00Z,YMH5,2198.29,1496,2197.94,2198.81,2196.1,2198.06,380,up,2024-11-03T04:23:00,pre_open,False
2024-11-03T09:23:00Z,MES,2193.88,1012,2194.99,2196.11,2192.47,2194.42,136,down,2024-11-03T04:23:00,pre_open,False
2024-11-03T09:24:00Z,ESZ4,4564.9,198,4565.76,4565.8,4564.81,4565.68,60,down,2024-11-03T04:24:00,pre_open,False
2024-11-03T09:24:00Z,NQZ4,19835.68,1719,19834.2,19836.79,19832.85,19835.34,387,down,2024-11-03T04:24:00,pre_open,False
2024-11-03T09:24:00Z,RTYH5,2195.72,1676,2195.8,2197.69,2195.64,2195.4,85,flat,2024-11-03T04:24:00,pre_open,False
2024-11-03T09:24:00Z,YMH5,2202.42,1461,2202.53,2202.57,2201.04,2201.9,463,up,2024-11-03T04:24:00,pre_open,False
2024-11-03T09:24:00Z,MES,2196.76,989,2196.46,2197.16,2196.29,2197.45,279,down,2024-11-03T04:24:00,pre_open,False
2024-11-03T09:25:00Z,ESZ4,4557.62,63,4556.93,4557.69,4556.55,4556.62,238,down,2024-11-03T04:25:00,pre_open,False
2024-11-03T09:25:00Z,NQZ4,19839.59,844,19838.78,19841.1,19838.7,19839.85,99,flat,2024-11-03T04:25:00,pre_open,False
2024-11-03T09:25:00Z,RTYH5,2195.39,1263,2194.2,2196.85,2193.8,2194.69,331,flat,2024-11-03T04:25:00,pre_open,False
2024-11-03T09:25:00Z,YMH5,2200.69,649,2201.84,2202.9,2200.04,2200.06,63,up,2024-11-03T04:25:00,pre_open,False
2024-11-03T09:25:00Z,MES,2201.94,348,2202.77,2204.62,2201.26,2202.59,141,up,2024-11-03T04:25:00,pre_open,False
2024-11-03T09:26:00Z,ESZ4,4559.93,173,4560.01,4561.78,4558.71,4559.25,278,up,2024-11-03T04:26:00,pre_open,False
2024-11-03T09:26:00Z,NQZ4,19838.66,763,19839.13,19839.93,19838.44,19838.42,273,down,2024-11-03T04:26:00,pre_open,False
2024-11-03T09:26:00Z,RTYH5,2201.25,1474,2200.14,2203.21,2199.65,2201.03,69,up,2024-11-03T04:26:00,pre_open,False
2024-11-03T09:26:00Z,YMH5,2198.64,1599,2199.24,2200.0,2196.74,2199.5,435,down,2024-11-03T04:26:00,pre_open,False
2024-11-03T09:26:00Z,MES,2196.33,1979,2195.61,2196.61,2195.18,2196.08,99,up,2024-11-03T04:26:00,pre_open,False
2024-11-03T09:27:00Z,ESZ4,4562.32,1946,4562.82,4563.45,4561.43,4561.79,30,down,2024-11-03T04:27:00,pre_open,False
2024-11-03T09:27:00Z,NQZ4,19835.27,1146,19835.81,19836.84,19833.95,19835.92,30,flat,2024-11-03T04:27:00,pre_open,False
2024-11-03T09:27:00Z,RTYH5,2198.4,533,2197.69,2199.8,2196.99,2198.5,356,down,2024-11-03T04:27:00,pre_open,False
2024-11-03T09:27:00Z,YMH5,2194.39,1395,2193.84,2194.91,2192.05,2193.9,257,up,2024-11-03T04:27:00,pre_open,False
2024-11-03T09:27:00Z,MES,2196.72,1952,2197.58,2198.25,2196.64,2196.14,10,down,2024-11-03T04:27:00,pre_open,False
2024-11-03T09:28:00Z,ESZ4,4566.5,1682,4566.6,4567.36,4564.6,4567.17,388,up,2024-11-03T04:28:00,pre_open,False
2024-11-03T09:28:00Z,NQZ4,19841.22,723,19841.97,19842.42,19840.69,19841.23,162,flat,2024-11-03T04:28:00,pre_open,False
2024-11-03T09:28:00Z,RTYH5,2198.61,335,2197.29,2200.18,2195.86,2199.21,178,flat,2024-11-03T04:28:00,pre_open,False
2024-11-03T09:28:00Z,YMH5,2194.99,586,2194.97,2196.28,2193.66,2195.99,69,down,2024-11-03T04:28:00,pre_open,False
2024-11-03T09:28:00Z,MES,2195.76,844,2195.89,2196.13,2194.06,2196.29,88,down,2024-11-03T04:28:00,pre_open,False
2024-11-03T09:29:00Z,ESZ4,4566.2,1665,4566.76,4567.16,4565.24,4565.41,131,down,2024-11-03T04:29:00,pre_open,False
2024-11-03T09:29:00Z,NQZ4,19836.97,533,19837.51,19837.95,19835.02,19837.37,315,up,2024-11-03T04:29:00,pre_open,False
2024-11-03T09:29:00Z,RTYH5,2195.28,987,2194.73,2195.73,2194.66,2194.81,199,flat,2024-11-03T04:29:00,pre_open,False
2024-11-03T09:29:00Z,YMH5,2201.45,1480,2201.87,2203.35,2199.88,2201.93,15,up,2024-11-03T04:29:00,pre_open,False
2024-11-03T09:29:00Z,MES,2193.52,1036,2192.71,2193.86,2191.39,2193.83,412,flat,2024-11-03T04:29:00,pre_open,False
2024-11-03T09:30:00Z,ESZ4,4567.06,1604,4568.36,4569.1,4566.36,4567.93,385,flat,2024-11-03T04:30:00,pre_open,False
2024-11-03T09:30:00Z,NQZ4,19841.55,575,19842.03,19842.32,19841.03,19842.37,132,down,2024-11-03T04:30:00,pre_open,False
2024-11-03T09:30:00Z,RTYH5,2201.12,698,2202.22,2203.28,2199.73,2201.79,127,flat,2024-11-03T04:30:00,pre_open,False
2024-11-03T09:30:00Z,YMH5,2194.95,992,2195.79,2197.0,2193.48,2195.55,370,flat,2024-11-03T04:30:00,pre_open,False
2024-11-03T09:30:00Z,MES,2199.44,1000,2198.55,2200.01,2198.37,2199.34,290,up,2024-11-03T04:30:00,pre_open,False
2024-11-03T09:31:00Z,ESZ4,4565.46,1957,4564.3,4567.12,4563.04,4564.65,34,flat,2024-11-03T04:31:00,pre_open,False
2024-11-03T09:31:00Z,NQZ4,19839.33,465,19839.05,19841.11,19838.79,19838.35,312,up,2024-11-03T04:31:00,pre_open,False
2024-11-03T09:31:00Z,RTYH5,2202.2,620,2203.31,2205.15,2200.33,2201.46,452,up,2024-11-03T04:31:00,pre_open,False
2024-11-03T09:31:00Z,YMH5,2202.49,1061,2202.2,2203.54,2201.13,2201.71,213,up,2024-11-03T04:31:00,pre_open,False
2024-11-03T09:31:00Z,MES,2202.22,935,2203.59,2204.54,2201.91,2202.06,373,down,2024-11-03T04:31:00,pre_open,False
2024-11-03T09:32:00Z,ESZ4,4561.47,785,4560.74,4562.88,4559.59,4562.08,79,flat,2024-11-03T04:32:00,pre_open,False
2024-11-03T09:32:00Z,NQZ4,19837.67,511,19836.22,19838.03,19836.21,19838.21,461,flat,2024-11-03T04:32:00,pre_open,False
2024-11-03T09:32:00Z,RTYH5,2201.43,573,2202.21,2202.82,2200.85,2201.96,140,down,2024-11-03T04:32:00,pre_open,False
2024-11-03T09:32:00Z,YMH5,2194.53,1445,2195.39,2196.57,2192.95,2194.85,363,up,2024-11-03T04:32:00,pre_open,False
2024-11-03T09:32:00Z,MES,2194.49,599,2194.93,2195.1,2192.81,2194.82,80,flat,2024-11-03T04:32:00,pre_open,False
2024-11-03T09:33:00Z,ESZ4,4558.76,1490,4559.75,4560.53,4557.94,4559.09,384,up,2024-11-03T04:33:00,pre_open,False
2024-11-03T09:33:00Z,NQZ4,19839.49,1134,19840.57,19840.88,19839.3,19840.24,188,up,2024-11-03T04:33:00,pre_open,False
2024-11-03T09:33:00Z,RTYH5,2199.01,579,2198.44,2201.0,2197.18,2199.69,391,flat,2024-11-03T04:33:00,pre_open,False
2024-11-03T09:33:00Z,YMH5,2203.45,1018,2204.1,2206.05,2202.76,2202.87,281,flat,2024-11-03T04:33:00,pre_open,False
2024-11-03T09:33:00Z,MES,2200.35,1596,2200.43,2202.32,2199.48,2200.78,72,up,2024-11-03T04:33:00,pre_open,False
2024-11-03T09:34:00Z,ESZ4,4565.9,1579,4564.41,4567.08,4563.62,4566.62,404,up,2024-11-03T04:34:00,pre_open,False
2024-11-03T09:34:00Z,NQZ4,19836.52,335,19835.39,19837.43,19834.74,19836.32,499,up,2024-11-03T04:34:00,pre_open,False
2024-11-03T09:34:00Z,RTYH5,2194.81,182,2194.06,2196.62,2193.31,2194.14,304,flat,2024-11-03T04:34:00,pre_open,False
2024-11-03T09:34:00Z,YMH5,2196.81,282,2195.75,2196.82,2194.7,2196.79,29,flat,2024-11-03T04:34:00,pre_open,False
2024-11-03T09:34:00Z,MES,2200.85,1886,2201.38,2203.21,2199.26,2201.02,392,flat,2024-11-03T04:34:00,pre_open,False
2024-11-03T09:35:00Z,ESZ4,4563.52,1284,4563.07,4564.08,4562.86,4564.11,14,down,2024-11-03T04:35:00,pre_open,False
2024-11-03T09:35:00Z,NQZ4,19844.37,1407,19845.75,19847.55,19842.63,19845.24,74,flat,2024-11-03T04:35:00,pre_open,False
2024-11-03T09:35:00Z,RTYH5,2195.54,666,2196.17,2196.25,2194.57,2194.82,322,up,2024-11-03T04:35:00,pre_open,False
2024-11-03T09:35:00Z,YMH5,2199.33,192,2199.78,2201.08,2198.38,2199.97,345,down,2024-11-03T04:35:00,pre_open,False
2024-11-03T09:35:00Z,MES,2194.77,594,2194.69,2195.33,2192.98,2195.2,171,down,2024-11-03T04:35:00,pre_open,False
2024-11-03T09:36:00Z,ESZ4,4567.44,140,4567.65,4568.59,4566.41,4567.73,237,flat,2024-11-03T04:36:00,pre_open,False
2024-11-03T09:36:00Z,NQZ4,19842.7,483,19841.9,19843.12,19841.89,19841.75,499,up,2024-11-03T04:36:00,pre_open,False
2024-11-03T09:36:00Z,RTYH5,2197.37,1770,2197.27,2197.57,2195.42,2196.68,262,up,2024-11-03T04:36:00,pre_open,False
2024-11-03T09:36:00Z,YMH5,2194.91,154,2195.83,2197.49,2194.08,2194.67,241,flat,2024-11-03T04:36:00,pre_open,False
2024-11-03T09:36:00Z,MES,2199.45,464,2199.31,2200.19,2197.63,2199.4,313,up,2024-11-03T04:36:00,pre_open,False
2024-11-03T09:37:00Z,ESZ4,4562.87,1261,4563.88,4564.6,4561.37,4562.46,124,up,2024-11-03T04:37:00,pre_open,False
2024-11-03T09:37:00Z,NQZ4,19840.85,1939,19840.38,19841.02,19838.48,19841.18,31,flat,2024-11-03T04:37:00,pre_open,False
2024-11-03T09:37:00Z,RTYH5,2203.05,1567,2202.88,2203.73,2201.8,2202.78,76,flat,2024-11-03T04:37:00,pre_open,False
2024-11-03T09:37:00Z,YMH5,2202.18,1835,2202.4,2204.33,2201.52,2201.55,273,flat,2024-11-03T04:37:00,pre_open,False
2024-11-03T09:37:00Z,MES,2202.11,1491,2202.95,2203.87,2201.85,2201.8,257,down,2024-11-03T04:37:00,pre_open,False
2024-11-03T09:38:00Z,ESZ4,4559.07,1351,4559.26,4559.76,4557.68,4559.44,247,down,2024-11-03T04:38:00,pre_open,False
2024-11-03T09:38:00Z,NQZ4,19840.55,352,19842.03,19843.26,19838.76,19840.02,450,flat,2024-11-03T04:38:00,pre_open,False
2024-11-03T09:38:00Z,RTYH5,2198.05,578,2198.33,2198.38,2197.84,2197.06,291,flat,2024-11-03T04:38:00,pre_open,False
2024-11-03T09:38:00Z,YMH5,2195.69,1095,2195.16,2196.97,2193.57,2195.72,104,down,2024-11-03T04:38:00,pre_open,False
2024-11-03T09:38:00Z,MES,2201.98,1471,2202.16,2203.42,2201.75,2202.58,236,down,2024-11-03T04:38:00,pre_open,False
2024-11-03T09:39:00Z,ESZ4,4567.39,950,4567.52,4568.99,4567.28,4567.5,445,up,2024-11-03T04:39:00,pre_open,False
2024-11-03T09:39:00Z,NQZ4,19843.07,1667,19844.16,19844.88,19842.44,19843.88,195,up,2024-11-03T04:39:00,pre_open,False
2024-11-03T09:39:00Z,RTYH5,2197.55,817,2196.67,2198.87,2195.29,2197.63,26,flat,2024-11-03T04:39:00,pre_open,False
2024-11-03T09:39:00Z,YMH5,2194.57,1925,2194.72,2195.15,2192.93,2194.68,168,down,2024-11-03T04:39:00,pre_open,False
2024-11-03T09:39:00Z,MES,2197.57,1403,2197.51,2198.81,2196.73,2197.17,357,up,2024-11-03T04:39:00,pre_open,False
2024-11-03T09:40:00Z,ESZ4,4559.27,1627,4559.51,4559.58,4557.74,4559.5,416,flat,2024-11-03T04:40:00,pre_open,False
2024-11-03T09:40:00Z,NQZ4,19840.87,67,19839.76,19841.03,19838.51,19840.84,39,down,2024-11-03T04:40:00,pre_open,False
2024-11-03T09:40:00Z,RTYH5,2193.67,1720,2194.04,2194.68,2192.62,2193.97,165,down,2024-11-03T04:40:00,pre_open,False
2024-11-03T09:40:00Z,YMH5,2200.51,1096,2200.17,2201.23,2198.34,2201.05,291,flat,2024-11-03T04:40:00,pre_open,False
2024-11-03T09:40:00Z,MES,2198.63,1913,2199.23,2200.59,2197.39,2199.29,178,flat,2024-11-03T04:40:00,pre_open,False
2024-11-03T09:41:00Z,ESZ4,4563.42,1566,4564.34,4565.18,4563.23,4563.47,189,flat,2024-11-03T04:41:00,pre_open,False
2024-11-03T09:41:00Z,NQZ4,19844.57,1725,19845.99,19846.41,19843.88,19843.91,440,down,2024-11-03T04:41:00,pre_open,False
2024-11-03T09:41:00Z,RTYH5,2196.61,1767,2195.49,2197.09,2194.76,2195.85,416,flat,2024-11-03T04:41:00,pre_open,False
2024-11-03T09:41:00Z,YMH5,2201.93,1805,2202.75,2204.08,2200.11,2202.72,152,up,2024-11-03T04:41:00,pre_open,False
2024-11-03T09:41:00Z,MES,2197.95,592,2197.72,2198.59,2196.85,2197.84,414,up,2024-11-03T04:41:00,pre_open,False
2024-11-03T09:42:00Z,ESZ4,4565.95,643,4564.82,4567.22,4563.56,4566.56,77,flat,2024-11-03T04:42:00,pre_open,False
2024-11-03T09:42:00Z,NQZ4,19845.18,1602,19844.88,19846.21,19844.53,19844.89,264,flat,2024-11-03T04:42:00,pre_open,False
2024-11-03T09:42:00Z,RTYH5,2198.4,1140,2197.54,2200.05,2195.72,2198.46,68,up,2024-11-03T04:42:00,pre_open,False
2024-11-03T09:42:00Z,YMH5,2199.96,389,2200.33,2201.89,2198.29,2199.66,345,up,2024-11-03T04:42:00,pre_open,False
2024-11-03T09:42:00Z,MES,2203.24,359,2203.94,2204.89,2201.68,2203.78,166,down,2024-11-03T04:42:00,pre_open,False
2024-11-03T09:43:00Z,ESZ4,4560.66,802,4562.13,4563.2,4559.12,4560.74,114,flat,2024-11-03T04:43:00,pre_open,False
2024-11-03T09:43:00Z,NQZ4,19841.2,885,19840.05,19841.82,19839.5,19841.33,150,up,2024-11-03T04:43:00,pre_open,False
2024-11-03T09:43:00Z,RTYH5,2201.58,1877,2202.5,2203.83,2201.06,2200.86,86,flat,2024-11-03T04:43:00,pre_open,False
2024-11-03T09:43:00Z,YMH5,2200.13,1139,2201.6,2202.38,2198.51,2200.96,247,flat,2024-11-03T04:43:00,pre_open,False
2024-11-03T09:43:00Z,MES,2201.33,705,2200.31,2202.8,2199.35,2201.91,97,down,2024-11-03T04:43:00,pre_open,False
2024-11-03T09:44:00Z,ESZ4,4561.29,1537,4560.8,4563.05,4558.81,4561.89,54,flat,2024-11-03T04:44:00,pre_open,False
2024-11-03T09:44:00Z,NQZ4,19844.55,1807,19846.0,19846.91,19842.95,19844.96,266,flat,2024-11-03T04:44:00,pre_open,False
2024-11-03T09:44:00Z,RTYH5,2195.04,1151,2194.04,2195.77,2193.52,2195.47,172,up,2024-11-03T04:44:00,pre_open,False
2024-11-03T09:44:00Z,YMH5,2194.04,1391,2194.35,2195.37,2192.66,2193.52,99,up,2024-11-03T04:44:00,pre_open,False
2024-11-03T09:44:00Z,MES,2202.71,1628,2202.1,2204.12,2200.82,2202.6,313,down,2024-11-03T04:44:00,pre_open,False
2024-11-03T09:45:00Z,ESZ4,4561.89,503,4563.28,4563.89,4561.87,4561.23,293,up,2024-11-03T04:45:00,pre_open,False
2024-11-03T09:45:00Z,NQZ4,19838.62,1120,19839.73,19840.34,19837.85,19839.31,319,flat,2024-11-03T04:45:00,pre_open,False
2024-11-03T09:45:00Z,RTYH5,2197.16,1789,2196.76,2199.1,2195.02,2197.87,351,down,2024-11-03T04:45:00,pre_open,False
2024-11-03T09:45:00Z,YMH5,2200.11,720,2201.51,2202.22,2198.44,2199.41,135,up,2024-11-03T04:45:00,pre_open,False
2024-11-03T09:45:00Z,MES,2195.35,323,2195.26,2196.79,2194.55,2196.21,336,up,2024-11-03T04:45:00,pre_open,False
2024-11-03T09:46:00Z,ESZ4,4558.68,210,4559.59,4560.37,4557.23,4559.14,22,down,2024-11-03T04:46:00,pre_open,False
2024-11-03T09:46:00Z,NQZ4,19840.64,1645,19840.25,19840.77,19839.17,19839.94,86,down,2024-11-03T04:46:00,pre_open,False
2024-11-03T09:46:00Z,RTYH5,2202.96,1135,2203.64,2205.16,2202.35,2202.34,103,up,2024-11-03T04:46:00,pre_open,False
2024-11-03T09:46:00Z,YMH5,2198.54,565,2198.48,2199.23,2196.6,2198.38,184,down,2024-11-03T04:46:00,pre_open,False
2024-11-03T09:46:00Z,MES,2197.63,516,2197.48,2198.63,2196.39,2196.94,63,down,2024-11-03T04:46:00,pre_open,False
2024-11-03T09:47:00Z,ESZ4,4557.89,1724,4558.18,4559.32,4557.1,4558.18,44,flat,2024-11-03T04:47:00,pre_open,False
2024-11-03T09:47:00Z,NQZ4,19839.36,734,19840.17,19841.39,19839.02,19838.69,384,flat,2024-11-03T04:47:00,pre_open,False
2024-11-03T09:47:00Z,RTYH5,2195.8,531,2195.87,2197.15,2194.51,2195.21,140,flat,2024-11-03T04:47:00,pre_open,False
2024-11-03T09:47:00Z,YMH5,2194.64,1768,2194.48,2194.7,2194.19,2193.92,429,down,2024-11-03T04:47:00,pre_open,False
2024-11-03T09:47:00Z,MES,2201.74,731,2202.81,2202.82,2200.86,2200.79,209,up,2024-11-03T04:47:00,pre_open,False
2024-11-03T09:48:00Z,ESZ4,4560.81,612,4559.93,4561.73,4558.02,4561.4,41,up,2024-11-03T04:48:00,pre_open,False
2024-11-03T09:48:00Z,NQZ4,19841.51,270,19842.7,19844.31,19840.02,19842.39,116,up,2024-11-03T04:48:00,pre_open,False
2024-11-03T09:48:00Z,RTYH5,2195.74,1191,2194.32,2196.03,2193.2,2195.8,467,up,2024-11-03T04:48:00,pre_open,False
2024-11-03T09:48:00Z,YMH5,2202.62,1349,2204.05,2204.06,2200.83,2203.03,328,down,2024-11-03T04:48:00,pre_open,False
2024-11-03T09:48:00Z,MES,2203.44,1915,2201.94,2204.91,2201.87,2204.42,201,down,2024-11-03T04:48:00,pre_open,False
2024-11-03T09:49:00Z,ESZ4,4561.58,1424,4561.71,4562.85,4560.77,4561.32,373,flat,2024-11-03T04:49:00,pre_open,False
2024-11-03T09:49:00Z,NQZ4,19837.16,1937,19837.28,19838.55,19835.84,19837.76,385,up,2024-11-03T04:49:00,pre_open,False
2024-11-03T09:49:00Z,RTYH5,2201.42,470,2202.45,2202.9,2200.91,2200.94,441,up,2024-11-03T04:49:00,pre_open,False
2024-11-03T09:49:00Z,YMH5,2200.92,1161,2199.87,2201.43,2199.06,2200.46,10,flat,2024-11-03T04:49:00,pre_open,False
2024-11-03T09:49:00Z,MES,2201.97,136,2203.13,2204.98,2200.55,2201.78,286,flat,2024-11-03T04:49:00,pre_open,False
2024-11-03T09:50:00Z,ESZ4,4560.41,1459,4560.31,4561.13,4559.58,4560.41,422,flat,2024-11-03T04:50:00,pre_open,False
2024-11-03T09:50:00Z,NQZ4,19841.24,160,19842.22,19842.55,19840.99,19840.66,429,down,2024-11-03T04:50:00,pre_open,False
2024-11-03T09:50:00Z,RTYH5,2201.75,1453,2201.82,2202.24,2199.84,2201.85,190,up,2024-11-03T04:50:00,pre_open,False
2024-11-03T09:50:00Z,YMH5,2199.75,455,2199.95,2199.98,2198.8,2199.85,497,down,2024-11-03T04:50:00,pre_open,False
2024-11-03T09:50:00Z,MES,2199.51,1863,2198.91,2199.52,2197.87,2200.2,219,down,2024-11-03T04:50:00,pre_open,False
2024-11-03T09:51:00Z,ESZ4,4565.4,993,4564.9,4566.74,4563.31,4565.29,343,down,2024-11-03T04:51:00,pre_open,False
2024-11-03T09:51:00Z,NQZ4,19836.48,601,19837.81,19838.63,19834.61,19835.58,383,up,2024-11-03T04:51:00,pre_open,False
2024-11-03T09:51:00Z,RTYH5,2198.19,448,2198.59,2199.21,2197.89,2197.56,78,down,2024-11-03T04:51:00,pre_open,False
2024-11-03T09:51:00Z,YMH5,2198.02,674,2199.5,2201.3,2197.51,2198.19,417,up,2024-11-03T04:51:00,pre_open,False
2024-11-03T09:51:00Z,MES,2197.81,1152,2198.36,2200.31,2195.84,2197.75,480,up,2024-11-03T04:51:00,pre_open,False
2024-11-03T09:52:00Z,ESZ4,4565.07,1268,4566.35,4567.06,4564.77,4564.61,275,down,2024-11-03T04:52:00,pre_open,False
2024-11-03T09:52:00Z,NQZ4,19845.09,102,19845.14,19846.74,19843.54,19844.38,286,up,2024-11-03T04:52:00,pre_open,False
2024-11-03T09:52:00Z,RTYH5,2196.22,1186,2195.97,2198.04,2194.89,2196.28,42,flat,2024-11-03T04:52:00,pre_open,False
2024-11-03T09:52:00Z,YMH5,2199.86,1914,2200.63,2200.67,2199.42,2200.78,297,up,2024-11-03T04:52:00,pre_open,False
2024-11-03T09:52:00Z,MES,2201.62,1515,2201.41,2202.57,2200.19,2202.31,249,up,2024-11-03T04:52:00,pre_open,False
2024-11-03T09:53:00Z,ESZ4,4565.55,1475,4566.33,4567.43,4564.39,4565.47,165,flat,2024-11-03T04:53:00,pre_open,False
2024-11-03T09:53:00Z,NQZ4,19843.88,1501,19843.25,19845.23,19841.28,19843.26,289,flat,2024-11-03T04:53:00,pre_open,False
2024-11-03T09:53:00Z,RTYH5,2200.09,1933,2200.62,2201.86,2198.4,2200.31,342,down,2024-11-03T04:53:00,pre_open,False
2024-11-03T09:53:00Z,YMH5,2201.47,1098,2201.89,2203.49,2201.32,2201.55,449,flat,2024-11-03T04:53:00,pre_open,False
2024-11-03T09:53:00Z,MES,2200.0,1652,2199.25,2200.58,2197.99,2200.33,338,flat,2024-11-03T04:53:00,pre_open,False
2024-11-03T09:54:00Z,ESZ4,4563.41,451,4562.91,4565.24,4562.57,4563.24,348,flat,2024-11-03T04:54:00,pre_open,False
2024-11-03T09:54:00Z,NQZ4,19844.89,1894,19845.64,19847.18,19843.73,19845.64,32,up,2024-11-03T04:54:00,pre_open,False
2024-11-03T09:54:00Z,RTYH5,2199.75,1898,2200.77,2202.06,2198.81,2198.99,44,down,2024-11-03T04:54:00,pre_open,False
2024-11-03T09:54:00Z,YMH5,2193.53,1100,2192.55,2193.82,2191.53,2193.37,320,flat,2024-11-03T04:54:00,pre_open,False
2024-11-03T09:54:00Z,MES,2199.4,423,2198.73,2201.34,2198.73,2198.75,156,up,2024-11-03T04:54:00,pre_open,False
2024-11-03T09:55:00Z,ESZ4,4563.55,61,4562.33,4563.73,4562.1,4563.77,107,down,2024-11-03T04:55:00,pre_open,False
2024-11-03T09:55:00Z,NQZ4,19838.35,862,19839.18,19839.68,19837.86,19838.48,474,down,2024-11-03T04:55:00,pre_open,False
2024-11-03T09:55:00Z,RTYH5,2197.37,1944,2196.85,2198.04,2196.72,2197.26,401,up,2024-11-03T04:55:00,pre_open,False
2024-11-03T09:55:00Z,YMH5,2197.82,1017,2197.62,2198.79,2197.05,2197.67,217,up,2024-11-03T04:55:00,pre_open,False
2024-11-03T09:55:00Z,MES,2194.35,712,2192.9,2195.68,2192.24,2195.17,270,down,2024-11-03T04:55:00,pre_open,False
2024-11-03T09:56:00Z,ESZ4,4558.31,209,4559.67,4561.08,4558.29,4557.82,339,down,2024-11-03T04:56:00,pre_open,False
2024-11-03T09:56:00Z,NQZ4,19836.06,1613,19834.85,19837.9,19833.4,19836.02,169,down,2024-11-03T04:56:00,pre_open,False
2024-11-03T09:56:00Z,RTYH5,2201.96,559,2202.71,2203.6,2200.61,2202.7,418,up,2024-11-03T04:56:00,pre_open,False
2024-11-03T09:56:00Z,YMH5,2197.35,1054,2196.42,2199.15,2194.79,2197.93,46,up,2024-11-03T04:56:00,pre_open,False
2024-11-03T09:56:00Z,MES,2197.38,116,2197.37,2197.68,2196.73,2196.57,475,up,2024-11-03T04:56:00,pre_open,False
2024-11-03T09:57:00Z,ESZ4,4562.93,1057,4563.6,4565.52,4562.66,4562.75,265,down,2024-11-03T04:57:00,pre_open,False
2024-11-03T09:57:00Z,NQZ4,19838.98,1270,19839.29,19839.87,19838.27,19838.71,329,flat,2024-11-03T04:57:00,pre_open,False
2024-11-03T09:57:00Z,RTYH5,2197.19,749,2197.09,2198.03,2196.12,2197.9,28,flat,2024-11-03T04:57:00,pre_open,False
2024-11-03T09:57:00Z,YMH5,2200.27,1271,2200.38,2200.54,2199.54,2200.41,435,up,2024-11-03T04:57:00,pre_open,False
2024-11-03T09:57:00Z,MES,2195.74,215,2194.98,2196.36,2194.77,2195.21,438,down,2024-11-03T04:57:00,pre_open,False
2024-11-03T09:58:00Z,ESZ4,4560.52,840,4561.99,4562.04,4559.18,4560.89,479,down,2024-11-03T04:58:00,pre_open,False
2024-11-03T09:58:00Z,NQZ4,19844.75,1263,19843.29,19845.01,19841.74,19844.99,192,up,2024-11-03T04:58:00,pre_open,False
2024-11-03T09:58:00Z,RTYH5,2199.72,459,2198.96,2201.04,2197.43,2200.65,243,down,2024-11-03T04:58:00,pre_open,False
2024-11-03T09:58:00Z,YMH5,2197.0,1939,2197.5,2198.15,2195.53,2197.99,442,down,2024-11-03T04:58:00,pre_open,False
2024-11-03T09:58:00Z,MES,2194.64,901,2195.75,2197.59,2194.45,2194.05,228,flat,2024-11-03T04:58:00,pre_open,False
2024-11-03T09:59:00Z,ESZ4,4565.85,446,4565.36,4566.33,4564.2,4566.19,106,flat,2024-11-03T04:59:00,pre_open,False
2024-11-03T09:59:00Z,NQZ4,19838.02,850,19838.13,19839.95,19837.24,19838.34,28,flat,2024-11-03T04:59:00,pre_open,False
2024-11-03T09:59:00Z,RTYH5,2201.52,1073,2202.25,2203.39,2199.62,2201.96,437,up,2024-11-03T04:59:00,pre_open,False
2024-11-03T09:59:00Z,YMH5,2201.73,1507,2201.88,2202.2,2200.02,2202.28,269,flat,2024-11-03T04:59:00,pre_open,False
2024-11-03T09:59:00Z,MES,2197.39,89,2197.76,2199.71,2195.47,2197.94,135,up,2024-11-03T04:59:00,pre_open,False
2024-11-03T10:00:00Z,ESZ4,4558.96,1762,4560.05,4560.54,4557.79,4559.76,120,up,2024-11-03T05:00:00,pre_open,False
2024-11-03T10:00:00Z,NQZ4,19842.52,1198,19843.16,19844.46,19841.07,19842.69,16,up,2024-11-03T05:00:00,pre_open,False
2024-11-03T10:00:00Z,RTYH5,2201.59,1012,2202.62,2202.72,2201.51,2201.21,368,up,2024-11-03T05:00:00,pre_open,False
2024-11-03T10:00:00Z,YMH5,2193.81,306,2195.31,2195.5,2193.78,2193.07,258,flat,2024-11-03T05:00:00,pre_open,False
2024-11-03T10:00:00Z,MES,2200.22,929,2201.2,2201.95,2198.37,2199.43,74,up,2024-11-03T05:00:00,pre_open,False
2024-11-03T10:01:00Z,ESZ4,4561.08,388,4560.53,4561.68,4560.04,4561.42,177,flat,2024-11-03T05:01:00,pre_open,False
2024-11-03T10:01:00Z,NQZ4,19842.33,536,19843.27,19844.55,19842.31,19842.76,390,up,2024-11-03T05:01:00,pre_open,False
2024-11-03T10:01:00Z,RTYH5,2196.26,1823,2195.79,2197.35,2195.74,2197.14,61,flat,2024-11-03T05:01:00,pre_open,False
2024-11-03T10:01:00Z,YMH5,2202.41,1074,2202.47,2203.15,2200.73,2202.46,264,flat,2024-11-03T05:01:00,pre_open,False
2024-11-03T10:01:00Z,MES,2202.98,943,2203.68,2204.31,2201.84,2202.72,418,up,2024-11-03T05:01:00,pre_open,False
2024-11-03T10:02:00Z,ESZ4,4566.29,948,4566.81,4568.65,4565.58,4566.01,247,up,2024-11-03T05:02:00,pre_open,False
2024-11-03T10:02:00Z,NQZ4,19843.0,582,19842.08,19843.62,19840.17,19843.23,466,up,2024-11-03T05:02:00,pre_open,False
2024-11-03T10:02:00Z,RTYH5,2199.62,96,2198.53,2201.44,2198.0,2200.08,462,up,2024-11-03T05:02:00,pre_open,False
2024-11-03T10:02:00Z,YMH5,2201.64,424,2201.48,2202.68,2200.84,2201.88,270,down,2024-11-03T05:02:00,pre_open,False
2024-11-03T10:02:00Z,MES,2202.78,1761,2202.38,2204.02,2201.44,2203.53,477,up,2024-11-03T05:02:00,pre_open,False
2024-11-03T10:03:00Z,ESZ4,4565.4,739,4565.03,4565.42,4564.84,4564.9,441,down,2024-11-03T05:03:00,pre_open,False
2024-11-03T10:03:00Z,NQZ4,19842.12,1615,19841.52,19843.59,19840.85,19842.12,124,flat,2024-11-03T05:03:00,pre_open,False
2024-11-03T10:03:00Z,RTYH5,2199.97,572,2199.04,2201.49,2198.78,2200.87,174,down,2024-11-03T05:03:00,pre_open,False
2024-11-03T10:03:00Z,YMH5,2198.08,1636,2197.16,2198.33,2196.7,2197.19,438,down,2024-11-03T05:03:00,pre_open,False
2024-11-03T10:03:00Z,MES,2199.84,411,2200.8,2200.84,2199.1,2199.18,163,flat,2024-11-03T05:03:00,pre_open,False
2024-11-03T10:04:00Z,ESZ4,4566.92,1680,4567.24,4569.2,4565.09,4567.9,163,up,2024-11-03T05:04:00,pre_open,False
2024-11-03T10:04:00Z,NQZ4,19838.45,748,19838.38,19839.89,19837.57,19837.98,432,flat,2024-11-03T05:04:00,pre_open,False
2024-11-03T10:04:00Z,RTYH5,2197.83,1245,2198.76,2200.32,2197.33,2198.02,193,down,2024-11-03T05:04:00,pre_open,False
2024-11-03T10:04:00Z,YMH5,2202.96,1935,2202.45,2204.52,2200.95,2202.28,280,flat,2024-11-03T05:04:00,pre_open,False
2024-11-03T10:04:00Z,MES,2201.14,951,2202.17,2203.82,2201.06,2200.89,114,down,2024-11-03T05:04:00,pre_open,False
2024-11-03T10:05:00Z,ESZ4,4560.55,1180,4559.86,4562.03,4558.92,4560.6,180,flat,2024-11-03T05:05:00,pre_open,False
2024-11-03T10:05:00Z,NQZ4,19839.07,1719,19840.15,19840.39,19838.3,19839.0,317,up,2024-11-03T05:05:00,pre_open,False
2024-11-03T10:05:00Z,RTYH5,2197.06,1600,2195.96,2198.24,2195.16,2196.24,471,flat,2024-11-03T05:05:00,pre_open,False
2024-11-03T10:05:00Z,YMH5,2202.3,999,2203.57,2203.97,2201.4,2202.88,467,up,2024-11-03T05:05:00,pre_open,False
2024-11-03T10:05:00Z,MES,2195.29,474,2194.7,2195.37,2192.97,2194.75,342,up,2024-11-03T05:05:00,pre_open,False
2024-11-03T10:06:00Z,ESZ4,4563.5,1306,4563.57,4564.1,4563.08,4563.73,211,up,2024-11-03T05:06:00,pre_open,False
2024-11-03T10:06:00Z,NQZ4,19843.58,325,19843.76,19845.51,19842.54,19843.7,261,up,2024-11-03T05:06:00,pre_open,False
2024-11-03T10:06:00Z,RTYH5,2202.38,1166,2201.75,2203.39,2200.64,2202.61,78,flat,2024-11-03T05:06:00,pre_open,False
2024-11-03T10:06:00Z,YMH5,2200.83,1126,2199.88,2201.88,2198.79,2201.68,456,down,2024-11-03T05:06:00,pre_open,False
2024-11-03T10:06:00Z,MES,2194.81,1171,2195.1,2196.63,2192.95,2195.58,15,down,2024-11-03T05:06:00,pre_open,False
2024-11-03T10:07:00Z,ESZ4,4561.96,463,4562.04,4563.33,4561.53,4562.77,43,down,2024-11-03T05:07:00,pre_open,False
2024-11-03T10:07:00Z,NQZ4,19836.12,1808,19834.92,19836.53,19833.55,19836.16,277,flat,2024-11-03T05:07:00,pre_open,False
2024-11-03T10:07:00Z,RTYH5,2196.87,494,2198.22,2198.53,2195.52,2196.96,332,up,2024-11-03T05:07:00,pre_open,False
2024-11-03T10:07:00Z,YMH5,2199.98,196,2200.72,2200.88,2199.18,2199.81,141,flat,2024-11-03T05:07:00,pre_open,False
2024-11-03T10:07:00Z,MES,2196.29,751,2195.83,2196.57,2195.5,2197.04,475,flat,2024-11-03T05:07:00,pre_open,False
2024-11-03T10:08:00Z,ESZ4,4558.21,1304,4557.24,4559.19,4556.23,4557.72,163,flat,2024-11-03T05:08:00,pre_open,False
2024-11-03T10:08:00Z,NQZ4,19840.37,953,19839.66,19842.0,19838.46,19839.83,194,flat,2024-11-03T05:08:00,pre_open,False
2024-11-03T10:08:00Z,RTYH5,2197.68,734,2197.33,2198.06,2195.48,2197.24,157,down,2024-11-03T05:08:00,pre_open,False
2024-11-03T10:08:00Z,YMH5,2200.32,1189,2201.62,2202.94,2199.52,2199.45,299,flat,2024-11-03T05:08:00,pre_open,False
2024-11-03T10:08:00Z,MES,2201.61,542,2201.27,2202.93,2199.35,2202.0,45,up,2024-11-03T05:08:00,pre_open,False
2024-11-03T10:09:00Z,ESZ4,4558.74,944,4558.68,4560.13,4557.2,4559.57,255,up,2024-11-03T05:09:00,pre_open,False
2024-11-03T10:09:00Z,NQZ4,19840.13,636,19839.12,19841.17,19837.64,19840.91,410,up,2024-11-03T05:09:00,pre_open,False
2024-11-03T10:09:00Z,RTYH5,2197.67,584,2196.41,2199.15,2195.66,2198.59,123,flat,2024-11-03T05:09:00,pre_open,False
2024-11-03T10:09:00Z,YMH5,2198.66,1749,2198.43,2199.57,2197.23,2197.84,163,down,2024-11-03T05:09:00,pre_open,False
2024-11-03T10:09:00Z,MES,2194.73,822,2193.53,2195.55,2192.28,2194.15,16,up,2024-11-03T05:09:00,pre_open,False
2024-11-03T10:10:00Z,ESZ4,4558.76,1506,4557.27,4559.56,4555.75,4558.67,328,down,2024-11-03T05:10:00,pre_open,False
2024-11-03T10:10:00Z,NQZ4,19841.77,1937,19842.75,19843.44,19840.61,19841.95,339,up,2024-11-03T05:10:00,pre_open,False
2024-11-03T10:10:00Z,RTYH5,2195.99,659,2195.57,2196.52,2193.84,2196.07,299,up,2024-11-03T05:10:00,pre_open,False
2024-11-03T10:10:00Z,YMH5,2195.21,541,2196.41,2196.94,2194.6,2194.79,87,up,2024-11-03T05:10:00,pre_open,False
2024-11-03T10:10:00Z,MES,2197.65,1199,2196.92,2199.53,2196.83,2198.15,91,down,2024-11-03T05:10:00,pre_open,False
2024-11-03T10:11:00Z,ESZ4,4559.75,436,4560.22,4560.97,4558.8,4559.21,383,up,2024-11-03T05:11:00,pre_open,False
2024-11-03T10:11:00Z,NQZ4,19844.92,87,19844.05,19845.47,19842.08,19845.29,63,flat,2024-11-03T05:11:00,pre_open,False
2024-11-03T10:11:00Z,RTYH5,2195.75,686,2195.67,2197.05,2194.16,2194.85,301,flat,2024-11-03T05:11:00,pre_open,False
2024-11-03T10:11:00Z,YMH5,2197.31,468,2197.25,2197.94,2195.96,2196.81,344,down,2024-11-03T05:11:00,pre_open,False
2024-11-03T10:11:00Z,MES,2193.67,366,2193.41,2194.57,2191.64,2194.41,364,up,2024-11-03T05:11:00,pre_open,False
2024-11-03T10:12:00Z,ESZ4,4565.55,1686,4566.9,4567.98,4563.85,4565.65,386,up,2024-11-03T05:12:00,pre_open,False
2024-11-03T10:12:00Z,NQZ4,19838.71,59,19837.49,19839.39,19836.63,19838.92,137,flat,2024-11-03T05:12:00,pre_open,False
2024-11-03T10:12:00Z,RTYH5,2197.99,188,2197.14,2198.19,2196.34,2198.58,155,down,2024-11-03T05:12:00,pre_open,False
2024-11-03T10:12:00Z,YMH5,2197.88,535,2199.1,2199.46,2197.12,2198.05,453,up,2024-11-03T05:12:00,pre_open,False
2024-11-03T10:12:00Z,MES,2196.76,1008,2195.71,2198.31,2194.11,2196.82,226,flat,2024-11-03T05:12:00,pre_open,False
2024-11-03T10:13:00Z,ESZ4,4563.7,943,4562.8,4565.66,4561.92,4564.41,500,flat,2024-11-03T05:13:00,pre_open,False
2024-11-03T10:13:00Z,NQZ4,19837.88,1052,19837.12,19839.55,19837.0,19837.94,224,flat,2024-11-03T05:13:00,pre_open,False
2024-11-03T10:13:00Z,RTYH5,2197.73,1799,2197.44,2198.48,2197.02,2197.39,372,down,2024-11-03T05:13:00,pre_open,False
2024-11-03T10:13:00Z,YMH5,2193.6,1524,2192.74,2194.68,2191.0,2193.66,205,up,2024-11-03T05:13:00,pre_open,False
2024-11-03T10:13:00Z,MES,2202.05,1170,2200.83,2203.94,2200.3,2201.3,430,up,2024-11-03T05:13:00,pre_open,False
2024-11-03T10:14:00Z,ESZ4,4562.66,1036,4561.75,4563.08,4560.56,4562.63,483,down,2024-11-03T05:14:00,pre_open,False
2024-11-03T10:14:00Z,NQZ4,19844.75,675,19845.66,19846.62,19844.3,19845.14,173,flat,2024-11-03T05:14:00,pre_open,False
2024-11-03T10:14:00Z,RTYH5,2199.94,446,2199.4,2200.39,2198.09,2199.85,302,flat,2024-11-03T05:14:00,pre_open,False
2024-11-03T10:14:00Z,YMH5,2198.2,1320,2197.48,2198.8,2196.75,2198.04,173,down,2024-11-03T05:14:00,pre_open,False
2024-11-03T10:14:00Z,MES,2198.94,1078,2198.65,2200.43,2197.07,2199.91,330,up,2024-11-03T05:14:00,pre_open,False
2024-11-03T10:15:00Z,ESZ4,4563.8,1428,4564.72,4566.51,4561.88,4563.67,102,down,2024-11-03T05:15:00,pre_open,False
2024-11-03T10:15:00Z,NQZ4,19841.03,1010,19840.93,19841.41,19840.41,19841.11,315,down,2024-11-03T05:15:00,pre_open,False
2024-11-03T10:15:00Z,RTYH5,2194.64,1552,2195.4,2196.82,2193.39,2194.72,213,flat,2024-11-03T05:15:00,pre_open,False
2024-11-03T10:15:00Z,YMH5,2201.65,852,2202.03,2203.43,2200.93,2201.39,370,flat,2024-11-03T05:15:00,pre_open,False
2024-11-03T10:15:00Z,MES,2198.75,406,2197.72,2199.79,2196.94,2199.18,58,down,2024-11-03T05:15:00,pre_open,False
2024-11-03T10:16:00Z,ESZ4,4564.94,131,4564.35,4565.88,4563.33,4564.14,85,up,2024-11-03T05:16:00,pre_open,False
2024-11-03T10:16:00Z,NQZ4,19842.5,933,19843.1,19844.93,19841.98,19843.29,261,flat,2024-11-03T05:16:00,pre_open,False
2024-11-03T10:16:00Z,RTYH5,2201.46,1697,2202.1,2202.6,2200.04,2201.73,277,down,2024-11-03T05:16:00,pre_open,False
2024-11-03T10:16:00Z,YMH5,2201.91,1778,2201.22,2203.12,2200.31,2201.03,243,flat,2024-11-03T05:16:00,pre_open,False
2024-11-03T10:16:00Z,MES,2198.04,1426,2198.84,2199.2,2196.69,2197.88,137,down,2024-11-03T05:16:00,pre_open,False
2024-11-03T10:17:00Z,ESZ4,4562.13,1732,4561.41,4563.89,4559.76,4563.07,441,flat,2024-11-03T05:17:00,pre_open,False
2024-11-03T10:17:00Z,NQZ4,19843.06,1351,19844.14,19844.22,19843.04,19844.01,235,down,2024-11-03T05:17:00,pre_open,False
2024-11-03T10:17:00Z,RTYH5,2201.74,1744,2202.95,2203.28,2200.89,2202.03,91,flat,2024-11-03T05:17:00,pre_open,False
2024-11-03T10:17:00Z,YMH5,2202.9,1639,2203.68,2205.35,2202.23,2201.95,12,up,2024-11-03T05:17:00,pre_open,False
2024-11-03T10:17:00Z,MES,2194.87,1906,2194.89,2195.26,2193.78,2194.45,361,flat,2024-11-03T05:17:00,pre_open,False
2024-11-03T10:18:00Z,ESZ4,4559.79,958,4558.45,4560.89,4557.57,4559.65,409,flat,2024-11-03T05:18:00,pre_open,False
2024-11-03T10:18:00Z,NQZ4,19838.11,613,19836.71,19839.05,19836.26,19837.51,254,up,2024-11-03T05:18:00,pre_open,False
2024-11-03T10:18:00Z,RTYH5,2201.72,1403,2203.06,2203.06,2200.66,2202.2,433,up,2024-11-03T05:18:00,pre_open,False
2024-11-03T10:18:00Z,YMH5,2203.46,760,2204.81,2205.02,2203.33,2203.77,241,up,2024-11-03T05:18:00,pre_open,False
2024-11-03T10:18:00Z,MES,2201.36,1953,2201.06,2202.3,2199.58,2201.6,40,down,2024-11-03T05:18:00,pre_open,False
2024-11-03T10:19:00Z,ESZ4,4559.87,1647,4561.19,4562.44,4558.66,4560.72,13,up,2024-11-03T05:19:00,pre_open,False
2024-11-03T10:19:00Z,NQZ4,19837.96,902,19837.57,19839.3,19837.25,19837.03,264,down,2024-11-03T05:19:00,pre_open,False
2024-11-03T10:19:00Z,RTYH5,2195.03,1312,2195.18,2195.95,2194.47,2194.78,377,flat,2024-11-03T05:19:00,pre_open,False
2024-11-03T10:19:00Z,YMH5,2202.15,513,2203.18,2204.24,2200.9,2202.13,337,up,2024-11-03T05:19:00,pre_open,False
2024-11-03T10:19:00Z,MES,2201.37,115,2202.8,2204.58,2199.52,2202.11,366,up,2024-11-03T05:19:00,pre_open,False
2024-11-03T10:20:00Z,ESZ4,4564.32,1994,4564.42,4564.44,4563.26,4564.43,52,flat,2024-11-03T05:20:00,pre_open,False
2024-11-03T10:20:00Z,NQZ4,19836.05,224,19834.82,19836.11,19834.55,19835.9,340,flat,2024-11-03T05:20:00,pre_open,False
2024-11-03T10:20:00Z,RTYH5,2197.52,1211,2196.48,2197.97,2195.38,2197.02,197,flat,2024-11-03T05:20:00,pre_open,False
2024-11-03T10:20:00Z,YMH5,2203.0,1860,2204.43,2205.69,2202.84,2202.08,404,up,2024-11-03T05:20:00,pre_open,False
2024-11-03T10:20:00Z,MES,2199.94,1208,2199.45,2200.83,2199.18,2198.98,428,flat,2024-11-03T05:20:00,pre_open,False
2024-11-03T10:21:00Z,ESZ4,4566.82,591,4565.4,4568.63,4564.28,4567.5,471,flat,2024-11-03T05:21:00,pre_open,False
2024-11-03T10:21:00Z,NQZ4,19837.49,673,19836.09,19839.42,19834.65,19836.73,326,down,2024-11-03T05:21:00,pre_open,False
2024-11-03T10:21:00Z,RTYH5,2195.78,1271,2194.84,2196.87,2193.91,2194.91,210,up,2024-11-03T05:21:00,pre_open,False
2024-11-03T10:21:00Z,YMH5,2196.96,400,2197.55,2199.37,2196.1,2196.1,24,up,2024-11-03T05:21:00,pre_open,False
2024-11-03T10:21:00Z,MES,2198.73,1001,2199.75,2200.9,2197.09,2198.32,396,up,2024-11-03T05:21:00,pre_open,False
2024-11-03T10:22:00Z,ESZ4,4558.89,68,4559.09,4559.22,4558.67,4559.55,294,flat,2024-11-03T05:22:00,pre_open,False
2024-11-03T10:22:00Z,NQZ4,19838.19,1085,19838.58,19840.49,19838.18,19838.23,487,down,2024-11-03T05:22:00,pre_open,False
2024-11-03T10:22:00Z,RTYH5,2198.01,71,2197.15,2198.88,2196.15,2197.49,54,down,2024-11-03T05:22:00,pre_open,False
2024-11-03T10:22:00Z,YMH5,2200.05,1026,2199.26,2201.54,2198.92,2199.82,134,down,2024-11-03T05:22:00,pre_open,False
2024-11-03T10:22:00Z,MES,2198.91,448,2199.97,2201.4,2197.79,2199.45,34,down,2024-11-03T05:22:00,pre_open,False
2024-11-03T10:23:00Z,ESZ4,4559.47,114,4558.76,4560.6,4557.75,4559.33,43,down,2024-11-03T05:23:00,pre_open,False
2024-11-03T10:23:00Z,NQZ4,19843.72,1301,19843.25,19844.01,19842.26,19842.99,178,down,2024-11-03T05:23:00,pre_open,False
2024-11-03T10:23:00Z,RTYH5,2195.92,385,2197.12,2198.83,2194.74,2195.67,443,flat,2024-11-03T05:23:00,pre_open,False
2024-11-03T10:23:00Z,YMH5,2198.37,562,2198.06,2198.39,2197.1,2199.0,400,up,2024-11-03T05:23:00,pre_open,False
2024-11-03T10:23:00Z,MES,2203.24,1400,2204.37,2205.21,2201.34,2202.75,383,down,2024-11-03T05:23:00,pre_open,False
2024-11-03T10:24:00Z,ESZ4,4566.98,343,4566.68,4567.61,4565.24,4566.49,263,down,2024-11-03T05:24:00,pre_open,False
2024-11-03T10:24:00Z,NQZ4,19837.04,768,19835.58,19837.85,19833.82,19836.3,457,down,2024-11-03T05:24:00,pre_open,False
2024-11-03T10:24:00Z,RTYH5,2193.92,347,2192.7,2193.98,2190.88,2193.91,428,up,2024-11-03T05:24:00,pre_open,False
2024-11-03T10:24:00Z,YMH5,2203.3,1672,2202.61,2205.1,2202.4,2203.69,64,down,2024-11-03T05:24:00,pre_open,False
2024-11-03T10:24:00Z,MES,2194.22,1967,2193.27,2194.86,2191.98,2193.26,499,down,2024-11-03T05:24:00,pre_open,False
2024-11-03T10:25:00Z,ESZ4,4567.32,1898,4566.14,4568.78,4564.89,4568.04,21,up,2024-11-03T05:25:00,pre_open,False
2024-11-03T10:25:00Z,NQZ4,19842.31,148,19841.75,19842.91,19841.15,19841.63,431,flat,2024-11-03T05:25:00,pre_open,False
2024-11-03T10:25:00Z,RTYH5,2195.1,314,2196.45,2196.69,2195.1,2194.69,259,flat,2024-11-03T05:25:00,pre_open,False
2024-11-03T10:25:00Z,YMH5,2194.61,807,2194.16,2194.77,2193.22,2194.3,189,down,2024-11-03T05:25:00,pre_open,False
2024-11-03T10:25:00Z,MES,2198.27,494,2199.48,2199.65,2197.92,2198.59,225,down,2024-11-03T05:25:00,pre_open,False
2024-11-03T10:26:00Z,ESZ4,4559.9,1395,4560.61,4561.19,4558.73,4560.45,489,up,2024-11-03T05:26:00,pre_open,False
2024-11-03T10:26:00Z,NQZ4,19842.87,1481,19844.1,19845.34,19841.13,19842.09,485,flat,2024-11-03T05:26:00,pre_open,False
2024-11-03T10:26:00Z,RTYH5,2199.87,1923,2198.37,2201.33,2196.73,2199.52,101,up,2024-11-03T05:26:00,pre_open,False
2024-11-03T10:26:00Z,YMH5,2200.37,659,2200.16,2202.12,2199.13,2200.23,29,down,2024-11-03T05:26:00,pre_open,False
2024-11-03T10:26:00Z,MES,2196.92,1106,2197.92,2197.99,2195.96,2197.89,204,down,2024-11-03T05:26:00,pre_open,False
2024-11-03T10:27:00Z,ESZ4,4563.84,748,4563.13,4565.68,4561.41,4564.48,265,flat,2024-11-03T05:27:00,pre_open,False
2024-11-03T10:27:00Z,NQZ4,19844.3,100,19843.39,19845.21,19841.64,19844.26,62,down,2024-11-03T05:27:00,pre_open,False
2024-11-03T10:27:00Z,RTYH5,2197.4,1366,2198.72,2199.95,2196.13,2197.52,88,up,2024-11-03T05:27:00,pre_open,False
2024-11-03T10:27:00Z,YMH5,2201.58,642,2202.1,2203.4,2201.4,2201.97,418,flat,2024-11-03T05:27:00,pre_open,False
2024-11-03T10:27:00Z,MES,2200.13,1197,2198.76,2201.56,2196.93,2200.71,210,down,2024-11-03T05:27:00,pre_open,False
2024-11-03T10:28:00Z,ESZ4,4565.36,508,4566.47,4567.66,4563.66,4564.55,449,down,2024-11-03T05:28:00,pre_open,False
2024-11-03T10:28:00Z,NQZ4,19841.71,858,19841.84,19842.55,19839.9,19842.22,192,flat,2024-11-03T05:28:00,pre_open,False
2024-11-03T10:28:00Z,RTYH5,2201.09,580,2200.3,2201.84,2198.44,2201.46,451,down,2024-11-03T05:28:00,pre_open,False
2024-11-03T10:28:00Z,YMH5,2194.98,105,2195.93,2197.28,2194.16,2194.26,190,up,2024-11-03T05:28:00,pre_open,False
2024-11-03T10:28:00Z,MES,2199.13,880,2200.53,2201.87,2198.02,2199.38,97,up,2024-11-03T05:28:00,pre_open,False
2024-11-03T10:29:00Z,ESZ4,4564.3,1326,4563.97,4565.05,4562.21,4564.42,20,up,2024-11-03T05:29:00,pre_open,False
2024-11-03T10:29:00Z,NQZ4,19842.94,377,19843.45,19844.08,19842.56,19842.23,105,down,2024-11-03T05:29:00,pre_open,False
2024-11-03T10:29:00Z,RTYH5,2203.4,1889,2202.6,2203.8,2201.64,2203.26,262,down,2024-11-03T05:29:00,pre_open,False
2024-11-03T10:29:00Z,YMH5,2198.55,1774,2197.37,2199.54,2197.28,2198.61,417,up,2024-11-03T05:29:00,pre_open,False
2024-11-03T10:29:00Z,MES,2202.91,1199,2201.8,2204.82,2200.95,2202.15,215,flat,2024-11-03T05:29:00,pre_open,False
2024-11-03T10:30:00Z,ESZ4,4558.36,1396,4558.45,4559.05,4558.17,4557.49,331,flat,2024-11-03T05:30:00,pre_open,False
2024-11-03T10:30:00Z,NQZ4,19841.42,252,19842.62,19844.31,19840.97,19840.64,14,down,2024-11-03T05:30:00,pre_open,False
2024-11-03T10:30:00Z,RTYH5,2202.99,90,2202.43,2204.17,2201.66,2203.98,318,flat,2024-11-03T05:30:00,pre_open,False
2024-11-03T10:30:00Z,YMH5,2196.09,1253,2197.01,2198.51,2195.38,2195.19,55,down,2024-11-03T05:30:00,pre_open,False
2024-11-03T10:30:00Z,MES,2196.55,1219,2197.04,2197.24,2196.51,2197.18,241,flat,2024-11-03T05:30:00,pre_open,False
2024-11-03T10:31:00Z,ESZ4,4564.87,1217,4565.3,4566.41,4563.54,4565.24,210,up,2024-11-03T05:31:00,pre_open,False
2024-11-03T10:31:00Z,NQZ4,19844.22,1721,19843.75,19845.0,19842.14,19844.92,488,down,2024-11-03T05:31:00,pre_open,False
2024-11-03T10:31:00Z,RTYH5,2195.18,784,2194.43,2196.72,2193.9,2196.03,497,flat,2024-11-03T05:31:00,pre_open,False
2024-11-03T10:31:00Z,YMH5,2201.15,1877,2201.39,2202.76,2200.48,2200.56,276,up,2024-11-03T05:31:00,pre_open,False
2024-11-03T10:31:00Z,MES,2195.87,112,2195.91,2196.48,2194.6,2195.6,337,up,2024-11-03T05:31:00,pre_open,False
2024-11-03T10:32:00Z,ESZ4,4566.97,1615,4566.51,4568.2,4564.58,4567.69,223,down,2024-11-03T05:32:00,pre_open,False
2024-11-03T10:32:00Z,NQZ4,19838.02,227,19837.53,19839.71,19837.33,19838.97,99,down,2024-11-03T05:32:00,pre_open,False
2024-11-03T10:32:00Z,RTYH5,2201.34,493,2201.57,2202.74,2201.03,2202.04,183,down,2024-11-03T05:32:00,pre_open,False
2024-11-03T10:32:00Z,YMH5,2202.19,1766,2202.58,2203.85,2200.75,2202.54,391,up,2024-11-03T05:32:00,pre_open,False
2024-11-03T10:32:00Z,MES,2202.0,816,2203.43,2205.18,2201.92,2202.21,244,down,2024-11-03T05:32:00,pre_open,False
2024-11-03T10:33:00Z,ESZ4,4560.16,1532,4559.37,4561.35,4557.58,4560.82,146,flat,2024-11-03T05:33:00,pre_open,False
2024-11-03T10:33:00Z,NQZ4,19835.86,737,19834.51,19837.83,19833.94,19835.11,45,flat,2024-11-03T05:33:00,pre_open,False
2024-11-03T10:33:00Z,RTYH5,2195.72,1521,2194.8,2197.08,2193.86,2196.64,410,flat,2024-11-03T05:33:00,pre_open,False
2024-11-03T10:33:00Z,YMH5,2202.1,735,2203.37,2204.49,2201.25,2201.5,85,up,2024-11-03T05:33:00,pre_open,False
2024-11-03T10:33:00Z,MES,2202.08,1891,2202.29,2203.72,2201.05,2201.24,82,flat,2024-11-03T05:33:00,pre_open,False
2024-11-03T10:34:00Z,ESZ4,4561.2,1627,4561.23,4562.89,4561.12,4561.18,250,up,2024-11-03T05:34:00,pre_open,False
2024-11-03T10:34:00Z,NQZ4,19837.8,1084,19837.31,19839.11,19835.33,19838.51,115,up,2024-11-03T05:34:00,pre_open,False
2024-11-03T10:34:00Z,RTYH5,2202.87,55,2202.51,2203.34,2201.72,2202.28,440,up,2024-11-03T05:34:00,pre_open,False
2024-11-03T10:34:00Z,YMH5,2198.89,527,2197.91,2200.24,2196.16,2199.01,101,flat,2024-11-03T05:34:00,pre_open,False
2024-11-03T10:34:00Z,MES,2196.94,1625,2197.89,2198.32,2196.19,2197.88,374,up,2024-11-03T05:34:00,pre_open,False
2024-11-03T10:35:00Z,ESZ4,4564.35,1541,4565.54,4566.78,4562.93,4563.51,357,flat,2024-11-03T05:35:00,pre_open,False
2024-11-03T10:35:00Z,NQZ4,19836.12,1831,19836.02,19836.2,19835.27,19836.78,186,flat,2024-11-03T05:35:00,pre_open,False
2024-11-03T10:35:00Z,RTYH5,2193.86,1118,2192.54,2195.07,2191.69,2194.81,128,flat,2024-11-03T05:35:00,pre_open,False
2024-11-03T10:35:00Z,YMH5,2194.29,471,2195.59,2196.61,2192.81,2193.87,387,down,2024-11-03T05:35:00,pre_open,False
2024-11-03T10:35:00Z,MES,2203.02,190,2202.3,2203.63,2201.69,2202.84,58,down,2024-11-03T05:35:00,pre_open,False
2024-11-03T10:36:00Z,ESZ4,4565.55,1724,4566.24,4566.25,4565.36,4565.35,266,flat,2024-11-03T05:36:00,pre_open,False
2024-11-03T10:36:00Z,NQZ4,19842.54,887,19842.52,19842.71,19841.19,19841.82,420,down,2024-11-03T05:36:00,pre_open,False
2024-11-03T10:36:00Z,RTYH5,2200.95,211,2201.72,2202.7,2200.61,2200.34,247,flat,2024-11-03T05:36:00,pre_open,False
2024-11-03T10:36:00Z,YMH5,2198.96,1279,2198.22,2199.01,2196.93,2199.37,146,flat,2024-11-03T05:36:00,pre_open,False
2024-11-03T10:36:00Z,MES,2199.72,899,2199.96,2200.73,2198.9,2199.65,313,up,2024-11-03T05:36:00,pre_open,False
2024-11-03T10:37:00Z,ESZ4,4559.61,357,4558.94,4561.52,4558.56,4559.37,44,down,2024-11-03T05:37:00,pre_open,False
2024-11-03T10:37:00Z,NQZ4,19837.53,1605,19837.82,19838.53,19837.44,19838.33,403,up,2024-11-03T05:37:00,pre_open,False
2024-11-03T10:37:00Z,RTYH5,2196.6,1537,2195.57,2197.41,2193.91,2195.77,70,down,2024-11-03T05:37:00,pre_open,False
2024-11-03T10:37:00Z,YMH5,2196.39,1603,2196.44,2197.58,2195.29,2196.0,264,up,2024-11-03T05:37:00,pre_open,False
2024-11-03T10:37:00Z,MES,2197.65,1282,2197.7,2199.63,2197.09,2196.72,95,up,2024-11-03T05:37:00,pre_open,False
2024-11-03T10:38:00Z,ESZ4,4557.81,301,4558.06,4558.66,4556.56,4556.9,10,up,2024-11-03T05:38:00,pre_open,False
2024-11-03T10:38:00Z,NQZ4,19835.34,1170,19834.87,19837.11,19834.08,19835.44,447,down,2024-11-03T05:38:00,pre_open,False
2024-11-03T10:38:00Z,RTYH5,2194.43,480,2193.3,2195.81,2191.84,2194.0,106,flat,2024-11-03T05:38:00,pre_open,False
2024-11-03T10:38:00Z,YMH5,2197.83,1967,2198.06,2198.28,2197.2,2197.02,186,flat,2024-11-03T05:38:00,pre_open,False
2024-11-03T10:38:00Z,MES,2196.79,1865,2196.82,2198.29,2195.41,2196.64,340,flat,2024-11-03T05:38:00,pre_open,False
2024-11-03T10:39:00Z,ESZ4,4562.52,204,4563.37,4563.98,4562.21,4562.28,122,up,2024-11-03T05:39:00,pre_open,False
2024-11-03T10:39:00Z,NQZ4,19842.26,888,19842.98,19843.41,19840.43,19841.66,300,down,2024-11-03T05:39:00,pre_open,False
2024-11-03T10:39:00Z,RTYH5,2195.33,648,2194.63,2196.77,2193.98,2195.82,343,up,2024-11-03T05:39:00,pre_open,False
2024-11-03T10:39:00Z,YMH5,2194.82,1892,2193.79,2195.99,2192.58,2195.41,24,down,2024-11-03T05:39:00,pre_open,False
2024-11-03T10:39:00Z,MES,2201.22,491,2202.22,2203.61,2200.19,2200.87,158,up,2024-11-03T05:39:00,pre_open,False
2024-11-03T10:40:00Z,ESZ4,4565.86,75,4565.98,4567.88,4565.86,4565.89,47,up,2024-11-03T05:40:00,pre_open,False
2024-11-03T10:40:00Z,NQZ4,19844.0,177,19845.34,19847.26,19842.66,19844.01,297,flat,2024-11-03T05:40:00,pre_open,False
2024-11-03T10:40:00Z,RTYH5,2198.87,815,2198.57,2200.86,2196.63,2198.53,126,up,2024-11-03T05:40:00,pre_open,False
2024-11-03T10:40:00Z,YMH5,2202.51,1597,2202.77,2204.36,2202.21,2201.76,263,flat,2024-11-03T05:40:00,pre_open,False
2024-11-03T10:40:00Z,MES,2198.15,410,2196.88,2198.98,2194.92,2197.2,333,down,2024-11-03T05:40:00,pre_open,False
2024-11-03T10:41:00Z,ESZ4,4561.35,1164,4560.43,4561.97,4559.3,4560.42,482,up,2024-11-03T05:41:00,pre_open,False
2024-11-03T10:41:00Z,NQZ4,19835.89,1972,19834.67,19836.1,19833.92,19835.35,366,up,2024-11-03T05:41:00,pre_open,False
2024-11-03T10:41:00Z,RTYH5,2200.65,996,2201.47,2202.98,2199.69,2201.51,488,up,2024-11-03T05:41:00,pre_open,False
2024-11-03T10:41:00Z,YMH5,2199.59,1884,2199.01,2200.35,2197.32,2199.39,185,down,2024-11-03T05:41:00,pre_open,False
2024-11-03T10:41:00Z,MES,2202.33,1662,2202.03,2203.93,2200.63,2203.22,119,flat,2024-11-03T05:41:00,pre_open,False
2024-11-03T10:42:00Z,ESZ4,4566.25,1570,4565.34,4567.32,4565.15,4566.2,338,up,2024-11-03T05:42:00,pre_open,False
2024-11-03T10:42:00Z,NQZ4,19838.17,613,19839.0,19839.39,19837.85,19837.74,407,down,2024-11-03T05:42:00,pre_open,False
2024-11-03T10:42:00Z,RTYH5,2197.16,1308,2197.28,2197.31,2197.04,2196.34,392,up,2024-11-03T05:42:00,pre_open,False
2024-11-03T10:42:00Z,YMH5,2198.97,1011,2198.39,2200.8,2197.4,2198.35,199,down,2024-11-03T05:42:00,pre_open,False
2024-11-03T10:42:00Z,MES,2203.29,481,2204.63,2205.52,2202.46,2204.27,355,up,2024-11-03T05:42:00,pre_open,False
2024-11-03T10:43:00Z,ESZ4,4565.04,1795,4566.38,4568.31,4563.42,4564.05,478,flat,2024-11-03T05:43:00,pre_open,False
2024-11-03T10:43:00Z,NQZ4,19842.86,880,19842.02,19843.13,19840.91,19843.41,258,up,2024-11-03T05:43:00,pre_open,False
2024-11-03T10:43:00Z,RTYH5,2200.99,1398,2202.42,2202.53,2200.02,2201.52,149,up,2024-11-03T05:43:00,pre_open,False
2024-11-03T10:43:00Z,YMH5,2202.54,712,2203.6,2204.11,2200.69,2202.83,130,down,2024-11-03T05:43:00,pre_open,False
2024-11-03T10:43:00Z,MES,2201.49,204,2202.07,2202.15,2200.18,2201.39,240,down,2024-11-03T05:43:00,pre_open,False
2024-11-03T10:44:00Z,ESZ4,4561.23,960,4561.18,4562.4,4560.43,4561.67,341,flat,2024-11-03T05:44:00,pre_open,False
2024-11-03T10:44:00Z,NQZ4,19836.88,1282,19838.23,19838.36,19835.02,19836.01,135,flat,2024-11-03T05:44:00,pre_open,False
2024-11-03T10:44:00Z,RTYH5,2195.67,90,2194.71,2197.09,2192.92,2196.26,89,flat,2024-11-03T05:44:00,pre_open,False
2024-11-03T10:44:00Z,YMH5,2194.29,1871,2194.47,2195.88,2194.08,2194.31,425,up,2024-11-03T05:44:00,pre_open,False
2024-11-03T10:44:00Z,MES,2202.43,1835,2202.83,2203.02,2201.71,2203.07,76,flat,2024-11-03T05:44:00,pre_open,False
2024-11-03T10:45:00Z,ESZ4,4560.05,270,4560.66,4561.3,4558.73,4560.8,320,down,2024-11-03T05:45:00,pre_open,False
2024-11-03T10:45:00Z,NQZ4,19840.52,690,19840.42,19840.65,19840.19,19839.68,56,flat,2024-11-03T05:45:00,pre_open,False
2024-11-03T10:45:00Z,RTYH5,2194.66,693,2195.96,2196.22,2193.05,2194.6,195,up,2024-11-03T05:45:00,pre_open,False
2024-11-03T10:45:00Z,YMH5,2200.49,937,2201.45,2202.02,2198.63,2200.76,40,down,2024-11-03T05:45:00,pre_open,False
2024-11-03T10:45:00Z,MES,2199.05,1354,2197.78,2200.68,2196.54,2199.18,25,flat,2024-11-03T05:45:00,pre_open,False
2024-11-03T10:46:00Z,ESZ4,4560.89,516,4559.65,4561.52,4559.25,4561.36,201,down,2024-11-03T05:46:00,pre_open,False
2024-11-03T10:46:00Z,NQZ4,19841.7,236,19840.21,19843.53,19839.34,19841.13,63,up,2024-11-03T05:46:00,pre_open,False
2024-11-03T10:46:00Z,RTYH5,2199.08,1101,2197.85,2199.56,2196.63,2199.5,401,flat,2024-11-03T05:46:00,pre_open,False
2024-11-03T10:46:00Z,YMH5,2194.03,79,2194.49,2194.94,2193.19,2194.15,176,up,2024-11-03T05:46:00,pre_open,False
2024-11-03T10:46:00Z,MES,2198.49,578,2197.27,2199.05,2196.03,2198.81,186,flat,2024-11-03T05:46:00,pre_open,False
2024-11-03T10:47:00Z,ESZ4,4558.88,1259,4559.75,4560.97,4557.22,4559.78,89,flat,2024-11-03T05:47:00,pre_open,False
2024-11-03T10:47:00Z,NQZ4,19837.31,643,19837.0,19837.86,19835.96,19837.03,238,down,2024-11-03T05:47:00,pre_open,False
2024-11-03T10:47:00Z,RTYH5,2194.23,310,2195.21,2196.82,2194.04,2195.21,255,down,2024-11-03T05:47:00,pre_open,False
2024-11-03T10:47:00Z,YMH5,2194.6,1603,2195.78,2196.47,2193.14,2194.63,396,down,2024-11-03T05:47:00,pre_open,False
2024-11-03T10:47:00Z,MES,2194.43,1529,2195.28,2197.27,2194.02,2193.93,261,flat,2024-11-03T05:47:00,pre_open,False
2024-11-03T10:48:00Z,ESZ4,4565.78,1171,4567.11,4568.91,4564.27,4566.22,202,down,2024-11-03T05:48:00,pre_open,False
2024-11-03T10:48:00Z,NQZ4,19842.03,606,19841.37,19842.11,19840.08,19842.3,217,down,2024-11-03T05:48:00,pre_open,False
2024-11-03T10:48:00Z,RTYH5,2195.53,1583,2196.6,2197.78,2195.17,2196.41,193,flat,2024-11-03T05:48:00,pre_open,False
2024-11-03T10:48:00Z,YMH5,2194.16,1668,2192.79,2195.55,2191.05,2193.23,222,down,2024-11-03T05:48:00,pre_open,False
2024-11-03T10:48:00Z,MES,2193.76,1756,2194.17,2195.9,2192.13,2193.18,414,down,2024-11-03T05:48:00,pre_open,False
2024-11-03T10:49:00Z,ESZ4,4559.23,1492,4559.54,4560.13,4559.12,4559.54,228,down,2024-11-03T05:49:00,pre_open,False
2024-11-03T10:49:00Z,NQZ4,19836.9,1909,19836.52,19838.6,19835.34,19837.65,163,down,2024-11-03T05:49:00,pre_open,False
2024-11-03T10:49:00Z,RTYH5,2196.64,1433,2197.95,2199.91,2195.44,2197.32,290,up,2024-11-03T05:49:00,pre_open,False
2024-11-03T10:49:00Z,YMH5,2194.49,1418,2194.3,2196.39,2194.05,2194.53,44,up,2024-11-03T05:49:00,pre_open,False
2024-11-03T10:49:00Z,MES,2198.48,426,2197.44,2198.9,2196.42,2197.91,279,flat,2024-11-03T05:49:00,pre_open,False
2024-11-03T10:50:00Z,ESZ4,4566.11,1941,4566.34,4567.97,4564.71,4565.81,457,flat,2024-11-03T05:50:00,pre_open,False
2024-11-03T10:50:00Z,NQZ4,19839.14,607,19837.86,19841.1,19837.37,19838.24,320,down,2024-11-03T05:50:00,pre_open,False
2024-11-03T10:50:00Z,RTYH5,2194.61,1781,2194.38,2196.14,2193.68,2193.82,245,up,2024-11-03T05:50:00,pre_open,False
2024-11-03T10:50:00Z,YMH5,2203.36,1423,2204.85,2206.61,2201.97,2203.18,169,up,2024-11-03T05:50:00,pre_open,False
2024-11-03T10:50:00Z,MES,2196.94,157,2197.55,2198.32,2196.86,2197.49,327,up,2024-11-03T05:50:00,pre_open,False
2024-11-03T10:51:00Z,ESZ4,4563.91,528,4564.56,4564.94,4562.69,4564.65,354,up,2024-11-03T05:51:00,pre_open,False
2024-11-03T10:51:00Z,NQZ4,19838.21,1673,19838.83,19839.23,19836.61,19837.4,49,flat,2024-11-03T05:51:00,pre_open,False
2024-11-03T10:51:00Z,RTYH5,2200.21,1817,2201.64,2203.5,2199.72,2200.05,89,up,2024-11-03T05:51:00,pre_open,False
2024-11-03T10:51:00Z,YMH5,2203.06,1468,2203.25,2204.82,2202.0,2202.95,100,up,2024-11-03T05:51:00,pre_open,False
2024-11-03T10:51:00Z,MES,2196.67,759,2196.17,2197.36,2195.32,2196.01,64,down,2024-11-03T05:51:00,pre_open,False
2024-11-03T10:52:00Z,ESZ4,4563.08,453,4563.03,4564.5,4562.89,4562.54,272,down,2024-11-03T05:52:00,pre_open,False
2024-11-03T10:52:00Z,NQZ4,19837.3,823,19836.41,19839.02,19836.32,19836.85,376,up,2024-11-03T05:52:00,pre_open,False
2024-11-03T10:52:00Z,RTYH5,2197.0,622,2195.78,2198.07,2195.29,2197.56,422,up,2024-11-03T05:52:00,pre_open,False
2024-11-03T10:52:00Z,YMH5,2200.75,228,2201.41,2202.38,2199.29,2200.38,148,up,2024-11-03T05:52:00,pre_open,False
2024-11-03T10:52:00Z,MES,2195.81,1843,2195.86,2197.06,2194.18,2195.28,242,up,2024-11-03T05:52:00,pre_open,False
2024-11-03T10:53:00Z,ESZ4,4558.2,600,4557.99,4559.41,4556.95,4557.78,218,flat,2024-11-03T05:53:00,pre_open,False
2024-11-03T10:53:00Z,NQZ4,19835.98,1921,19835.48,19837.34,19834.54,19836.94,331,up,2024-11-03T05:53:00,pre_open,False
2024-11-03T10:53:00Z,RTYH5,2199.46,1901,2198.95,2199.55,2198.8,2199.72,477,up,2024-11-03T05:53:00,pre_open,False
2024-11-03T10:53:00Z,YMH5,2198.05,963,2198.94,2200.64,2197.83,2197.44,201,up,2024-11-03T05:53:00,pre_open,False
2024-11-03T10:53:00Z,MES,2195.75,772,2196.06,2196.22,2195.03,2195.74,181,up,2024-11-03T05:53:00,pre_open,False
2024-11-03T10:54:00Z,ESZ4,4564.51,391,4565.4,4567.16,4563.55,4564.11,148,flat,2024-11-03T05:54:00,pre_open,False
2024-11-03T10:54:00Z,NQZ4,19839.58,1280,19840.46,19841.44,19838.02,19839.39,212,up,2024-11-03T05:54:00,pre_open,False
2024-11-03T10:54:00Z,RTYH5,2202.22,1269,2201.49,2202.63,2200.01,2203.19,364,down,2024-11-03T05:54:00,pre_open,False
2024-11-03T10:54:00Z,YMH5,2197.8,1923,2198.91,2200.43,2196.17,2197.68,221,down,2024-11-03T05:54:00,pre_open,False
2024-11-03T10:54:00Z,MES,2202.92,1300,2202.41,2203.57,2201.15,2203.57,85,up,2024-11-03T05:54:00,pre_open,False
2024-11-03T10:55:00Z,ESZ4,4562.67,1566,4561.67,4562.77,4561.19,4563.22,307,up,2024-11-03T05:55:00,pre_open,False
2024-11-03T10:55:00Z,NQZ4,19838.32,67,19838.8,19838.99,19838.18,19838.69,375,flat,2024-11-03T05:55:00,pre_open,False
2024-11-03T10:55:00Z,RTYH5,2197.46,729,2198.29,2199.43,2195.68,2197.72,197,up,2024-11-03T05:55:00,pre_open,False
2024-11-03T10:55:00Z,YMH5,2201.0,650,2199.82,2201.23,2198.22,2200.09,331,down,2024-11-03T05:55:00,pre_open,False
2024-11-03T10:55:00Z,MES,2195.85,821,2195.66,2196.16,2194.63,2195.15,218,down,2024-11-03T05:55:00,pre_open,False
2024-11-03T10:56:00Z,ESZ4,4562.37,708,4562.38,4563.4,4560.66,4562.5,191,flat,2024-11-03T05:56:00,pre_open,False
2024-11-03T10:56:00Z,NQZ4,19841.36,165,19842.65,19842.87,19839.91,19841.7,183,up,2024-11-03T05:56:00,pre_open,False
2024-11-03T10:56:00Z,RTYH5,2197.34,653,2197.75,2198.2,2197.08,2198.22,268,down,2024-11-03T05:56:00,pre_open,False
2024-11-03T10:56:00Z,YMH5,2195.61,1936,2194.93,2196.58,2193.69,2194.75,141,up,2024-11-03T05:56:00,pre_open,False
2024-11-03T10:56:00Z,MES,2200.66,1852,2200.51,2201.08,2199.03,2201.65,331,down,2024-11-03T05:56:00,pre_open,False
2024-11-03T10:57:00Z,ESZ4,4559.71,528,4559.4,4560.05,4557.76,4558.76,488,down,2024-11-03T05:57:00,pre_open,False
2024-11-03T10:57:00Z,NQZ4,19838.76,492,19838.88,19838.98,19837.9,19838.18,51,up,2024-11-03T05:57:00,pre_open,False
2024-11-03T10:57:00Z,RTYH5,2194.43,1138,2193.41,2196.02,2193.34,2193.97,104,flat,2024-11-03T05:57:00,pre_open,False
2024-11-03T10:57:00Z,YMH5,2201.35,228,2201.04,2201.68,2199.14,2201.69,416,up,2024-11-03T05:57:00,pre_open,False
2024-11-03T10:57:00Z,MES,2198.82,1443,2197.79,2199.92,2196.08,2199.1,187,up,2024-11-03T05:57:00,pre_open,False
2024-11-03T10:58:00Z,ESZ4,4561.44,1134,4560.4,4563.22,4559.6,4562.26,267,down,2024-11-03T05:58:00,pre_open,False
2024-11-03T10:58:00Z,NQZ4,19841.84,1932,19841.14,19843.03,19839.93,19841.69,456,up,2024-11-03T05:58:00,pre_open,False
2024-11-03T10:58:00Z,RTYH5,2198.26,1918,2197.86,2198.32,2197.54,2197.95,221,up,2024-11-03T05:58:00,pre_open,False
2024-11-03T10:58:00Z,YMH5,2198.5,839,2198.14,2200.2,2198.1,2198.57,162,up,2024-11-03T05:58:00,pre_open,False
2024-11-03T10:58:00Z,MES,2202.81,320,2202.02,2204.69,2200.44,2203.35,370,down,2024-11-03T05:58:00,pre_open,False
2024-11-03T10:59:00Z,ESZ4,4558.7,306,4557.89,4559.2,4556.46,4558.92,193,down,2024-11-03T05:59:00,pre_open,False
2024-11-03T10:59:00Z,NQZ4,19844.24,521,19843.09,19844.34,19841.1,19843.87,149,down,2024-11-03T05:59:00,pre_open,False
2024-11-03T10:59:00Z,RTYH5,2197.36,1990,2198.52,2199.63,2197.23,2197.86,92,up,2024-11-03T05:59:00,pre_open,False
2024-11-03T10:59:00Z,YMH5,2202.98,391,2202.73,2204.96,2200.99,2202.91,412,down,2024-11-03T05:59:00,pre_open,False
2024-11-03T10:59:00Z,MES,2197.51,771,2197.01,2197.96,2196.0,2197.01,419,up,2024-11-03T05:59:00,pre_open,False
