date,strategy_return_pct,benchmark_return_pct,excess_return_pct,rolling_vol_30d,drawdown_pct,synthetic_aug
2018-01-02,0.017294,0.00694,0.010354,9.8004,0.0,0
2018-01-03,-0.010417,-0.013924,0.003507,9.4869,-0.0104,0
2018-01-04,0.006967,0.001756,0.005211,11.2656,-0.0034,0
2018-01-05,-0.010918,-0.017448,0.006530,9.3517,-0.0142,0
2018-01-08,-0.000494,0.003527,-0.004021,7.9975,-0.0145,1
2018-01-09,-0.001766,-0.006386,0.004620,9.278,-0.0161,1
2018-01-10,-0.001642,0.002913,-0.004555,9.9616,-0.0177,0
2018-01-11,0.012732,0.00949,0.003242,7.4664,-0.0048,1
2018-01-12,0.009999,0.019825,-0.009826,9.9471,0.0,0
2018-01-15,0.012376,0.019578,-0.007202,11.5028,0.0,0
2018-01-16,-0.002067,-0.004528,0.002461,10.38,-0.002,0
2018-01-17,0.004708,-0.002883,0.007591,10.3853,0.0,0
2018-01-18,0.002092,0.000305,0.001787,9.3232,0.0,0
2018-01-19,0.003934,0.005087,-0.001153,8.298,0.0,1
2018-01-22,-0.022551,-0.014366,-0.008185,10.2615,-0.0225,0
2018-01-23,0.009054,-0.000253,0.009307,10.6908,-0.0134,0
2018-01-24,-0.000173,-0.001586,0.001413,8.1748,-0.0134,1
2018-01-25,-0.017810,-0.008445,-0.009365,11.7003,-0.0312,0
2018-01-26,0.005717,0.003293,0.002424,8.5525,-0.0252,1
2018-01-29,-0.001869,0.001213,-0.003082,9.7885,-0.0271,0
2018-01-30,0.006918,0.0052,0.001718,8.3333,-0.02,1
2018-01-31,-0.013186,-0.009935,-0.003251,9.5187,-0.0331,0
2018-02-01,0.001056,-0.001,0.002056,10.0586,-0.032,0
2018-02-02,0.007314,-0.000512,0.007826,10.7033,-0.0246,0
2018-02-05,-0.005492,-0.007161,0.001669,7.6579,-0.0299,1
2018-02-06,-0.008269,0.000465,-0.008734,9.2892,-0.0382,0
2018-02-07,0.000393,-0.004153,0.004546,7.6965,-0.0376,1
2018-02-08,0.003580,-0.002645,0.006225,7.8598,-0.0338,1
2018-02-09,0.011985,0.013931,-0.001946,11.2461,-0.0218,0
2018-02-12,0.003115,0.000555,0.002560,10.3501,-0.0186,0
2018-02-13,-0.007649,-0.000779,-0.006870,9.8216,-0.0262,0
2018-02-14,0.005787,-0.00311,0.008897,8.9226,-0.0202,1
2018-02-15,0.001731,0.002091,-0.000360,10.2551,-0.0185,0
2018-02-16,0.000846,-0.000961,0.001807,10.1474,-0.0176,0
2018-02-19,-0.006363,0.001643,-0.008006,9.5705,-0.0239,0
2018-02-20,0.008374,0.007657,0.000717,8.3437,-0.0153,1
2018-02-21,-0.010624,-0.002305,-0.008319,9.9706,-0.0259,0
2018-02-22,-0.010649,-0.01048,-0.000169,11.2579,-0.0365,0
2018-02-23,0.003749,0.006205,-0.002456,6.778,-0.0326,1
2018-02-26,-0.013559,-0.012681,-0.000878,10.5433,-0.0461,0
2018-02-27,0.010087,0.005338,0.004749,8.5657,-0.0358,1
2018-02-28,-0.001705,-0.001328,-0.000377,8.3283,-0.0373,1
2018-03-01,0.005065,0.003088,0.001977,10.3851,-0.0322,0
2018-03-02,0.023622,0.008563,0.015059,10.2015,-0.0085,0
2018-03-05,0.002287,-0.004862,0.007149,11.3699,-0.0062,0
2018-03-06,0.001325,-0.002471,0.003796,8.6449,-0.0048,0
2018-03-07,-0.001001,0.002858,-0.003859,10.1755,-0.0058,0
2018-03-08,0.006952,0.000522,0.006430,11.1065,0.0,0
2018-03-09,-0.007542,-0.003374,-0.004168,11.2672,-0.0075,0
2018-03-12,0.011938,0.001378,0.010560,12.0148,0.0,0
2018-03-13,0.000714,-0.008123,0.008837,11.8004,0.0,0
2018-03-14,0.008622,0.011542,-0.002920,7.4112,0.0,1
2018-03-15,-0.012058,-2.5e-05,-0.012033,10.587,-0.012,0
2018-03-16,0.029423,0.019609,0.009814,7.8772,0.0,1
2018-03-19,-0.010311,-0.002634,-0.007677,10.3366,-0.0103,0
2018-03-20,0.006403,0.0009,0.005503,7.2772,-0.0037,1
2018-03-21,-0.022540,-0.021528,-0.001012,11.1765,-0.0262,0
2018-03-22,0.012675,0.014733,-0.002058,9.5577,-0.0135,0
2018-03-23,0.003688,0.011401,-0.007713,10.8409,-0.0097,0
2018-03-26,-0.018049,-0.010285,-0.007764,9.5457,-0.0277,0
2018-03-27,0.018473,0.019054,-0.000581,8.1132,-0.0091,1
2018-03-28,0.005508,0.0006,0.004908,10.3552,-0.0035,0
2018-03-29,-0.007683,-0.00727,-0.000413,6.8538,-0.011,1
2018-03-30,-0.002968,-0.000356,-0.002612,9.9845,-0.0139,0
2018-04-02,-0.007780,0.001717,-0.009497,11.3071,-0.0217,0
2018-04-03,-0.012323,-0.010615,-0.001708,9.5175,-0.0339,0
2018-04-04,0.019529,0.012705,0.006824,10.4233,-0.0144,0
2018-04-05,0.005366,0.002125,0.003241,8.6441,-0.0088,1
2018-04-06,0.017824,0.005957,0.011867,11.0885,0.0,0
2018-04-09,0.001555,-6e-06,0.001561,11.4315,0.0,0
2018-04-10,-0.001979,-0.000567,-0.001412,10.7079,-0.0019,0
2018-04-11,-0.007737,-0.003019,-0.004718,10.9045,-0.0096,0
2018-04-12,-0.010324,-0.007292,-0.003032,12.7642,-0.0199,0
2018-04-13,-0.009990,-0.013898,0.003908,9.4582,-0.0299,0
2018-04-16,-0.005867,-0.0148,0.008933,8.5597,-0.0357,0
2018-04-17,-0.007081,-0.009255,0.002174,7.9923,-0.0426,1
2018-04-18,0.008655,-0.000448,0.009103,10.9015,-0.0339,0
2018-04-19,0.007977,0.008546,-0.000569,9.8234,-0.0259,0
2018-04-20,-0.004484,-0.010769,0.006285,8.803,-0.0303,0
2018-04-23,-0.001346,-0.004878,0.003532,7.843,-0.0314,1
2018-04-24,-0.002924,-0.003539,0.000615,6.5718,-0.0342,1
2018-04-25,0.014554,0.008691,0.005863,9.9858,-0.0196,0
2018-04-26,0.013257,0.009447,0.003810,11.1717,-0.0063,0
2018-04-27,-0.014181,0.000989,-0.015170,10.0876,-0.0204,0
2018-04-30,0.005859,0.006453,-0.000594,8.9169,-0.0145,0
2018-05-01,0.009836,0.011088,-0.001252,10.7813,-0.0046,0
2018-05-02,0.017594,0.008446,0.009148,10.9132,0.0,0
2018-05-03,0.007178,0.007974,-0.000796,11.076,0.0,0
2018-05-04,0.002057,-0.001396,0.003453,11.2222,0.0,0
2018-05-07,-0.007894,-0.010354,0.002460,9.3613,-0.0079,0
2018-05-08,0.004628,-0.004304,0.008932,10.423,-0.0032,0
2018-05-09,0.002056,-0.003924,0.005980,11.0412,-0.0011,0
2018-05-10,-0.010853,-0.002752,-0.008101,8.3908,-0.0117,1
2018-05-11,0.015764,0.008217,0.007547,10.238,0.0,0
2018-05-14,-0.001370,0.006768,-0.008138,7.9431,-0.0012,1
2018-05-15,0.012987,0.002319,0.010668,9.0619,0.0,0
2018-05-16,0.005084,-0.002248,0.007332,10.3614,0.0,0
2018-05-17,-0.003287,-0.009299,0.006012,11.8232,-0.0032,0
2018-05-18,0.001928,0.002755,-0.000827,10.5881,-0.0013,0
2018-05-21,-0.000153,-0.001314,0.001161,10.3675,-0.0014,0
2018-05-22,0.028666,0.013966,0.014700,9.5387,0.0,0
2018-05-23,0.011462,0.009924,0.001538,11.6652,0.0,0
2018-05-24,0.020772,0.014729,0.006043,7.7524,0.0,1
2018-05-25,0.003309,0.001008,0.002301,7.5404,0.0,1
2018-05-28,0.005079,0.001142,0.003937,11.2164,0.0,0
2018-05-29,0.006830,0.006542,0.000288,11.7113,0.0,0
2018-05-30,-0.018861,-0.009046,-0.009815,8.6612,-0.0187,1
2018-05-31,-0.014750,-0.017561,0.002811,9.2156,-0.0332,1
2018-06-01,-0.004575,-0.007254,0.002679,9.3425,-0.0376,1
2018-06-04,0.007453,0.008755,-0.001302,9.5093,-0.0301,0
2018-06-05,-0.000685,0.018263,-0.018948,11.1505,-0.0307,0
2018-06-06,0.006906,0.0021,0.004806,8.2212,-0.0236,1
2018-06-07,0.014484,0.003719,0.010765,9.9212,-0.0091,0
2018-06-08,0.010571,0.017084,-0.006513,10.6408,0.0,0
2018-06-11,0.002181,0.007359,-0.005178,9.9786,0.0,0
2018-06-12,-0.006962,-0.008206,0.001244,8.9371,-0.0068,1
2018-06-13,0.008469,-0.000678,0.009147,9.6768,0.0,0
2018-06-14,-0.009703,0.004542,-0.014245,10.4687,-0.0097,0
2018-06-15,0.000172,0.000143,0.000029,10.4746,-0.0094,0
2018-06-18,0.002076,-0.000736,0.002812,7.1635,-0.0072,1
2018-06-19,-0.008964,-0.005943,-0.003021,10.1843,-0.0161,0
2018-06-20,-0.012071,-0.009048,-0.003023,8.8027,-0.028,1
2018-06-21,0.000376,0.011927,-0.011551,9.2871,-0.0275,0
2018-06-22,-0.022840,-0.015891,-0.006949,7.8192,-0.0502,1
2018-06-25,0.000830,-0.003186,0.004016,11.3772,-0.0493,0
2018-06-26,-0.007818,-0.003617,-0.004201,11.958,-0.0571,0
2018-06-27,-0.001488,-0.001433,-0.000055,8.0762,-0.0584,1
2018-06-28,0.002838,0.001073,0.001765,7.49,-0.0553,1
2018-06-29,0.009676,0.009987,-0.000311,9.1294,-0.0456,0
2018-07-02,0.001797,0.002427,-0.000630,7.747,-0.0436,1
2018-07-03,-0.002774,-0.000562,-0.002212,10.5455,-0.0464,0
2018-07-04,0.013858,0.009227,0.004631,10.5005,-0.0325,0
2018-07-05,-0.008290,-0.001555,-0.006735,7.8161,-0.0406,1
2018-07-06,0.012355,-0.003154,0.015509,9.6404,-0.0282,0
2018-07-09,0.001204,0.008017,-0.006813,11.1845,-0.0269,0
2018-07-10,-0.001173,-0.006949,0.005776,10.6262,-0.028,0
2018-07-11,0.007457,0.011054,-0.003597,10.0214,-0.0206,0
2018-07-12,-0.008288,-0.006967,-0.001321,8.6574,-0.0286,1
2018-07-13,0.003155,0.005076,-0.001921,10.134,-0.0254,0
2018-07-16,-0.010166,-0.007723,-0.002443,6.1287,-0.0354,1
2018-07-17,-0.013350,-0.00156,-0.011790,9.9865,-0.0487,0
2018-07-18,0.007883,0.003241,0.004642,7.0102,-0.0406,1
2018-07-19,-0.001905,0.005502,-0.007407,11.4608,-0.0425,0
2018-07-20,0.005247,0.010196,-0.004949,7.035,-0.037,1
2018-07-23,0.002508,0.005069,-0.002561,10.1895,-0.0345,0
2018-07-24,0.023086,0.017307,0.005779,10.3075,-0.0114,0
2018-07-25,-0.003606,-0.006081,0.002475,11.0979,-0.0149,0
2018-07-26,0.012111,0.007677,0.004434,9.1827,-0.0028,0
2018-07-27,-0.009242,-0.0052,-0.004042,7.9029,-0.0118,1
2018-07-30,-0.013513,-0.019066,0.005553,10.3128,-0.0253,0
2018-07-31,-0.003277,0.004868,-0.008145,9.8915,-0.0285,0
2018-08-01,0.018482,0.008878,0.009604,10.5849,-0.01,0
2018-08-02,-0.016073,-0.015047,-0.001026,9.1599,-0.026,0
2018-08-03,0.007483,0.009599,-0.002116,7.3979,-0.0184,1
2018-08-06,0.002549,-0.00241,0.004959,11.6969,-0.0158,0
2018-08-07,-0.003372,-0.003029,-0.000343,10.1826,-0.0191,0
2018-08-08,-0.008933,-0.010736,0.001803,8.2567,-0.0278,1
2018-08-09,-0.007063,-0.009347,0.002284,10.8082,-0.0349,0
2018-08-10,0.010220,0.003513,0.006707,6.2177,-0.0244,1
2018-08-13,0.001031,-0.003866,0.004897,10.1374,-0.0234,0
2018-08-14,0.018744,0.015446,0.003298,7.7137,-0.0044,1
2018-08-15,-0.023414,-0.009604,-0.013810,10.4655,-0.0278,0
2018-08-16,0.016129,0.003147,0.012982,10.2526,-0.0116,0
2018-08-17,-0.003450,-0.00585,0.002400,9.5921,-0.015,0
2018-08-20,-0.000432,0.005642,-0.006074,7.9013,-0.0153,1
2018-08-21,0.001133,0.005154,-0.004021,7.7017,-0.0139,1
2018-08-22,-0.002467,-0.010244,0.007777,11.5124,-0.0164,0
2018-08-23,-0.001771,-0.004154,0.002383,10.6376,-0.0181,0
2018-08-24,-0.000843,-0.002099,0.001256,11.1533,-0.0189,0
2018-08-27,0.026129,0.017281,0.008848,9.233,0.0,1
2018-08-28,-0.015244,-0.007294,-0.007950,10.3451,-0.0152,0
2018-08-29,0.000546,-0.001474,0.002020,6.9169,-0.0145,1
2018-08-30,-0.006615,-0.004255,-0.002360,12.6414,-0.021,0
2018-08-31,-0.003434,-0.003394,-0.000040,7.3139,-0.0243,1
2018-09-03,-0.000128,0.013775,-0.013903,10.21,-0.0243,0
2018-09-04,0.001917,0.003005,-0.001088,11.8501,-0.0224,0
2018-09-05,0.004873,-0.005947,0.010820,10.2812,-0.0175,0
2018-09-06,0.000267,0.011383,-0.011116,11.4721,-0.0172,0
2018-09-07,0.011172,0.007993,0.003179,8.9647,-0.0058,1
2018-09-10,-0.009786,-0.005316,-0.004470,10.363,-0.0155,0
2018-09-11,-0.003625,-0.001595,-0.002030,10.3206,-0.0191,0
2018-09-12,0.006363,-0.001695,0.008058,10.3583,-0.0127,0
2018-09-13,0.007738,-0.001305,0.009043,10.4109,-0.0049,0
2018-09-14,0.011417,0.007226,0.004191,6.7502,0.0,1
2018-09-17,0.016616,0.015195,0.001421,11.7658,0.0,0
2018-09-18,0.003733,0.002506,0.001227,9.8652,0.0,0
2018-09-19,-0.011163,-0.010755,-0.000408,10.514,-0.0111,0
2018-09-20,0.001632,0.004255,-0.002623,10.0179,-0.0094,0
2018-09-21,0.000017,0.002692,-0.002675,9.5206,-0.0094,0
2018-09-24,0.016294,0.006738,0.009556,8.2512,0.0,1
2018-09-25,0.005534,0.008107,-0.002573,11.8321,0.0,0
2018-09-26,0.002581,0.003118,-0.000537,10.0379,0.0,0
2018-09-27,0.015317,0.014246,0.001071,10.0131,0.0,0
2018-09-28,-0.000397,0.003095,-0.003492,8.9089,-0.0004,0
2018-10-01,0.013452,0.008974,0.004478,8.7418,0.0,0
2018-10-02,-0.019700,-0.020273,0.000573,10.0797,-0.0197,0
2018-10-03,0.021566,0.017489,0.004077,9.9424,0.0,0
2018-10-04,-0.002646,-0.004636,0.001990,9.4974,-0.0024,1
2018-10-05,-0.016157,-0.008067,-0.008090,10.106,-0.0186,0
2018-10-08,-0.000492,0.003908,-0.004400,10.0547,-0.019,0
2018-10-09,-0.008105,-0.005549,-0.002556,8.0632,-0.0269,1
2018-10-10,0.020086,0.019097,0.000989,8.6582,-0.0068,0
2018-10-11,0.002188,-0.000305,0.002493,9.0811,-0.0046,0
2018-10-12,-0.009975,-0.006211,-0.003764,7.3992,-0.0143,1
2018-10-15,-0.006220,-0.012138,0.005918,7.8447,-0.0204,1
2018-10-16,0.003476,0.003923,-0.000447,10.1074,-0.0168,0
2018-10-17,-0.002964,-0.004031,0.001067,7.9201,-0.0196,1
2018-10-18,0.003854,0.001865,0.001989,9.4312,-0.0156,1
2018-10-19,0.002554,-0.000978,0.003532,7.5715,-0.0128,1
2018-10-22,0.009163,-0.001403,0.010566,10.0533,-0.0036,0
2018-10-23,0.016495,0.01675,-0.000255,10.6642,0.0,0
2018-10-24,0.004408,-0.005423,0.009831,9.5374,0.0,0
2018-10-25,0.007965,0.01186,-0.003895,7.7592,0.0,1
2018-10-26,0.004705,-0.005442,0.010147,9.6934,0.0,0
2018-10-29,-0.007362,-0.012946,0.005584,8.8773,-0.0073,0
2018-10-30,0.003721,-1.3e-05,0.003734,8.9216,-0.0036,0
2018-10-31,0.026508,0.022149,0.004359,10.1933,0.0,0
2018-11-01,0.011576,0.002301,0.009275,9.4133,0.0,1
2018-11-02,0.012495,0.01264,-0.000145,7.8932,0.0,1
2018-11-05,0.016010,0.01616,-0.000150,11.2268,0.0,0
2018-11-06,-0.005552,0.001201,-0.006753,11.7252,-0.0055,0
2018-11-07,0.006074,0.009219,-0.003145,10.851,0.0,0
2018-11-08,0.006143,0.009819,-0.003676,9.668,0.0,0
2018-11-09,0.005063,0.004925,0.000138,9.1232,0.0,1
2018-11-12,-0.002291,-0.002083,-0.000208,6.356,-0.0021,1
2018-11-13,0.003013,0.005292,-0.002279,12.195,0.0,0
2018-11-14,-0.003015,0.001282,-0.004297,9.9165,-0.003,0
2018-11-15,-0.005667,0.000952,-0.006619,10.3513,-0.0086,0
2018-11-16,-0.000361,-0.001465,0.001104,9.6768,-0.0089,0
2018-11-19,-0.002319,-0.012222,0.009903,10.9175,-0.0112,0
2018-11-20,-0.009058,-0.004444,-0.004614,10.738,-0.0202,0
2018-11-21,-0.015478,-0.003826,-0.011652,11.0289,-0.0356,0
2018-11-22,0.000752,-0.001111,0.001863,7.0252,-0.0347,1
2018-11-23,-0.014941,-0.014336,-0.000605,9.3166,-0.0494,1
2018-11-26,-0.010127,-0.006372,-0.003755,10.7103,-0.0595,0
2018-11-27,-0.002303,-0.001741,-0.000562,7.1687,-0.0616,1
2018-11-28,-0.009253,-0.013553,0.004300,5.9383,-0.0707,1
2018-11-29,0.012181,0.004479,0.007702,9.4608,-0.0583,1
2018-11-30,-0.013949,-0.006342,-0.007607,9.7888,-0.0722,0
2018-12-03,0.002326,0.008764,-0.006438,11.6803,-0.0698,0
2018-12-04,-0.011320,-0.016104,0.004784,8.8124,-0.0809,1
2018-12-05,-0.005468,0.002702,-0.008170,10.0798,-0.0864,0
2018-12-06,-0.004763,-0.003991,-0.000772,9.5974,-0.0911,0
2018-12-07,0.001725,-0.002236,0.003961,10.227,-0.0893,0
2018-12-10,-0.004142,0.000606,-0.004748,7.997,-0.0932,1
2018-12-11,0.011708,0.012436,-0.000728,8.7344,-0.0814,1
2018-12-12,0.004903,-0.00325,0.008153,8.5951,-0.0763,1
2018-12-13,0.018621,0.003208,0.015413,9.8462,-0.0576,0
2018-12-14,-0.003069,0.003299,-0.006368,10.2706,-0.0606,0
2018-12-17,0.004357,0.013361,-0.009004,10.5865,-0.0562,0
2018-12-18,-0.010611,-0.009618,-0.000993,10.4815,-0.0668,0
2018-12-19,-0.008166,-0.007818,-0.000348,12.0673,-0.0749,0
2018-12-20,0.008933,-0.002082,0.011015,10.2195,-0.0659,0
2018-12-21,0.000437,-0.009141,0.009578,9.0804,-0.0655,0
2018-12-24,0.016975,0.020322,-0.003347,9.9257,-0.0485,0
2018-12-25,0.000917,0.013909,-0.012992,9.6752,-0.0475,0
2018-12-26,0.018602,0.01496,0.003642,10.5645,-0.0289,0
2018-12-27,-0.007490,-0.005363,-0.002127,10.7947,-0.0363,0
2018-12-28,0.016720,0.007364,0.009356,10.8416,-0.0196,0
2018-12-31,-0.001098,-0.002242,0.001144,8.483,-0.0205,1
2019-01-01,0.004948,0.004722,0.000226,9.5224,-0.0155,0
2019-01-02,-0.002144,-0.001735,-0.000409,9.956,-0.0176,0
2019-01-03,-0.015823,-0.008611,-0.007212,9.3045,-0.0334,0
2019-01-04,-0.001642,-0.001572,-0.000070,10.6848,-0.035,0
2019-01-07,0.018046,0.009954,0.008092,10.5187,-0.0169,0
2019-01-08,0.001099,-0.000701,0.001800,8.1895,-0.0156,1
2019-01-09,-0.005248,-0.005329,0.000081,6.7108,-0.0206,1
2019-01-10,-0.008723,-0.004405,-0.004318,10.0538,-0.0293,0
2019-01-11,0.001381,-0.000256,0.001637,11.1002,-0.0279,0
2019-01-14,0.016979,0.008207,0.008772,8.7152,-0.0107,1
2019-01-15,-0.021978,-0.018821,-0.003157,10.0291,-0.0326,0
2019-01-16,0.006481,0.000168,0.006313,9.5637,-0.0261,0
2019-01-17,0.004462,0.003928,0.000534,9.808,-0.0216,0
2019-01-18,-0.001400,-0.005535,0.004135,10.0212,-0.023,0
2019-01-21,-0.002161,-0.001094,-0.001067,6.0783,-0.0249,1
2019-01-22,0.002074,-0.000766,0.002840,9.7414,-0.0228,0
2019-01-23,0.002567,0.00762,-0.005053,11.7861,-0.0202,0
2019-01-24,-0.003875,0.00331,-0.007185,10.9167,-0.024,0
2019-01-25,0.005483,-0.003291,0.008774,10.5865,-0.0185,0
2019-01-28,-0.002026,-0.000804,-0.001222,10.2815,-0.0205,0
2019-01-29,0.001425,0.002535,-0.001110,9.3036,-0.0189,1
2019-01-30,-0.017711,-0.011501,-0.006210,9.1178,-0.0365,0
2019-01-31,-0.004131,-0.000166,-0.003965,10.5925,-0.0406,0
2019-02-01,0.000602,-0.005702,0.006304,7.8186,-0.0398,1
2019-02-04,0.018664,0.007478,0.011186,10.7851,-0.0211,0
2019-02-05,0.008338,0.006578,0.001760,10.6993,-0.0128,0
2019-02-06,0.014307,0.006441,0.007866,10.7003,0.0,0
2019-02-07,-0.026862,-0.01297,-0.013892,11.5743,-0.0268,0
2019-02-08,0.002795,-0.012044,0.014839,10.0211,-0.024,0
2019-02-11,0.004989,0.003075,0.001914,12.6706,-0.019,0
2019-02-12,0.011050,0.001706,0.009344,9.8029,-0.0079,0
2019-02-13,0.004197,0.005172,-0.000975,10.3546,-0.0036,0
2019-02-14,-0.009225,-0.009388,0.000163,11.1822,-0.0128,0
2019-02-15,0.006748,0.000503,0.006245,10.5547,-0.006,0
2019-02-18,-0.000772,0.00594,-0.006712,8.6157,-0.0066,1
2019-02-19,0.018599,0.005394,0.013205,9.2743,0.0,0
2019-02-20,-0.011780,-0.014093,0.002313,8.8951,-0.0117,0
2019-02-21,-0.010237,-0.006531,-0.003706,10.2154,-0.0219,0
2019-02-22,0.004454,-0.002599,0.007053,10.2314,-0.0174,0
2019-02-25,0.014718,0.015831,-0.001113,8.2043,-0.0025,1
2019-02-26,0.028666,0.013894,0.014772,9.3515,0.0,0
2019-02-27,0.006702,-0.007038,0.013740,8.124,0.0,1
2019-02-28,-0.008345,-0.000891,-0.007454,11.6454,-0.0083,0
2019-03-01,-0.003627,0.001655,-0.005282,10.4822,-0.0119,0
2019-03-04,0.011123,0.010043,0.001080,8.5045,-0.0006,1
2019-03-05,0.003314,-0.001244,0.004558,9.5595,0.0,0
2019-03-06,-0.002194,-0.000232,-0.001962,11.7442,-0.0022,0
2019-03-07,0.004780,0.00173,0.003050,7.2565,0.0,1
2019-03-08,-0.026165,-0.012249,-0.013916,10.0273,-0.0261,0
2019-03-11,-0.009515,-0.000763,-0.008752,8.0607,-0.0354,1
2019-03-12,0.002140,0.00223,-0.000090,10.6219,-0.0333,0
2019-03-13,0.005706,0.00525,0.000456,9.2512,-0.0274,1
2019-03-14,0.017000,0.014443,0.002557,10.2613,-0.0103,0
2019-03-15,0.006500,0.001201,0.005299,9.455,-0.0038,0
2019-03-18,0.006746,-0.003281,0.010027,11.8601,0.0,0
2019-03-19,-0.002693,0.001176,-0.003869,5.6365,-0.0025,1
2019-03-20,-0.010661,-0.003287,-0.007374,9.8037,-0.0131,0
2019-03-21,0.010300,0.012761,-0.002461,8.1188,-0.0026,1
2019-03-22,-0.010360,-0.007084,-0.003276,9.6802,-0.0129,0
2019-03-25,0.002157,0.002054,0.000103,9.5517,-0.0107,0
2019-03-26,-0.015848,-0.012996,-0.002852,8.1615,-0.0264,1
2019-03-27,-0.003702,-0.005243,0.001541,7.2143,-0.0299,1
2019-03-28,0.007527,0.004143,0.003384,10.8331,-0.0223,0
2019-03-29,-0.006375,-0.002292,-0.004083,10.4309,-0.0286,0
2019-04-01,-0.010822,-0.011424,0.000602,10.5558,-0.0394,0
2019-04-02,-0.013506,-0.00915,-0.004356,10.5452,-0.0529,0
2019-04-03,0.012778,0.006751,0.006027,9.5792,-0.0401,0
2019-04-04,-0.002553,-0.01168,0.009127,9.4541,-0.0426,0
2019-04-05,-0.003980,-6.1e-05,-0.003919,9.094,-0.0465,0
2019-04-08,0.000288,-0.004005,0.004293,9.791,-0.0462,0
2019-04-09,-0.002817,0.003062,-0.005879,9.7624,-0.049,0
2019-04-10,-0.012167,-0.015129,0.002962,11.4964,-0.0611,0
2019-04-11,-0.023609,-0.015117,-0.008492,9.7048,-0.0846,0
2019-04-12,-0.005836,-0.005494,-0.000342,8.0883,-0.0903,1
2019-04-15,0.002521,0.000655,0.001866,9.4806,-0.0877,0
2019-04-16,0.007768,-0.000576,0.008344,9.9736,-0.0799,0
2019-04-17,0.009377,0.002331,0.007046,8.8933,-0.0705,0
2019-04-18,-0.005876,0.005171,-0.011047,10.969,-0.0763,0
2019-04-19,-0.003694,-0.004714,0.001020,9.6548,-0.08,0
2019-04-22,0.000488,0.00206,-0.001572,10.5914,-0.0794,0
2019-04-23,0.006865,0.000809,0.006056,8.3336,-0.0724,1
2019-04-24,-0.023812,-0.013593,-0.010219,9.7113,-0.096,1
2019-04-25,0.004113,0.006378,-0.002265,7.2981,-0.0917,1
2019-04-26,0.014525,0.004649,0.009876,9.3193,-0.0771,0
2019-04-29,0.001749,-0.002107,0.003856,9.7668,-0.0753,0
2019-04-30,0.010332,0.005688,0.004644,9.4485,-0.0648,1
2019-05-01,0.006487,-0.003947,0.010434,10.0055,-0.0583,0
2019-05-02,-0.003443,-0.00111,-0.002333,9.9635,-0.0617,0
2019-05-03,-0.004282,0.002664,-0.006946,9.9072,-0.0659,0
2019-05-06,0.008696,0.005789,0.002907,8.4631,-0.057,1
2019-05-07,-0.025762,-0.010204,-0.015558,11.2788,-0.0827,0
2019-05-08,0.010451,0.002366,0.008085,8.9494,-0.0721,1
2019-05-09,0.006189,0.004317,0.001872,10.1686,-0.0659,0
2019-05-10,-0.006036,-0.005051,-0.000985,10.0181,-0.0719,0
2019-05-13,0.002305,-0.000312,0.002617,11.689,-0.0695,0
2019-05-14,0.000539,0.00076,-0.000221,10.2548,-0.0689,0
2019-05-15,0.010366,0.008119,0.002247,10.3436,-0.0585,0
2019-05-16,0.009928,-0.000335,0.010263,9.2181,-0.0486,0
2019-05-17,-0.018527,-0.017207,-0.001320,7.3201,-0.0669,1
2019-05-20,0.005720,0.012424,-0.006704,9.8275,-0.0611,0
2019-05-21,0.013955,0.010108,0.003847,10.3723,-0.0471,0
2019-05-22,0.018011,0.011968,0.006043,7.6134,-0.0289,1
2019-05-23,0.005185,0.00153,0.003655,7.4602,-0.0235,1
2019-05-24,0.017070,0.007875,0.009195,9.6832,-0.0064,0
2019-05-27,-0.004308,-0.008902,0.004594,12.095,-0.0107,0
2019-05-28,0.015342,0.002283,0.013059,9.9882,0.0,0
2019-05-29,-0.009391,-0.008669,-0.000722,11.0177,-0.0093,0
2019-05-30,-0.012024,-0.0137,0.001676,11.741,-0.0213,0
2019-05-31,0.006913,0.00804,-0.001127,11.9595,-0.0144,0
2019-06-03,0.004924,0.006432,-0.001508,12.625,-0.0094,0
2019-06-04,0.021424,0.009162,0.012262,11.0125,0.0,0
2019-06-05,-0.016092,-0.008092,-0.008000,10.8085,-0.0161,0
2019-06-06,0.000973,0.004492,-0.003519,10.1324,-0.015,0
2019-06-07,-0.000097,0.002671,-0.002768,10.402,-0.0151,0
2019-06-10,-0.011045,-0.011782,0.000737,10.3121,-0.0261,0
2019-06-11,-0.005675,-0.004482,-0.001193,9.844,-0.0317,0
2019-06-12,0.015225,0.010459,0.004766,12.647,-0.0165,0
2019-06-13,0.013350,0.008972,0.004378,9.5769,-0.0031,0
2019-06-14,-0.004766,0.000433,-0.005199,8.3784,-0.0076,1
2019-06-17,0.006156,-0.006517,0.012673,10.2641,-0.0014,0
2019-06-18,0.010610,0.003607,0.007003,12.4314,0.0,0
2019-06-19,-0.004451,0.000448,-0.004899,9.3845,-0.0044,0
2019-06-20,-0.001417,0.008548,-0.009965,10.5731,-0.0058,0
2019-06-21,-0.017371,-0.009637,-0.007734,8.7482,-0.023,1
2019-06-24,-0.003023,-0.000569,-0.002454,10.3285,-0.0259,0
2019-06-25,-0.002232,0.001152,-0.003384,11.2589,-0.0281,0
2019-06-26,0.006689,0.007838,-0.001149,10.5645,-0.0214,0
2019-06-27,0.001334,-0.007957,0.009291,10.5068,-0.02,0
2019-06-28,0.003234,-0.000151,0.003385,11.2435,-0.0167,0
2019-07-01,-0.014212,-0.00614,-0.008072,10.311,-0.0309,0
2019-07-02,-0.002110,0.002757,-0.004867,10.8794,-0.033,0
2019-07-03,0.025175,0.014303,0.010872,10.1861,-0.0078,0
2019-07-04,0.011786,0.001253,0.010533,7.5344,0.0,1
2019-07-05,-0.003949,0.002641,-0.006590,9.9271,-0.0039,0
2019-07-08,0.010085,0.00498,0.005105,10.7056,0.0,0
2019-07-09,0.008101,0.001433,0.006668,5.8441,0.0,1
2019-07-10,-0.006178,-0.012662,0.006484,10.4868,-0.0061,0
2019-07-11,0.005136,0.003388,0.001748,9.5347,-0.0008,1
2019-07-12,-0.002862,0.004016,-0.006878,8.8703,-0.0036,0
2019-07-15,-0.009771,-0.001587,-0.008184,10.5854,-0.0133,0
2019-07-16,0.004939,0.002561,0.002378,11.0059,-0.0084,0
2019-07-17,0.004637,0.001928,0.002709,10.9099,-0.0037,0
2019-07-18,-0.007024,-0.004241,-0.002783,7.0378,-0.0105,1
2019-07-19,-0.001168,-0.008556,0.007388,9.4217,-0.0116,0
2019-07-22,0.001689,-0.00298,0.004669,11.243,-0.0099,0
2019-07-23,-0.018009,-0.012311,-0.005698,10.3385,-0.0279,0
2019-07-24,-0.017193,-0.00928,-0.007913,8.7528,-0.0449,1
2019-07-25,0.009569,-0.002583,0.012152,11.4165,-0.0353,0
2019-07-26,-0.004683,-0.00396,-0.000723,7.9876,-0.0397,1
2019-07-29,0.010246,0.007782,0.002464,10.3805,-0.0295,0
2019-07-30,-0.002839,-0.004458,0.001619,11.804,-0.0323,0
2019-07-31,-0.000677,-0.002718,0.002041,12.4813,-0.0329,0
2019-08-01,-0.000261,0.008842,-0.009103,9.931,-0.0331,0
2019-08-02,-0.009065,-0.003922,-0.005143,8.9894,-0.0421,0
2019-08-05,0.012113,0.006405,0.005708,10.2568,-0.03,0
2019-08-06,-0.000177,-0.001736,0.001559,7.5645,-0.03,1
2019-08-07,0.012508,0.007061,0.005447,9.8554,-0.0174,0
2019-08-08,0.006695,0.009086,-0.002391,10.4018,-0.0107,0
2019-08-09,-0.009343,-0.010591,0.001248,9.0408,-0.02,0
2019-08-12,0.001068,0.003821,-0.002753,9.7315,-0.0189,0
2019-08-13,-0.011398,-0.008253,-0.003145,10.6786,-0.0302,0
2019-08-14,0.017219,0.019551,-0.002332,9.9219,-0.013,0
2019-08-15,0.003812,0.010506,-0.006694,9.9127,-0.0091,0
2019-08-16,-0.002852,0.001552,-0.004404,10.3095,-0.0119,0
2019-08-19,-0.005496,-0.005156,-0.000340,11.2758,-0.0174,0
2019-08-20,0.012655,0.003665,0.008990,7.9198,-0.0045,1
2019-08-21,0.014113,0.013456,0.000657,10.1498,0.0,0
2019-08-22,-0.006049,-0.005701,-0.000348,10.2846,-0.006,0
2019-08-23,-0.002421,-0.001818,-0.000603,9.6532,-0.0084,0
2019-08-26,-0.009224,-0.012564,0.003340,9.9451,-0.0176,0
2019-08-27,-0.001279,-0.002855,0.001576,11.4909,-0.0188,0
2019-08-28,-0.011041,-0.01219,0.001149,10.6733,-0.0298,0
2019-08-29,-0.003418,-0.001568,-0.001850,9.8249,-0.0332,0
2019-08-30,0.000816,0.000689,0.000127,9.8905,-0.0323,0
2019-09-02,0.005439,-0.000371,0.005810,10.1033,-0.0268,0
2019-09-03,0.009193,0.003774,0.005419,11.9016,-0.0176,0
2019-09-04,-0.012432,-0.011409,-0.001023,9.8915,-0.03,0
2019-09-05,-0.000611,0.002824,-0.003435,11.1474,-0.0306,0
2019-09-06,-0.012390,-0.008218,-0.004172,11.0685,-0.0429,0
2019-09-09,-0.001594,0.004948,-0.006542,9.9641,-0.0445,0
2019-09-10,0.000975,0.001561,-0.000586,7.2364,-0.0433,1
2019-09-11,0.018219,0.007413,0.010806,10.4686,-0.025,0
2019-09-12,0.014992,0.014485,0.000507,8.8188,-0.0098,1
2019-09-13,0.008122,0.012402,-0.004280,9.5094,-0.0017,0
2019-09-16,0.002367,0.001845,0.000522,7.7111,0.0,1
2019-09-17,0.009083,0.002638,0.006445,10.4917,0.0,0
2019-09-18,0.007965,0.001632,0.006333,8.402,0.0,1
2019-09-19,0.009885,0.000987,0.008898,7.665,0.0,1
2019-09-20,-0.010207,-0.010799,0.000592,11.3248,-0.0102,0
2019-09-23,-0.008413,-0.013305,0.004892,12.2856,-0.0185,0
2019-09-24,0.017899,0.007451,0.010448,8.7184,-0.0004,1
2019-09-25,-0.007929,-0.004984,-0.002945,10.3392,-0.0083,0
2019-09-26,-0.006465,-0.007687,0.001222,8.8214,-0.0146,1
2019-09-27,0.005724,0.000869,0.004855,8.586,-0.0087,1
2019-09-30,0.005554,0.009347,-0.003793,6.3499,-0.0029,1
2019-10-01,0.001467,0.00245,-0.000983,9.7816,-0.0014,0
2019-10-02,0.006178,-0.001062,0.007240,10.8417,0.0,0
2019-10-03,0.002661,-0.008596,0.011257,10.0253,0.0,0
2019-10-04,0.000010,-0.00262,0.002630,11.6705,0.0,0
2019-10-07,0.006372,-0.001919,0.008291,9.3621,0.0,0
2019-10-08,-0.000828,-0.006546,0.005718,9.0757,-0.0008,0
2019-10-09,0.000397,-0.006849,0.007246,10.4486,-0.0003,0
2019-10-10,0.000792,0.003079,-0.002287,8.1444,0.0,1
2019-10-11,-0.006494,-0.009908,0.003414,9.7781,-0.0065,0
2019-10-14,-0.005347,-0.005818,0.000471,9.9869,-0.0118,0
2019-10-15,0.017940,0.001678,0.016262,8.8105,0.0,0
2019-10-16,0.002762,0.003196,-0.000434,9.9934,0.0,0
2019-10-17,0.011497,0.005154,0.006343,10.8337,0.0,0
2019-10-18,0.004309,0.004951,-0.000642,7.7416,0.0,1
2019-10-21,-0.013683,-0.01341,-0.000273,10.5615,-0.0136,0
2019-10-22,0.000130,-0.003569,0.003699,9.1387,-0.0135,0
2019-10-23,-0.004324,-0.001688,-0.002636,10.167,-0.0178,0
2019-10-24,-0.007842,-0.003942,-0.003900,10.483,-0.0255,0
2019-10-25,-0.014342,-0.013994,-0.000348,9.9603,-0.0398,0
2019-10-28,-0.003947,-0.010101,0.006154,10.9072,-0.0437,0
2019-10-29,-0.003017,0.003054,-0.006071,11.0399,-0.0467,0
2019-10-30,0.011349,0.001876,0.009473,11.3592,-0.0353,0
2019-10-31,0.005680,0.000431,0.005249,7.5173,-0.0295,1
2019-11-01,0.002899,0.001125,0.001774,11.6769,-0.0265,0
2019-11-04,0.009766,0.00585,0.003916,10.9047,-0.0167,0
2019-11-05,-0.001083,0.002237,-0.003320,10.9439,-0.0178,0
2019-11-06,0.009294,0.001502,0.007792,11.8608,-0.0084,0
2019-11-07,0.005202,0.004854,0.000348,9.5229,-0.0032,0
2019-11-08,0.002780,-0.000868,0.003648,10.7608,-0.0004,0
2019-11-11,-0.009936,-0.000377,-0.009559,10.7432,-0.0103,0
2019-11-12,-0.013766,-0.004039,-0.009727,8.728,-0.0238,1
2019-11-13,0.015800,0.002784,0.013016,10.7662,-0.008,0
2019-11-14,0.003293,-0.003559,0.006852,10.9484,-0.0046,0
2019-11-15,-0.016263,-0.012866,-0.003397,8.7778,-0.0209,0
2019-11-18,0.007821,0.011085,-0.003264,10.0465,-0.013,0
2019-11-19,0.015598,0.013527,0.002071,11.034,0.0,0
2019-11-20,0.005232,0.00948,-0.004248,10.3382,0.0,0
2019-11-21,-0.010211,-0.001436,-0.008775,10.5895,-0.0102,0
2019-11-22,-0.009008,-0.008678,-0.000330,10.7978,-0.0191,0
2019-11-25,0.000259,-0.001204,0.001463,7.7167,-0.0187,1
2019-11-26,0.010942,0.001252,0.009690,10.8934,-0.0077,0
2019-11-27,0.007579,-0.00334,0.010919,6.413,0.0,1
2019-11-28,0.000306,-0.005292,0.005598,10.0123,0.0,0
2019-11-29,0.003109,-0.00111,0.004219,9.2677,0.0,0
2019-12-02,0.009004,0.01102,-0.002016,11.4397,0.0,0
2019-12-03,0.000338,-0.011396,0.011734,10.1636,0.0,0
2019-12-04,-0.001468,0.003081,-0.004549,9.8178,-0.0014,0
2019-12-05,-0.010455,-0.005518,-0.004937,11.5057,-0.0118,0
2019-12-06,-0.014570,-0.007309,-0.007261,12.2331,-0.0264,0
2019-12-09,-0.011956,-0.015335,0.003379,11.2538,-0.0383,0
2019-12-10,-0.010615,-0.0064,-0.004215,10.3442,-0.0488,0
2019-12-11,0.006940,0.006003,0.000937,10.3896,-0.0419,0
2019-12-12,0.012214,0.00593,0.006284,9.8117,-0.0296,0
2019-12-13,0.023806,0.017333,0.006473,7.4366,-0.0056,1
2019-12-16,0.013668,0.00543,0.008238,9.1418,0.0,1
2019-12-17,0.007113,0.008769,-0.001656,9.232,0.0,1
2019-12-18,-0.007872,0.001375,-0.009247,10.2932,-0.0078,0
2019-12-19,0.009706,0.014592,-0.004886,10.7036,0.0,0
2019-12-20,-0.012935,-0.017613,0.004678,9.2527,-0.0129,0
2019-12-23,0.002451,0.000436,0.002015,12.2079,-0.0104,0
2019-12-24,0.008243,0.005424,0.002819,7.7998,-0.002,1
2019-12-25,-0.016703,-0.013287,-0.003416,6.9287,-0.0185,1
2019-12-26,0.001196,-0.008037,0.009233,7.5008,-0.0171,1
2019-12-27,-0.007526,-0.007605,0.000079,10.1007,-0.0246,0
2019-12-30,0.010891,0.009915,0.000976,9.609,-0.0136,0
2019-12-31,0.001031,0.001723,-0.000692,6.6165,-0.0124,1
2020-01-01,-0.012672,-0.009369,-0.003303,10.8558,-0.025,0
2020-01-02,0.000371,-0.002258,0.002629,9.6798,-0.0246,0
2020-01-03,0.015587,0.009253,0.006334,10.7372,-0.009,0
2020-01-06,-0.004163,-0.000991,-0.003172,11.5701,-0.0131,0
2020-01-07,-0.010135,-0.006537,-0.003598,9.6302,-0.0232,0
2020-01-08,-0.016090,-0.008756,-0.007334,9.5819,-0.0392,0
2020-01-09,-0.000196,0.000442,-0.000638,9.4379,-0.0394,0
2020-01-10,0.006233,-0.001835,0.008068,9.1833,-0.0331,0
2020-01-13,-0.001695,0.001434,-0.003129,9.9831,-0.0348,0
2020-01-14,-0.003821,-0.002932,-0.000889,9.1606,-0.0384,1
2020-01-15,0.002519,0.003287,-0.000768,10.995,-0.0358,0
2020-01-16,-0.000257,-0.00994,0.009683,10.0813,-0.036,0
2020-01-17,0.015842,0.019958,-0.004116,10.6765,-0.0202,0
2020-01-20,0.005433,0.00699,-0.001557,11.0336,-0.0147,0
2020-01-21,0.002288,0.001911,0.000377,9.596,-0.0124,0
2020-01-22,-0.008143,-0.004334,-0.003809,7.4541,-0.0203,1
2020-01-23,-0.001925,-0.004554,0.002629,7.9841,-0.022,1
2020-01-24,-0.007475,-0.007215,-0.000260,11.0316,-0.0295,0
2020-01-27,0.008275,-0.000487,0.008762,8.7174,-0.021,1
2020-01-28,0.019685,0.005942,0.013743,10.6079,-0.0013,0
2020-01-29,0.010577,0.009398,0.001179,9.2493,0.0,1
2020-01-30,0.004644,0.004505,0.000139,9.5623,0.0,0
2020-01-31,0.027971,0.017904,0.010067,9.1946,0.0,0
2020-02-03,0.010815,0.005918,0.004897,10.8378,0.0,0
2020-02-04,0.024299,0.009941,0.014358,10.887,0.0,0
2020-02-05,-0.016152,-0.016872,0.000720,8.095,-0.016,1
2020-02-06,0.014221,-0.001573,0.015794,10.4017,-0.0017,0
2020-02-07,-0.017212,-0.008269,-0.008943,10.4203,-0.0189,0
2020-02-10,-0.006207,-0.009472,0.003265,9.5237,-0.025,0
2020-02-11,0.004540,0.004114,0.000426,9.7139,-0.0204,0
2020-02-12,0.017526,0.007462,0.010064,10.0227,-0.0029,0
2020-02-13,0.004038,0.005139,-0.001101,6.3808,0.0,1
2020-02-14,0.007730,-0.004811,0.012541,7.8067,0.0,0
2020-02-17,0.006670,0.003389,0.003281,11.2656,0.0,0
2020-02-18,-0.003877,-0.004189,0.000312,9.8432,-0.0038,0
2020-02-19,0.001973,-0.002595,0.004568,11.4807,-0.0018,0
2020-02-20,-0.000686,0.005657,-0.006343,9.9944,-0.0025,0
2020-02-21,0.003044,1.8e-05,0.003026,10.388,0.0,0
2020-02-24,-0.000937,-0.007902,0.006965,8.9715,-0.0007,1
2020-02-25,-0.007466,-0.009315,0.001849,6.5357,-0.008,1
2020-02-26,0.001269,-0.002512,0.003781,8.2365,-0.0065,1
2020-02-27,0.001268,-0.003248,0.004516,10.3352,-0.0052,0
2020-02-28,0.003834,0.001912,0.001922,9.8455,-0.0014,0
2020-03-02,-0.001156,-0.002717,0.001561,7.4846,-0.0023,1
2020-03-03,-0.000190,0.005132,-0.005322,9.2655,-0.0025,0
2020-03-04,0.009203,0.007158,0.002045,7.9026,0.0,1
2020-03-05,0.004242,-0.001595,0.005837,10.0934,0.0,0
2020-03-06,0.002664,0.002862,-0.000198,10.1582,0.0,0
2020-03-09,0.009782,0.004939,0.004843,7.2781,0.0,1
2020-03-10,-0.004601,-0.001827,-0.002774,10.0157,-0.0046,0
2020-03-11,-0.010190,-0.014839,0.004649,8.1758,-0.0145,1
2020-03-12,0.013342,0.010202,0.003140,10.6205,-0.0012,0
2020-03-13,-0.000702,0.004062,-0.004764,11.6859,-0.0018,0
2020-03-16,0.010418,0.003829,0.006589,13.2483,0.0,0
2020-03-17,-0.012406,-0.0065,-0.005906,9.176,-0.0122,1
2020-03-18,-0.001376,-0.002536,0.001160,7.6073,-0.0134,1
2020-03-19,-0.001942,-0.00251,0.000568,10.6571,-0.0153,0
2020-03-20,0.008597,0.008308,0.000289,8.2077,-0.0065,1
2020-03-23,0.002075,0.007285,-0.005210,9.8948,-0.0044,0
2020-03-24,0.006933,0.003263,0.003670,7.0638,0.0,1
2020-03-25,0.008201,0.000779,0.007422,8.2587,0.0,1
2020-03-26,0.009960,0.007652,0.002308,9.7917,0.0,0
2020-03-27,0.003602,-0.010116,0.013718,10.4153,0.0,0
2020-03-30,0.019246,0.010762,0.008484,10.293,0.0,0
2020-03-31,-0.007638,0.000569,-0.008207,11.7255,-0.0076,0
2020-04-01,-0.014178,-0.008399,-0.005779,11.051,-0.0217,0
2020-04-02,-0.003401,-0.007969,0.004568,11.5807,-0.0251,0
2020-04-03,-0.003091,-0.010091,0.007000,10.04,-0.0281,0
2020-04-06,-0.002043,-0.001832,-0.000211,10.189,-0.0301,0
2020-04-07,0.012104,0.006498,0.005606,10.1461,-0.018,0
2020-04-08,0.004576,0.00675,-0.002174,8.2,-0.0132,1
2020-04-09,0.002798,0.009128,-0.006330,10.2731,-0.0104,0
2020-04-10,0.003402,-0.002449,0.005851,10.7116,-0.0069,0
2020-04-13,-0.015987,-0.007174,-0.008813,10.033,-0.0229,0
2020-04-14,0.000535,-0.002251,0.002786,10.9492,-0.0223,0
2020-04-15,0.018101,0.008698,0.009403,9.8725,-0.0042,0
2020-04-16,-0.010938,-0.011357,0.000419,7.9856,-0.0151,0
2020-04-17,-0.001023,-0.00649,0.005467,10.164,-0.016,0
2020-04-20,-0.016607,-0.002222,-0.014385,11.9415,-0.0326,0
2020-04-21,0.011521,0.0136,-0.002079,8.1003,-0.0209,1
2020-04-22,-0.002206,-0.007971,0.005765,10.5725,-0.0231,0
2020-04-23,-0.006132,-0.005953,-0.000179,10.3031,-0.0291,0
2020-04-24,0.009402,0.003588,0.005814,11.4409,-0.0197,0
2020-04-27,-0.009743,-0.002051,-0.007692,9.9418,-0.0294,0
2020-04-28,-0.004943,0.000725,-0.005668,8.5817,-0.0341,1
2020-04-29,0.021880,0.009754,0.012126,11.0922,-0.0122,0
2020-04-30,0.007095,0.004423,0.002672,10.7481,-0.0051,0
2020-05-01,0.029267,0.017516,0.011751,9.4016,0.0,0
2020-05-04,0.004320,0.011462,-0.007142,11.0947,0.0,0
2020-05-05,-0.002461,0.002787,-0.005248,9.3431,-0.0024,0
2020-05-06,0.003741,-0.005531,0.009272,10.7464,0.0,0
2020-05-07,-0.005933,-0.010297,0.004364,10.4519,-0.0059,0
2020-05-08,-0.000121,0.001582,-0.001703,7.0058,-0.0058,1
2020-05-11,0.016130,0.021579,-0.005449,9.9815,0.0,0
2020-05-12,0.003323,0.007154,-0.003831,10.1528,0.0,0
2020-05-13,-0.001685,0.002757,-0.004442,9.3877,-0.0016,0
2020-05-14,0.013929,0.006593,0.007336,10.486,0.0,0
2020-05-15,-0.004184,-0.011447,0.007263,7.6389,-0.004,1
2020-05-18,-0.003319,-0.000506,-0.002813,9.7918,-0.0073,0
2020-05-19,-0.014288,-0.012465,-0.001823,6.8482,-0.0213,1
2020-05-20,0.000969,0.00019,0.000779,10.7261,-0.0203,0
2020-05-21,0.009644,0.001815,0.007829,8.0947,-0.0105,1
2020-05-22,0.002471,-0.005023,0.007494,11.0485,-0.008,0
2020-05-25,-0.009282,-0.004845,-0.004437,9.7096,-0.0172,0
2020-05-26,0.011147,0.014091,-0.002944,10.3961,-0.006,0
2020-05-27,-0.004861,-0.000979,-0.003882,9.4075,-0.0109,0
2020-05-28,0.001062,-0.007405,0.008467,9.5392,-0.0098,0
2020-05-29,-0.020274,-0.021873,0.001599,8.2887,-0.0298,1
2020-06-01,0.000460,0.002611,-0.002151,9.4614,-0.0293,0
2020-06-02,0.021842,0.014569,0.007273,9.3751,-0.0074,0
2020-06-03,0.003833,0.003435,0.000398,8.1865,-0.0034,1
2020-06-04,0.005252,-0.00062,0.005872,10.881,0.0,0
2020-06-05,0.014824,0.011101,0.003723,10.734,0.0,0
2020-06-08,0.006339,-4.8e-05,0.006387,9.647,0.0,0
2020-06-09,0.006620,0.00084,0.005780,12.4777,0.0,0
2020-06-10,-0.013572,-0.011454,-0.002118,11.3635,-0.0135,0
2020-06-11,0.001188,-0.004859,0.006047,9.9796,-0.0123,0
2020-06-12,0.016137,-0.004081,0.020218,10.716,0.0,0
2020-06-15,0.007370,0.002057,0.005313,9.4058,0.0,0
2020-06-16,-0.023373,-0.024397,0.001024,9.9217,-0.0233,0
2020-06-17,0.007943,0.006419,0.001524,11.1087,-0.0153,0
2020-06-18,0.004206,0.005122,-0.000916,10.2177,-0.0111,0
2020-06-19,0.005142,0.005531,-0.000389,10.5623,-0.0059,0
2020-06-22,-0.018857,-0.006468,-0.012389,10.6711,-0.0247,0
2020-06-23,-0.010140,-0.003873,-0.006267,11.413,-0.0348,0
2020-06-24,0.005206,-0.001981,0.007187,8.7557,-0.0296,0
2020-06-25,0.018212,0.01462,0.003592,10.7622,-0.0113,0
2020-06-26,-0.003216,-0.005147,0.001931,8.5186,-0.0143,1
2020-06-29,0.018317,0.015128,0.003189,10.5954,0.0,0
2020-06-30,-0.005499,-0.002113,-0.003386,10.8115,-0.0055,0
2020-07-01,0.017010,0.015083,0.001927,10.1692,0.0,0
2020-07-02,0.013512,0.011168,0.002344,8.6603,0.0,0
2020-07-03,-0.020514,-0.017532,-0.002982,11.2586,-0.0205,0
2020-07-06,-0.000659,0.009314,-0.009973,10.8981,-0.0211,0
2020-07-07,-0.009052,-0.003754,-0.005298,11.0261,-0.0301,0
2020-07-08,-0.001584,-0.004598,0.003014,10.895,-0.0316,0
2020-07-09,-0.013565,-0.0192,0.005635,10.7399,-0.0452,0
2020-07-10,0.011300,0.010945,0.000355,10.9926,-0.0338,0
2020-07-13,-0.002100,-0.006334,0.004234,11.2286,-0.0359,0
2020-07-14,-0.002016,0.00842,-0.010436,11.4916,-0.0379,0
2020-07-15,-0.004428,-0.003258,-0.001170,8.953,-0.0421,1
2020-07-16,0.000075,0.01092,-0.010845,12.1025,-0.042,0
2020-07-17,0.018583,0.015201,0.003382,10.9425,-0.0233,0
2020-07-20,-0.006659,-0.000935,-0.005724,10.9316,-0.03,0
2020-07-21,0.015087,0.002376,0.012711,11.4313,-0.0148,0
2020-07-22,0.015609,0.012417,0.003192,9.3729,0.0,1
2020-07-23,0.004480,0.003483,0.000997,10.0749,0.0,0
2020-07-24,0.000348,0.008829,-0.008481,10.7456,0.0,0
2020-07-27,-0.019916,-0.02134,0.001424,8.469,-0.0197,1
2020-07-28,0.015210,0.009853,0.005357,10.59,-0.0045,0
2020-07-29,0.000384,0.008286,-0.007902,9.4537,-0.0039,1
2020-07-30,-0.014073,-0.011524,-0.002549,8.5032,-0.0178,1
2020-07-31,0.009798,0.005961,0.003837,7.4007,-0.0078,1
2020-08-03,-0.002866,0.004498,-0.007364,10.4306,-0.0106,0
2020-08-04,-0.002245,-0.006481,0.004236,11.2589,-0.0128,0
2020-08-05,0.001052,0.004763,-0.003711,10.1369,-0.0117,0
2020-08-06,-0.017665,-0.006989,-0.010676,12.0268,-0.0293,0
2020-08-07,0.005053,-0.006081,0.011134,10.9539,-0.0242,0
2020-08-10,0.008235,0.012232,-0.003997,11.4147,-0.0159,0
2020-08-11,0.003284,0.003384,-0.000100,8.5618,-0.0125,1
2020-08-12,0.001945,-0.000631,0.002576,10.3036,-0.0105,0
2020-08-13,0.007571,0.0047,0.002871,10.0967,-0.0029,0
2020-08-14,-0.010104,-0.005161,-0.004943,10.5732,-0.0129,0
2020-08-17,-0.007340,0.002196,-0.009536,8.8887,-0.0201,1
2020-08-18,-0.006366,0.000637,-0.007003,11.5882,-0.0264,0
2020-08-19,-0.007677,-0.012076,0.004399,11.0994,-0.034,0
2020-08-20,0.026965,0.015533,0.011432,9.5464,-0.007,0
2020-08-21,0.008776,0.001087,0.007689,9.9942,0.0,0
2020-08-24,0.002388,0.002991,-0.000603,11.5661,0.0,0
2020-08-25,-0.001999,-0.001239,-0.000760,10.1078,-0.002,0
2020-08-26,0.001942,-0.003108,0.005050,9.9782,0.0,0
2020-08-27,0.008395,0.004537,0.003858,10.3457,0.0,0
2020-08-28,0.007792,0.017598,-0.009806,11.7092,0.0,0
2020-08-31,0.008879,0.003804,0.005075,10.0713,0.0,0
2020-09-01,-0.002018,-0.006223,0.004205,10.2793,-0.002,0
2020-09-02,-0.004754,0.004603,-0.009357,10.3359,-0.0067,0
2020-09-03,-0.001925,-0.001089,-0.000836,10.5799,-0.0086,0
2020-09-04,-0.005175,0.00199,-0.007165,10.0134,-0.0137,0
2020-09-07,0.021522,0.016144,0.005378,10.0729,0.0,0
2020-09-08,0.001580,-0.002444,0.004024,9.6816,0.0,0
2020-09-09,0.018563,0.012192,0.006371,6.7497,0.0,1
2020-09-10,-0.002642,-0.01098,0.008338,8.9308,-0.0024,1
2020-09-11,-0.005279,-0.006001,0.000722,9.3394,-0.0077,0
2020-09-14,0.001380,0.002258,-0.000878,10.3757,-0.0063,0
2020-09-15,-0.005798,-0.000947,-0.004851,8.261,-0.0119,1
2020-09-16,-0.004161,-0.005428,0.001267,7.6,-0.0158,1
2020-09-17,0.014103,0.008872,0.005231,6.3989,-0.0015,1
2020-09-18,0.008371,0.007769,0.000602,11.1278,0.0,0
2020-09-21,0.010632,0.007091,0.003541,7.8029,0.0,1
2020-09-22,0.004929,0.003124,0.001805,9.6764,0.0,0
2020-09-23,-0.004479,-0.002495,-0.001984,10.1826,-0.0044,0
2020-09-24,0.012278,0.006687,0.005591,10.1761,0.0,0
2020-09-25,-0.000032,-0.004405,0.004373,9.0475,0.0,1
2020-09-28,-0.003182,-3.4e-05,-0.003148,10.4664,-0.0031,0
2020-09-29,-0.006060,8.7e-05,-0.006147,7.1953,-0.009,1
2020-09-30,0.006905,0.005962,0.000943,10.782,-0.0021,0
2020-10-01,-0.006663,-0.00419,-0.002473,10.2052,-0.0087,0
2020-10-02,-0.004552,-0.004079,-0.000473,10.2423,-0.0132,0
2020-10-05,0.016378,0.012813,0.003565,9.8759,0.0,0
2020-10-06,-0.016842,-0.005635,-0.011207,11.5421,-0.0168,0
2020-10-07,-0.017482,-0.005915,-0.011567,10.1472,-0.0342,0
2020-10-08,0.018080,0.01103,0.007050,9.8789,-0.0161,0
2020-10-09,-0.006692,-0.003392,-0.003300,10.0387,-0.0228,0
2020-10-12,-0.014266,-0.007518,-0.006748,9.8107,-0.037,0
2020-10-13,-0.002195,0.002151,-0.004346,10.0647,-0.0391,0
2020-10-14,-0.004487,0.000471,-0.004958,11.2793,-0.0436,0
2020-10-15,0.004878,-0.004425,0.009303,9.7317,-0.0387,0
2020-10-16,0.003761,-0.007948,0.011709,10.2125,-0.0349,0
2020-10-19,0.009686,0.003425,0.006261,7.8415,-0.025,1
2020-10-20,-0.007466,-0.010524,0.003058,11.2066,-0.0324,0
2020-10-21,-0.000279,0.000143,-0.000422,8.1134,-0.0325,1
2020-10-22,0.013857,6.2e-05,0.013795,10.0153,-0.0186,0
2020-10-23,0.008342,0.013169,-0.004827,10.5928,-0.0102,0
2020-10-26,-0.000503,-0.006325,0.005822,10.1911,-0.0107,0
2020-10-27,0.014028,0.017697,-0.003669,8.4687,0.0,0
2020-10-28,0.006173,0.009914,-0.003741,10.4331,0.0,0
2020-10-29,0.019669,0.00667,0.012999,11.1143,0.0,0
2020-10-30,0.001109,0.000563,0.000546,9.437,0.0,0
2020-11-02,-0.012871,-0.009032,-0.003839,10.5119,-0.0128,0
2020-11-03,0.004236,0.005605,-0.001369,6.6579,-0.0084,1
2020-11-04,0.017272,0.012967,0.004305,9.9527,0.0,0
2020-11-05,-0.006240,-0.01875,0.012510,10.5882,-0.0062,0
2020-11-06,-0.006072,0.002764,-0.008836,10.9977,-0.0122,0
2020-11-09,0.004264,0.006331,-0.002067,9.5056,-0.0079,0
2020-11-10,0.020757,0.017593,0.003164,11.4486,0.0,0
2020-11-11,-0.006922,-0.000601,-0.006321,9.6777,-0.0069,0
2020-11-12,-0.002370,-0.005964,0.003594,7.8475,-0.0091,1
2020-11-13,0.009925,0.011263,-0.001338,9.9776,0.0,0
2020-11-16,-0.021289,-0.013569,-0.007720,9.2225,-0.0212,0
2020-11-17,0.009419,0.006081,0.003338,10.4597,-0.0118,0
2020-11-18,0.011469,0.002338,0.009131,10.1145,-0.0003,0
2020-11-19,0.009230,0.007458,0.001772,9.8718,0.0,0
2020-11-20,0.005581,0.008374,-0.002793,10.3256,0.0,0
2020-11-23,-0.003730,0.003309,-0.007039,11.0188,-0.0037,0
2020-11-24,0.020083,0.01142,0.008663,9.517,0.0,0
