return_id,order_id,request_date,resolution_date,type,amount_usd,reason,approved_by,status
RET-37146,NW-2026-03-A269,2026-03-18,2026-03-13,store_credit,142.78,unauthorized,agent_001,escalated
RET-40543,NW-2026-03-A796,2026-04-14,2026-04-12,refund,391.49,unauthorized,agent_003,denied
RET-68833,NW-2026-04-J840,2026-02-26,2026-04-05,replacement,203.03,wrong_item,agent_002,approved
RET-42553,NW-2026-02-H186,2026-03-11,2026-02-24,replacement,32.22,not_as_described,agent_002,denied
RET-76806,NW-2026-04-C258,2026-02-08,2026-04-12,store_credit,134.46,not_as_described,supervisor_01,escalated
RET-32580,NW-2026-02-I238,2026-03-23,2026-03-11,refund,72.42,damaged,agent_002,denied
RET-92221,NW-2026-03-E319,2026-03-06,2026-03-07,refund,107.61,never_received,agent_003,denied
RET-93129,NW-2026-04-C622,2026-03-25,2026-04-14,refund,20.56,never_received,agent_002,denied
RET-81923,NW-2026-02-H239,2026-02-03,2026-03-20,refund,366.23,unauthorized,supervisor_01,pending
RET-93536,NW-2026-03-H488,2026-03-23,2026-02-22,store_credit,207.86,unauthorized,agent_001,approved
RET-35255,NW-2026-04-K363,2026-02-05,2026-04-08,refund,186.70,never_received,agent_002,approved
RET-78487,NW-2026-04-C497,2026-03-20,2026-02-14,store_credit,309.30,never_received,agent_001,approved
RET-59550,NW-2026-04-D908,2026-03-22,2026-02-14,replacement,135.03,not_as_described,agent_001,pending
RET-83251,NW-2026-02-J653,2026-02-04,2026-02-21,store_credit,254.39,damaged,agent_002,denied
RET-73506,NW-2026-04-J977,2026-02-05,2026-03-14,replacement,220.84,damaged,agent_001,approved
RET-33682,NW-2026-02-B248,2026-03-06,2026-03-27,store_credit,190.89,never_received,agent_003,approved
RET-70743,NW-2026-04-E745,2026-04-12,2026-02-26,refund,69.01,not_as_described,agent_002,pending
RET-73461,NW-2026-04-D263,2026-03-17,2026-03-12,refund,301.50,unauthorized,supervisor_01,pending
RET-51428,NW-2026-03-J118,2026-04-27,2026-03-19,replacement,377.50,wrong_item,supervisor_01,escalated
RET-12354,NW-2026-04-B301,2026-04-22,2026-03-28,replacement,398.85,never_received,supervisor_01,escalated
RET-96093,NW-2026-04-B711,2026-03-20,2026-04-02,replacement,199.25,never_received,agent_002,pending
RET-28533,NW-2026-04-H468,2026-02-18,2026-02-25,refund,126.09,never_received,agent_001,denied
RET-78805,NW-2026-02-C863,2026-02-11,2026-04-05,repair,60.87,not_as_described,agent_002,escalated
RET-22787,NW-2026-03-A475,2026-03-20,2026-03-16,repair,391.80,wrong_item,agent_002,escalated
RET-16317,NW-2026-02-B632,2026-03-25,2026-03-21,replacement,354.11,damaged,agent_001,denied
RET-75498,NW-2026-03-F453,2026-04-06,2026-04-10,replacement,357.20,not_as_described,supervisor_01,escalated
RET-79262,NW-2026-04-J635,2026-04-26,2026-04-24,store_credit,141.67,unauthorized,agent_003,escalated
RET-91762,NW-2026-02-E556,2026-02-18,2026-04-15,store_credit,179.40,unauthorized,supervisor_01,denied
RET-86114,NW-2026-03-C989,2026-04-12,2026-04-07,store_credit,127.76,wrong_item,supervisor_01,denied
RET-55647,NW-2026-02-E243,2026-02-22,2026-02-18,store_credit,207.24,wrong_item,agent_002,pending
RET-50600,NW-2026-02-C938,2026-04-11,2026-03-04,replacement,12.17,unauthorized,agent_003,approved
RET-46826,NW-2026-02-G237,2026-04-20,2026-03-05,refund,194.64,not_as_described,agent_001,pending
RET-47916,NW-2026-02-K732,2026-04-02,2026-03-10,refund,12.63,wrong_item,agent_002,approved
RET-79906,NW-2026-02-G561,2026-02-26,2026-02-03,refund,312.65,unauthorized,agent_002,pending
RET-85744,NW-2026-02-F822,2026-03-27,2026-03-06,replacement,140.80,wrong_item,agent_001,escalated
RET-20665,NW-2026-04-B832,2026-03-19,2026-02-22,refund,50.63,never_received,agent_001,escalated
RET-43567,NW-2026-02-A207,2026-04-20,2026-04-14,store_credit,52.39,unauthorized,supervisor_01,denied
RET-20292,NW-2026-02-B560,2026-02-02,2026-02-08,repair,283.01,unauthorized,agent_002,approved
RET-13052,NW-2026-04-I333,2026-04-23,2026-04-26,store_credit,14.64,never_received,agent_003,pending
RET-17715,NW-2026-04-J786,2026-02-16,2026-03-24,repair,160.99,not_as_described,supervisor_01,pending
RET-20462,NW-2026-03-G172,2026-02-01,2026-02-13,refund,339.42,wrong_item,agent_001,pending
RET-56145,NW-2026-03-D579,2026-04-22,2026-04-14,repair,357.11,not_as_described,agent_001,approved
RET-34909,NW-2026-04-F889,2026-03-27,2026-04-24,refund,12.56,never_received,agent_003,escalated
RET-21487,NW-2026-04-D316,2026-02-24,2026-04-25,replacement,286.83,wrong_item,agent_003,pending
RET-37966,NW-2026-02-D279,2026-03-18,2026-03-09,repair,245.23,unauthorized,agent_001,escalated
RET-14834,NW-2026-03-J226,2026-02-06,2026-02-26,store_credit,259.28,never_received,agent_003,escalated
RET-66320,NW-2026-02-H841,2026-03-13,2026-02-23,store_credit,298.48,wrong_item,agent_001,pending
RET-71378,NW-2026-03-G487,2026-04-14,2026-02-19,repair,325.45,wrong_item,agent_002,escalated
RET-76721,NW-2026-03-J987,2026-02-20,2026-04-12,refund,325.15,unauthorized,agent_001,pending
RET-55631,NW-2026-04-B127,2026-03-23,2026-04-24,store_credit,120.74,damaged,supervisor_01,denied
RET-53848,NW-2026-04-K545,2026-04-03,2026-03-24,store_credit,130.49,never_received,agent_002,escalated
RET-40068,NW-2026-03-B692,2026-02-27,2026-04-18,store_credit,85.19,damaged,agent_001,pending
RET-71050,NW-2026-04-D530,2026-04-17,2026-02-28,refund,360.99,not_as_described,agent_003,approved
RET-18110,NW-2026-03-B150,2026-04-20,2026-04-22,replacement,257.96,unauthorized,agent_003,denied
RET-74703,NW-2026-02-I259,2026-04-03,2026-04-14,replacement,307.83,not_as_described,agent_002,pending
RET-85850,NW-2026-04-C561,2026-04-07,2026-03-22,replacement,265.98,damaged,agent_001,escalated
RET-91463,NW-2026-02-H549,2026-03-09,2026-02-15,replacement,283.71,damaged,agent_001,denied
RET-18223,NW-2026-03-A124,2026-04-05,2026-03-05,store_credit,371.44,wrong_item,agent_002,denied
RET-45270,NW-2026-04-J199,2026-04-24,2026-02-14,repair,93.95,never_received,agent_001,approved
RET-42806,NW-2026-02-A145,2026-02-28,2026-02-22,refund,145.26,wrong_item,agent_003,approved
RET-21792,NW-2026-02-H561,2026-02-13,2026-04-18,refund,176.38,never_received,agent_003,approved
RET-39647,NW-2026-04-C326,2026-02-14,2026-03-08,store_credit,122.44,unauthorized,agent_003,approved
RET-43267,NW-2026-02-J658,2026-02-27,2026-03-27,refund,247.25,wrong_item,agent_001,escalated
RET-18947,NW-2026-04-B164,2026-02-16,2026-03-22,store_credit,290.11,never_received,agent_001,pending
RET-33319,NW-2026-04-J938,2026-03-16,2026-04-26,repair,378.28,damaged,agent_001,pending
RET-70863,NW-2026-03-D949,2026-02-23,2026-02-17,refund,177.83,wrong_item,agent_001,denied
RET-80953,NW-2026-02-H153,2026-03-04,2026-04-13,replacement,203.42,damaged,agent_001,denied
RET-59465,NW-2026-04-E923,2026-02-06,2026-03-24,refund,233.55,not_as_described,supervisor_01,escalated
RET-76275,NW-2026-03-I906,2026-04-08,2026-03-15,store_credit,282.21,damaged,agent_001,escalated
RET-30939,NW-2026-03-G170,2026-03-14,2026-02-26,store_credit,103.57,wrong_item,agent_002,approved
RET-63168,NW-2026-02-E365,2026-03-13,2026-03-11,store_credit,107.67,never_received,agent_003,pending
RET-43749,NW-2026-02-G350,2026-03-01,2026-02-11,store_credit,345.61,never_received,agent_001,approved
RET-19632,NW-2026-02-F574,2026-04-28,2026-04-07,store_credit,388.44,wrong_item,supervisor_01,escalated
RET-85938,NW-2026-04-D744,2026-02-06,2026-02-16,repair,242.98,damaged,supervisor_01,approved
RET-47355,NW-2026-02-E389,2026-03-02,2026-03-18,store_credit,26.51,never_received,supervisor_01,escalated
RET-80321,NW-2026-03-B857,2026-04-04,2026-03-16,refund,263.90,damaged,agent_001,approved
RET-40805,NW-2026-03-G656,2026-02-10,2026-02-26,repair,131.90,wrong_item,agent_002,denied
RET-16836,NW-2026-02-J701,2026-03-20,2026-03-18,refund,114.91,unauthorized,agent_002,denied
RET-20559,NW-2026-02-F818,2026-03-28,2026-04-10,refund,392.75,never_received,agent_002,approved
RET-85524,NW-2026-04-A640,2026-04-09,2026-04-11,repair,377.28,not_as_described,supervisor_01,denied
RET-78409,NW-2026-04-I118,2026-03-03,2026-04-12,store_credit,295.90,wrong_item,supervisor_01,approved
RET-64842,NW-2026-02-G699,2026-04-17,2026-02-24,refund,68.39,not_as_described,agent_002,denied
RET-34335,NW-2026-04-K114,2026-02-26,2026-04-04,refund,265.27,unauthorized,agent_002,pending
RET-47471,NW-2026-03-B618,2026-04-23,2026-04-20,store_credit,61.45,not_as_described,agent_002,escalated
RET-70283,NW-2026-03-B445,2026-02-13,2026-04-19,refund,357.46,wrong_item,agent_001,denied
RET-21342,NW-2026-03-K678,2026-03-23,2026-02-21,replacement,143.95,damaged,supervisor_01,pending
RET-99489,NW-2026-03-D638,2026-04-14,2026-03-02,repair,268.51,not_as_described,supervisor_01,escalated
RET-67481,NW-2026-02-J752,2026-04-27,2026-02-16,replacement,323.67,wrong_item,agent_001,denied
RET-30061,NW-2026-04-J768,2026-02-09,2026-03-16,replacement,378.61,damaged,agent_002,escalated
RET-36989,NW-2026-04-H533,2026-04-21,2026-04-22,store_credit,95.34,not_as_described,agent_002,pending
RET-55842,NW-2026-04-I618,2026-02-01,2026-03-05,store_credit,160.61,unauthorized,agent_001,escalated
RET-27960,NW-2026-03-C594,2026-04-06,2026-02-19,store_credit,283.96,damaged,supervisor_01,denied
RET-92008,NW-2026-04-K137,2026-03-12,2026-04-17,store_credit,397.57,never_received,agent_002,pending
RET-53463,NW-2026-02-G312,2026-02-06,2026-02-04,refund,114.31,never_received,agent_001,pending
RET-26156,NW-2026-04-G844,2026-02-28,2026-02-27,refund,198.32,unauthorized,agent_002,escalated
RET-93575,NW-2026-03-K240,2026-03-06,2026-02-12,refund,293.25,not_as_described,agent_002,escalated
RET-62045,NW-2026-04-I904,2026-02-26,2026-03-22,store_credit,398.54,not_as_described,agent_001,escalated
RET-68053,NW-2026-02-D457,2026-04-18,2026-03-28,repair,42.53,unauthorized,agent_002,approved
RET-17509,NW-2026-04-E653,2026-04-17,2026-02-15,repair,213.62,not_as_described,agent_003,approved
RET-80036,NW-2026-02-B911,2026-02-23,2026-02-15,repair,14.58,wrong_item,agent_001,denied
RET-45968,NW-2026-04-J328,2026-04-27,2026-02-03,repair,338.27,damaged,agent_002,pending
RET-19264,NW-2026-02-A544,2026-02-02,2026-02-21,replacement,40.38,never_received,supervisor_01,pending
RET-82850,NW-2026-03-G244,2026-03-02,2026-02-05,store_credit,274.78,damaged,agent_003,denied
RET-97715,NW-2026-03-B499,2026-03-12,2026-03-22,refund,387.03,damaged,agent_003,approved
RET-38954,NW-2026-02-J135,2026-04-05,2026-03-07,replacement,180.94,never_received,agent_003,approved
RET-41220,NW-2026-02-I121,2026-03-08,2026-02-07,refund,126.05,damaged,agent_003,denied
RET-43664,NW-2026-03-E808,2026-02-17,2026-03-15,store_credit,313.29,damaged,supervisor_01,denied
RET-29400,NW-2026-04-H483,2026-04-08,2026-03-24,refund,198.16,not_as_described,agent_001,pending
RET-47925,NW-2026-03-B730,2026-03-04,2026-03-03,store_credit,237.34,damaged,agent_002,escalated
RET-77308,NW-2026-04-I221,2026-04-16,2026-03-02,repair,34.07,never_received,agent_001,denied
RET-91438,NW-2026-03-K335,2026-04-28,2026-03-14,replacement,382.59,damaged,supervisor_01,pending
RET-34059,NW-2026-04-F575,2026-04-20,2026-04-18,repair,221.89,unauthorized,agent_002,pending
RET-72322,NW-2026-02-E422,2026-03-02,2026-03-01,store_credit,126.01,unauthorized,supervisor_01,approved
RET-19650,NW-2026-04-H985,2026-02-22,2026-03-11,refund,279.16,damaged,agent_001,denied
RET-49142,NW-2026-02-J449,2026-03-21,2026-02-21,replacement,68.73,not_as_described,agent_001,denied
RET-64986,NW-2026-03-I100,2026-04-09,2026-02-20,replacement,356.94,never_received,agent_001,denied
RET-27083,NW-2026-03-E662,2026-03-16,2026-03-02,repair,398.92,wrong_item,agent_002,denied
RET-72989,NW-2026-03-J502,2026-02-12,2026-03-05,refund,256.61,unauthorized,agent_001,approved
RET-12092,NW-2026-02-E590,2026-02-17,2026-02-25,repair,91.08,not_as_described,agent_002,escalated
RET-55349,NW-2026-03-C121,2026-04-27,2026-03-04,repair,51.54,damaged,supervisor_01,approved
RET-24273,NW-2026-04-D230,2026-03-02,2026-04-24,repair,203.14,wrong_item,agent_001,pending
RET-28696,NW-2026-02-E642,2026-03-13,2026-03-10,replacement,362.46,wrong_item,agent_002,approved
RET-94912,NW-2026-03-A484,2026-04-16,2026-02-13,replacement,31.19,wrong_item,supervisor_01,denied
RET-35615,NW-2026-03-I240,2026-04-08,2026-02-14,repair,143.47,unauthorized,supervisor_01,escalated
RET-47456,NW-2026-04-H794,2026-04-22,2026-02-05,store_credit,366.64,unauthorized,agent_003,approved
RET-14541,NW-2026-02-J947,2026-03-05,2026-04-28,repair,355.20,wrong_item,agent_001,pending
RET-37182,NW-2026-04-I802,2026-02-12,2026-03-07,replacement,192.00,never_received,agent_001,approved
RET-21701,NW-2026-04-I844,2026-02-01,2026-03-25,repair,123.66,damaged,agent_003,approved
RET-43789,NW-2026-03-A845,2026-04-10,2026-04-06,repair,379.17,damaged,agent_001,approved
RET-45763,NW-2026-04-J247,2026-02-19,2026-04-21,store_credit,163.04,never_received,agent_001,pending
RET-25619,NW-2026-03-I935,2026-03-08,2026-04-02,refund,87.41,wrong_item,agent_002,pending
RET-65308,NW-2026-04-C448,2026-02-28,2026-02-10,repair,162.43,damaged,supervisor_01,escalated
RET-19474,NW-2026-04-J140,2026-04-08,2026-04-21,refund,363.56,not_as_described,agent_002,escalated
RET-15554,NW-2026-03-G223,2026-04-19,2026-03-15,repair,146.72,wrong_item,agent_001,approved
RET-48299,NW-2026-03-I798,2026-04-12,2026-02-06,refund,248.45,unauthorized,agent_002,denied
RET-22820,NW-2026-02-F231,2026-03-11,2026-02-26,refund,394.20,never_received,agent_003,pending
RET-92221,NW-2026-03-B154,2026-02-14,2026-03-24,replacement,188.22,wrong_item,agent_002,pending
RET-13015,NW-2026-04-G691,2026-02-14,2026-04-20,store_credit,208.15,wrong_item,supervisor_01,denied
RET-15338,NW-2026-03-E569,2026-03-05,2026-03-05,repair,78.89,not_as_described,agent_001,pending
RET-86324,NW-2026-02-B551,2026-03-09,2026-02-19,refund,366.31,never_received,agent_002,escalated
RET-49160,NW-2026-03-B905,2026-04-19,2026-04-14,refund,112.06,wrong_item,agent_003,approved
RET-10709,NW-2026-04-A165,2026-04-02,2026-02-22,repair,116.45,never_received,agent_003,denied
RET-49558,NW-2026-04-F377,2026-02-26,2026-02-04,refund,394.16,wrong_item,agent_002,denied
RET-99035,NW-2026-04-K515,2026-02-15,2026-04-09,replacement,64.32,wrong_item,agent_002,approved
RET-46105,NW-2026-03-G504,2026-04-16,2026-03-22,refund,257.47,not_as_described,agent_003,approved
RET-58414,NW-2026-03-G467,2026-02-16,2026-03-09,replacement,136.13,damaged,supervisor_01,escalated
RET-69420,NW-2026-03-B439,2026-02-02,2026-03-09,repair,136.75,not_as_described,supervisor_01,denied
RET-36108,NW-2026-03-G514,2026-02-13,2026-02-10,store_credit,369.83,damaged,supervisor_01,approved
RET-33188,NW-2026-03-E189,2026-02-26,2026-03-28,repair,396.11,never_received,agent_002,denied
RET-78493,NW-2026-04-B523,2026-03-01,2026-02-04,store_credit,310.37,never_received,agent_003,denied
RET-16393,NW-2026-02-H887,2026-04-03,2026-04-19,repair,125.02,damaged,supervisor_01,denied
RET-67010,NW-2026-04-F796,2026-04-22,2026-03-28,refund,119.97,never_received,agent_003,denied
RET-22133,NW-2026-02-J914,2026-02-27,2026-02-08,store_credit,319.77,never_received,agent_001,denied
RET-38372,NW-2026-04-G224,2026-04-11,2026-03-10,store_credit,137.29,wrong_item,supervisor_01,escalated
RET-24240,NW-2026-04-D866,2026-04-06,2026-02-08,store_credit,48.79,wrong_item,agent_002,denied
RET-46435,NW-2026-02-K514,2026-04-03,2026-02-06,replacement,102.41,damaged,agent_003,escalated
RET-35906,NW-2026-03-H355,2026-02-11,2026-04-07,store_credit,66.97,unauthorized,agent_002,approved
RET-79073,NW-2026-03-B302,2026-02-15,2026-03-03,repair,346.63,unauthorized,supervisor_01,escalated
RET-26123,NW-2026-04-I597,2026-03-01,2026-02-17,store_credit,169.13,damaged,agent_001,escalated
RET-56550,NW-2026-04-G472,2026-02-17,2026-02-16,repair,287.13,not_as_described,agent_003,approved
RET-37841,NW-2026-04-C388,2026-04-16,2026-04-26,refund,152.39,unauthorized,agent_002,pending
RET-13020,NW-2026-04-F692,2026-03-26,2026-02-28,replacement,169.66,wrong_item,agent_001,escalated
RET-82635,NW-2026-04-D625,2026-03-07,2026-04-20,store_credit,269.18,not_as_described,agent_002,escalated
RET-88855,NW-2026-04-H393,2026-04-07,2026-02-17,refund,330.03,not_as_described,agent_001,approved
RET-66934,NW-2026-02-A992,2026-04-14,2026-04-23,repair,264.63,damaged,agent_003,escalated
RET-67121,NW-2026-03-F799,2026-02-12,2026-03-24,refund,331.07,not_as_described,agent_002,escalated
RET-23988,NW-2026-02-D638,2026-03-22,2026-04-24,repair,326.81,not_as_described,agent_001,denied
RET-77208,NW-2026-03-G739,2026-04-12,2026-02-01,store_credit,151.58,damaged,agent_003,denied
RET-11893,NW-2026-04-G783,2026-02-20,2026-03-21,store_credit,313.31,unauthorized,agent_001,escalated
RET-33278,NW-2026-03-J209,2026-04-06,2026-02-05,repair,305.90,unauthorized,agent_002,approved
RET-89738,NW-2026-03-B406,2026-04-14,2026-03-09,store_credit,375.77,never_received,agent_002,escalated
RET-13092,NW-2026-02-K837,2026-02-21,2026-04-23,repair,49.21,unauthorized,supervisor_01,approved
RET-59117,NW-2026-03-I543,2026-03-10,2026-03-03,repair,96.98,wrong_item,supervisor_01,escalated
RET-70665,NW-2026-02-I150,2026-02-03,2026-02-27,store_credit,114.78,never_received,agent_001,denied
RET-59316,NW-2026-04-C921,2026-04-09,2026-04-04,replacement,87.99,not_as_described,agent_002,denied
RET-24337,NW-2026-03-K697,2026-02-17,2026-03-17,store_credit,325.29,unauthorized,agent_001,denied
RET-48810,NW-2026-04-G647,2026-02-13,2026-04-24,replacement,371.35,wrong_item,agent_003,approved
RET-36811,NW-2026-04-C611,2026-03-27,2026-02-27,repair,156.27,damaged,supervisor_01,denied
RET-89554,NW-2026-03-D980,2026-04-17,2026-04-07,replacement,392.22,not_as_described,agent_002,approved
RET-90244,NW-2026-03-J184,2026-04-22,2026-04-22,repair,249.83,not_as_described,agent_002,denied
RET-80331,NW-2026-02-K931,2026-04-02,2026-02-15,refund,277.42,not_as_described,agent_002,approved
RET-71781,NW-2026-02-F443,2026-02-10,2026-04-11,store_credit,127.39,unauthorized,agent_002,escalated
RET-32787,NW-2026-04-I572,2026-03-15,2026-02-15,refund,196.64,never_received,agent_002,pending
RET-22343,NW-2026-03-I512,2026-03-21,2026-04-24,store_credit,88.15,wrong_item,supervisor_01,escalated
RET-13473,NW-2026-04-E146,2026-02-16,2026-03-13,repair,332.26,not_as_described,supervisor_01,denied
RET-10073,NW-2026-02-J615,2026-02-07,2026-02-02,refund,145.63,wrong_item,agent_001,pending
RET-87775,NW-2026-03-H418,2026-04-20,2026-03-24,replacement,261.02,damaged,agent_002,approved
RET-29950,NW-2026-02-D530,2026-04-09,2026-04-04,replacement,276.08,not_as_described,agent_001,denied
RET-22438,NW-2026-03-F293,2026-03-17,2026-03-20,repair,256.91,unauthorized,agent_002,pending
RET-49693,NW-2026-02-C772,2026-02-26,2026-02-24,store_credit,390.86,never_received,agent_002,pending
RET-88959,NW-2026-03-D448,2026-03-19,2026-02-17,replacement,347.72,damaged,agent_001,approved
RET-54470,NW-2026-02-G720,2026-02-04,2026-02-08,refund,296.28,unauthorized,supervisor_01,pending
RET-75985,NW-2026-02-I115,2026-02-18,2026-02-19,store_credit,344.33,wrong_item,agent_001,denied
RET-70998,NW-2026-02-A160,2026-03-25,2026-02-20,repair,364.71,unauthorized,agent_001,approved
RET-92677,NW-2026-02-D464,2026-04-28,2026-02-11,store_credit,87.82,not_as_described,agent_001,pending
RET-80412,NW-2026-04-D292,2026-04-07,2026-02-24,replacement,314.92,wrong_item,agent_001,pending
RET-77995,NW-2026-02-D351,2026-03-13,2026-03-08,repair,148.35,unauthorized,agent_002,pending
RET-48565,NW-2026-04-B285,2026-04-27,2026-02-22,store_credit,194.67,wrong_item,supervisor_01,approved
RET-75178,NW-2026-03-A717,2026-04-19,2026-03-21,repair,238.26,never_received,agent_002,approved
RET-49343,NW-2026-02-C309,2026-03-04,2026-03-18,repair,298.93,damaged,agent_003,escalated
RET-54890,NW-2026-04-B209,2026-04-01,2026-02-22,repair,296.26,never_received,agent_003,denied
RET-46092,NW-2026-02-C556,2026-04-11,2026-04-02,store_credit,41.18,unauthorized,agent_001,escalated
RET-58891,NW-2026-04-K998,2026-02-10,2026-04-01,store_credit,375.30,unauthorized,agent_001,pending
RET-44072,NW-2026-02-G617,2026-02-27,2026-03-13,replacement,326.70,wrong_item,agent_002,pending
RET-78361,NW-2026-03-I234,2026-03-09,2026-04-23,replacement,318.31,unauthorized,agent_002,approved
RET-87496,NW-2026-03-B837,2026-04-08,2026-03-23,refund,330.33,wrong_item,agent_002,pending
RET-81953,NW-2026-04-D884,2026-04-28,2026-02-17,refund,190.85,not_as_described,agent_001,pending
RET-56259,NW-2026-03-I886,2026-03-11,2026-03-17,refund,110.59,wrong_item,agent_001,escalated
RET-32946,NW-2026-04-A196,2026-04-27,2026-03-13,store_credit,120.69,never_received,supervisor_01,pending
RET-12550,NW-2026-02-D600,2026-04-11,2026-04-21,replacement,206.99,unauthorized,supervisor_01,denied
RET-67163,NW-2026-02-A956,2026-04-09,2026-04-17,replacement,201.60,never_received,agent_003,denied
RET-29276,NW-2026-04-J355,2026-04-09,2026-04-08,replacement,330.89,wrong_item,supervisor_01,approved
RET-57190,NW-2026-02-D724,2026-04-16,2026-03-11,refund,35.68,unauthorized,agent_003,escalated
RET-39302,NW-2026-03-J122,2026-04-24,2026-04-22,store_credit,136.60,wrong_item,supervisor_01,approved
RET-27123,NW-2026-02-K222,2026-03-14,2026-03-07,repair,290.87,unauthorized,agent_001,escalated
RET-27134,NW-2026-03-C102,2026-04-10,2026-02-04,repair,215.33,never_received,agent_002,pending
RET-28775,NW-2026-04-K747,2026-04-22,2026-04-03,refund,112.44,damaged,agent_001,approved
RET-15375,NW-2026-02-E509,2026-03-27,2026-02-16,replacement,361.70,damaged,agent_003,pending
RET-81373,NW-2026-02-D972,2026-03-25,2026-02-23,repair,169.19,damaged,agent_003,denied
RET-88681,NW-2026-02-H290,2026-02-14,2026-02-17,store_credit,214.97,damaged,agent_002,denied
RET-44893,NW-2026-04-A900,2026-03-16,2026-02-13,repair,129.99,damaged,agent_002,escalated
RET-86262,NW-2026-04-D411,2026-03-23,2026-04-15,store_credit,281.32,unauthorized,agent_003,approved
RET-71508,NW-2026-04-D212,2026-03-04,2026-02-13,refund,139.41,never_received,agent_003,pending
RET-76505,NW-2026-02-A238,2026-02-14,2026-03-12,store_credit,246.67,never_received,agent_001,escalated
RET-39049,NW-2026-02-I725,2026-02-18,2026-04-02,refund,130.73,wrong_item,agent_002,escalated
RET-16829,NW-2026-03-C533,2026-03-09,2026-03-01,refund,211.20,never_received,supervisor_01,pending
RET-89888,NW-2026-02-I430,2026-03-10,2026-03-09,repair,39.94,wrong_item,agent_002,denied
RET-89758,NW-2026-03-G381,2026-04-05,2026-02-20,store_credit,149.45,wrong_item,agent_003,approved
RET-42433,NW-2026-02-E783,2026-02-08,2026-02-28,refund,344.51,damaged,agent_001,approved
RET-99889,NW-2026-04-K669,2026-04-14,2026-04-02,store_credit,286.96,unauthorized,agent_003,escalated
RET-45455,NW-2026-02-F466,2026-04-02,2026-02-28,store_credit,373.48,not_as_described,agent_002,pending
RET-49228,NW-2026-04-C967,2026-02-14,2026-02-19,store_credit,386.00,unauthorized,agent_001,approved
RET-17806,NW-2026-02-J516,2026-04-03,2026-04-15,store_credit,76.89,unauthorized,supervisor_01,approved
RET-36402,NW-2026-04-E495,2026-02-22,2026-03-26,store_credit,142.69,never_received,agent_001,escalated
RET-96511,NW-2026-04-H255,2026-03-04,2026-04-14,refund,278.96,never_received,agent_001,denied
RET-23668,NW-2026-04-H993,2026-04-05,2026-02-04,store_credit,185.27,never_received,agent_003,escalated
RET-71397,NW-2026-02-E998,2026-03-03,2026-02-02,replacement,104.50,wrong_item,agent_002,escalated
RET-69259,NW-2026-03-E655,2026-04-11,2026-02-20,store_credit,141.45,unauthorized,supervisor_01,escalated
RET-13693,NW-2026-04-B271,2026-03-03,2026-04-10,repair,180.76,wrong_item,agent_003,escalated
RET-23623,NW-2026-02-B658,2026-04-06,2026-04-07,repair,54.57,never_received,agent_001,denied
RET-82799,NW-2026-03-C119,2026-04-13,2026-04-28,store_credit,68.80,damaged,agent_002,approved
RET-98958,NW-2026-02-J807,2026-04-06,2026-02-02,refund,342.19,not_as_described,agent_002,pending
RET-42882,NW-2026-02-I522,2026-04-19,2026-02-02,refund,327.60,damaged,agent_003,approved
RET-35940,NW-2026-02-F521,2026-02-13,2026-04-08,repair,350.30,not_as_described,agent_001,escalated
RET-87151,NW-2026-03-H142,2026-02-07,2026-02-06,replacement,225.39,not_as_described,agent_003,pending
RET-50098,NW-2026-03-F940,2026-04-12,2026-02-09,store_credit,336.29,not_as_described,supervisor_01,pending
RET-56207,NW-2026-02-A572,2026-03-20,2026-02-13,repair,241.34,unauthorized,agent_001,pending
RET-96147,NW-2026-03-E397,2026-03-23,2026-04-27,replacement,91.21,damaged,agent_002,escalated
RET-83325,NW-2026-04-K868,2026-03-04,2026-02-02,store_credit,236.24,damaged,agent_001,approved
RET-14765,NW-2026-03-E169,2026-04-05,2026-04-01,repair,310.23,not_as_described,agent_001,denied
RET-63418,NW-2026-04-E411,2026-03-03,2026-03-14,store_credit,331.20,unauthorized,agent_002,denied
RET-88113,NW-2026-03-A193,2026-04-11,2026-04-24,repair,259.57,wrong_item,agent_002,pending
RET-72442,NW-2026-02-I179,2026-04-13,2026-04-19,repair,393.98,unauthorized,agent_003,escalated
RET-95256,NW-2026-04-G708,2026-02-02,2026-04-02,store_credit,192.26,wrong_item,agent_003,denied
RET-85010,NW-2026-03-F494,2026-04-02,2026-02-20,repair,292.21,unauthorized,agent_003,denied
RET-28482,NW-2026-04-H704,2026-03-07,2026-02-03,store_credit,382.64,wrong_item,agent_001,approved
RET-65664,NW-2026-02-K162,2026-04-15,2026-03-21,replacement,124.34,not_as_described,agent_002,escalated
RET-57194,NW-2026-04-E776,2026-02-18,2026-02-15,store_credit,231.74,never_received,agent_003,pending
RET-63488,NW-2026-03-H290,2026-03-22,2026-04-04,replacement,275.78,not_as_described,agent_002,approved
RET-90216,NW-2026-03-C635,2026-04-20,2026-04-02,store_credit,85.49,damaged,agent_001,escalated
RET-82482,NW-2026-04-C627,2026-03-16,2026-03-25,store_credit,313.89,never_received,agent_003,pending
RET-21426,NW-2026-04-F315,2026-03-02,2026-04-19,repair,207.75,never_received,agent_001,denied
RET-70622,NW-2026-04-I959,2026-02-28,2026-04-11,repair,251.26,damaged,agent_002,denied
RET-75713,NW-2026-02-F634,2026-04-21,2026-04-14,repair,239.58,unauthorized,agent_003,approved
RET-94336,NW-2026-02-K466,2026-03-04,2026-04-09,repair,322.01,unauthorized,supervisor_01,escalated
RET-15535,NW-2026-04-D817,2026-04-14,2026-04-16,repair,333.66,damaged,supervisor_01,escalated
RET-49685,NW-2026-04-J823,2026-03-02,2026-03-07,repair,285.73,wrong_item,agent_001,denied
RET-44596,NW-2026-02-D790,2026-02-03,2026-03-03,repair,114.28,never_received,supervisor_01,approved
RET-67865,NW-2026-02-I816,2026-04-04,2026-02-11,refund,273.11,damaged,agent_001,denied
RET-50361,NW-2026-03-J955,2026-03-07,2026-02-25,store_credit,11.92,unauthorized,agent_001,escalated
RET-90492,NW-2026-04-C747,2026-04-28,2026-04-02,repair,16.54,damaged,agent_001,approved
RET-16720,NW-2026-02-J960,2026-02-04,2026-03-10,repair,380.15,not_as_described,agent_001,denied
RET-77504,NW-2026-02-E788,2026-03-20,2026-04-01,replacement,77.75,wrong_item,supervisor_01,denied
RET-38183,NW-2026-02-K617,2026-02-12,2026-04-11,store_credit,60.76,damaged,agent_003,pending
RET-79553,NW-2026-03-G677,2026-03-24,2026-02-20,repair,214.24,unauthorized,supervisor_01,approved
RET-38812,NW-2026-03-C247,2026-03-20,2026-03-14,repair,163.21,damaged,agent_003,escalated
RET-27131,NW-2026-04-A223,2026-03-04,2026-03-01,replacement,193.50,wrong_item,agent_002,escalated
RET-47909,NW-2026-02-E951,2026-03-17,2026-04-03,refund,75.93,damaged,supervisor_01,denied
RET-63590,NW-2026-03-I543,2026-02-16,2026-03-03,store_credit,394.58,never_received,agent_001,escalated
RET-17041,NW-2026-03-B598,2026-02-21,2026-02-24,repair,35.66,never_received,agent_002,approved
RET-98400,NW-2026-03-J917,2026-03-05,2026-02-15,replacement,322.52,not_as_described,agent_002,denied
RET-21522,NW-2026-03-G286,2026-03-22,2026-03-08,store_credit,58.99,damaged,supervisor_01,approved
RET-39032,NW-2026-04-I421,2026-03-17,2026-03-22,refund,274.47,damaged,supervisor_01,denied
RET-95142,NW-2026-02-J127,2026-02-13,2026-04-21,store_credit,51.29,not_as_described,agent_001,approved
RET-91907,NW-2026-02-B583,2026-03-13,2026-04-27,replacement,238.50,never_received,agent_003,denied
RET-51657,NW-2026-02-A869,2026-04-26,2026-02-23,replacement,358.11,damaged,agent_001,approved
RET-47132,NW-2026-03-A681,2026-03-06,2026-03-28,repair,88.99,unauthorized,supervisor_01,denied
RET-82853,NW-2026-02-G964,2026-03-07,2026-02-03,store_credit,342.23,unauthorized,agent_001,approved
RET-31810,NW-2026-04-D495,2026-03-04,2026-04-11,refund,97.37,never_received,agent_001,escalated
RET-51406,NW-2026-02-H619,2026-03-17,2026-04-22,repair,74.57,unauthorized,supervisor_01,pending
RET-49090,NW-2026-04-B426,2026-04-02,2026-03-11,refund,382.35,unauthorized,agent_002,pending
RET-28289,NW-2026-04-H212,2026-03-03,2026-03-01,refund,361.83,unauthorized,agent_003,approved
RET-33157,NW-2026-03-E764,2026-03-14,2026-04-28,refund,159.73,unauthorized,supervisor_01,approved
RET-47813,NW-2026-03-F996,2026-03-13,2026-04-04,refund,208.74,not_as_described,agent_001,denied
RET-70942,NW-2026-03-I593,2026-03-18,2026-04-08,replacement,384.45,wrong_item,supervisor_01,pending
RET-55698,NW-2026-03-C552,2026-02-01,2026-03-11,repair,104.64,wrong_item,agent_002,pending
RET-21747,NW-2026-02-C255,2026-02-07,2026-04-18,refund,304.58,damaged,agent_002,pending
RET-20512,NW-2026-04-F792,2026-04-22,2026-03-04,store_credit,192.51,wrong_item,supervisor_01,approved
RET-36347,NW-2026-03-F507,2026-04-16,2026-04-16,replacement,284.77,not_as_described,agent_001,pending
RET-20537,NW-2026-03-I682,2026-02-26,2026-02-18,refund,262.52,never_received,supervisor_01,pending
RET-45336,NW-2026-03-B330,2026-04-27,2026-04-01,replacement,131.30,not_as_described,agent_003,escalated
RET-79271,NW-2026-02-C545,2026-04-21,2026-02-27,repair,328.89,wrong_item,supervisor_01,pending
RET-47323,NW-2026-02-B188,2026-03-17,2026-03-18,refund,362.22,wrong_item,agent_002,escalated
RET-85869,NW-2026-02-G456,2026-03-02,2026-04-08,store_credit,371.87,unauthorized,agent_002,escalated
RET-98403,NW-2026-03-B253,2026-03-02,2026-03-24,store_credit,304.73,unauthorized,agent_002,approved
RET-74235,NW-2026-02-K402,2026-02-26,2026-04-27,refund,50.78,unauthorized,supervisor_01,escalated
RET-77403,NW-2026-02-E402,2026-04-06,2026-03-05,store_credit,234.99,wrong_item,agent_003,approved
RET-84601,NW-2026-02-E990,2026-03-13,2026-03-07,repair,255.97,damaged,supervisor_01,approved
RET-43686,NW-2026-02-B211,2026-03-16,2026-04-22,store_credit,133.34,damaged,agent_001,approved
RET-13127,NW-2026-04-F536,2026-04-06,2026-04-24,repair,289.01,damaged,agent_003,pending
RET-58203,NW-2026-04-H568,2026-02-25,2026-03-02,refund,68.91,not_as_described,agent_002,denied
RET-78973,NW-2026-02-H764,2026-04-17,2026-04-14,refund,346.13,unauthorized,agent_003,pending
RET-35958,NW-2026-02-I173,2026-04-02,2026-04-05,store_credit,122.61,damaged,supervisor_01,denied
RET-37953,NW-2026-04-A223,2026-04-11,2026-03-07,replacement,50.50,never_received,agent_003,denied
RET-71256,NW-2026-02-I617,2026-03-26,2026-02-13,replacement,292.96,wrong_item,agent_002,pending
RET-37340,NW-2026-04-J960,2026-03-05,2026-03-09,store_credit,163.13,not_as_described,agent_002,pending
RET-75634,NW-2026-03-J649,2026-02-09,2026-03-14,repair,94.68,never_received,agent_003,pending
RET-58357,NW-2026-03-I685,2026-04-02,2026-03-19,store_credit,22.70,not_as_described,supervisor_01,approved
RET-82100,NW-2026-02-A465,2026-04-17,2026-02-16,replacement,31.77,unauthorized,agent_003,approved
RET-71458,NW-2026-02-J641,2026-03-11,2026-02-17,replacement,393.23,never_received,agent_001,denied
RET-82726,NW-2026-03-G720,2026-04-11,2026-04-11,repair,382.18,unauthorized,agent_003,approved
RET-81385,NW-2026-04-G367,2026-04-25,2026-04-28,replacement,399.05,damaged,agent_001,approved
RET-11772,NW-2026-03-H392,2026-02-18,2026-04-08,refund,86.02,damaged,agent_002,pending
RET-79506,NW-2026-03-J168,2026-03-07,2026-04-26,store_credit,368.59,never_received,supervisor_01,approved
RET-38932,NW-2026-03-C244,2026-03-07,2026-02-13,repair,342.63,damaged,agent_001,escalated
RET-75164,NW-2026-02-H712,2026-04-13,2026-04-10,store_credit,309.45,unauthorized,supervisor_01,denied
RET-66231,NW-2026-02-C113,2026-04-23,2026-04-18,repair,175.01,unauthorized,agent_002,approved
RET-60726,NW-2026-04-J189,2026-04-24,2026-02-02,replacement,248.05,wrong_item,agent_003,escalated
RET-26626,NW-2026-03-K242,2026-04-12,2026-04-04,store_credit,176.41,wrong_item,supervisor_01,approved
RET-65454,NW-2026-03-E627,2026-04-07,2026-02-10,store_credit,154.56,damaged,agent_003,approved
RET-33806,NW-2026-03-G151,2026-03-18,2026-03-15,refund,309.31,wrong_item,agent_003,approved
RET-48404,NW-2026-04-D556,2026-04-19,2026-02-12,replacement,328.47,wrong_item,agent_001,approved
RET-78209,NW-2026-02-K858,2026-04-06,2026-02-09,repair,374.22,damaged,agent_003,pending
RET-60515,NW-2026-02-B983,2026-04-15,2026-04-13,repair,359.98,wrong_item,agent_002,escalated
RET-68946,NW-2026-04-K299,2026-02-28,2026-02-17,refund,122.30,never_received,supervisor_01,approved
RET-19920,NW-2026-03-D301,2026-03-18,2026-03-28,repair,362.88,not_as_described,agent_002,approved
RET-16141,NW-2026-03-E389,2026-02-24,2026-03-22,refund,253.69,unauthorized,supervisor_01,approved
RET-51187,NW-2026-04-J991,2026-02-11,2026-04-09,store_credit,223.25,damaged,agent_001,denied
RET-78761,NW-2026-02-I735,2026-02-11,2026-02-15,repair,242.98,never_received,agent_002,denied
RET-68028,NW-2026-02-H262,2026-02-04,2026-03-07,replacement,94.27,unauthorized,agent_001,approved
RET-83837,NW-2026-04-G205,2026-04-26,2026-02-19,replacement,208.43,wrong_item,agent_002,pending
RET-35580,NW-2026-02-I576,2026-02-08,2026-04-20,store_credit,342.97,damaged,agent_001,approved
RET-43567,NW-2026-02-A549,2026-02-03,2026-02-17,refund,203.03,not_as_described,agent_002,denied
RET-19100,NW-2026-03-F975,2026-04-17,2026-03-11,store_credit,179.84,never_received,supervisor_01,pending
RET-70504,NW-2026-02-A951,2026-03-14,2026-02-04,replacement,218.61,wrong_item,agent_001,pending
RET-82675,NW-2026-02-H880,2026-02-02,2026-03-05,replacement,110.53,not_as_described,agent_003,denied
RET-69257,NW-2026-02-D529,2026-02-25,2026-04-01,store_credit,93.99,not_as_described,supervisor_01,escalated
RET-85276,NW-2026-02-D636,2026-03-12,2026-04-02,store_credit,43.40,not_as_described,supervisor_01,pending
RET-85112,NW-2026-03-A475,2026-03-26,2026-03-07,refund,328.69,damaged,agent_002,escalated
RET-25564,NW-2026-04-A167,2026-03-25,2026-02-16,replacement,243.80,not_as_described,agent_002,denied
RET-69710,NW-2026-02-F271,2026-02-14,2026-02-01,repair,256.72,not_as_described,agent_002,pending
RET-69808,NW-2026-03-H997,2026-03-12,2026-03-10,store_credit,302.73,not_as_described,agent_003,denied
RET-41519,NW-2026-03-G129,2026-03-04,2026-03-26,refund,30.51,never_received,agent_002,approved
RET-67087,NW-2026-03-H945,2026-02-09,2026-02-07,replacement,309.74,wrong_item,agent_001,denied
RET-71353,NW-2026-04-D985,2026-03-10,2026-03-02,store_credit,180.86,wrong_item,agent_003,approved
RET-65487,NW-2026-03-D591,2026-02-04,2026-02-04,repair,61.92,not_as_described,agent_001,approved
RET-71159,NW-2026-02-G259,2026-04-06,2026-02-25,refund,235.73,unauthorized,agent_003,approved
RET-82742,NW-2026-03-F336,2026-02-13,2026-03-17,store_credit,281.55,never_received,agent_001,pending
RET-48482,NW-2026-02-C613,2026-03-25,2026-02-18,store_credit,64.76,wrong_item,agent_002,pending
RET-80356,NW-2026-02-J752,2026-04-18,2026-02-10,repair,312.16,never_received,agent_003,approved
RET-90234,NW-2026-03-D367,2026-02-13,2026-02-28,replacement,222.82,not_as_described,agent_001,pending
RET-99290,NW-2026-02-D515,2026-02-25,2026-03-21,store_credit,21.95,damaged,supervisor_01,escalated
RET-80324,NW-2026-02-H332,2026-04-03,2026-02-18,replacement,360.74,not_as_described,supervisor_01,denied
RET-48873,NW-2026-04-C718,2026-02-19,2026-04-15,store_credit,283.73,unauthorized,agent_001,pending
RET-32265,NW-2026-03-D604,2026-02-25,2026-03-11,replacement,61.67,never_received,supervisor_01,escalated
RET-72652,NW-2026-03-C856,2026-02-03,2026-03-20,repair,240.56,damaged,agent_001,escalated
RET-14440,NW-2026-02-C627,2026-03-01,2026-04-27,replacement,362.06,not_as_described,agent_003,escalated
RET-40018,NW-2026-02-J355,2026-02-07,2026-02-02,replacement,295.29,never_received,supervisor_01,pending
RET-12039,NW-2026-03-I365,2026-03-21,2026-02-27,replacement,26.29,unauthorized,agent_003,denied
RET-88805,NW-2026-03-B522,2026-02-22,2026-04-17,replacement,354.89,not_as_described,supervisor_01,pending
RET-41517,NW-2026-04-F733,2026-04-10,2026-03-24,store_credit,212.57,never_received,agent_001,denied
RET-49169,NW-2026-03-B592,2026-04-05,2026-03-09,refund,215.08,wrong_item,agent_001,escalated
RET-17784,NW-2026-04-C193,2026-02-28,2026-02-12,refund,209.31,damaged,supervisor_01,pending
RET-52539,NW-2026-04-K352,2026-02-10,2026-03-02,store_credit,263.34,never_received,agent_003,approved
RET-77357,NW-2026-04-I484,2026-02-20,2026-03-11,repair,299.92,never_received,agent_001,escalated
RET-44424,NW-2026-02-B351,2026-03-07,2026-03-07,store_credit,89.70,wrong_item,agent_002,escalated
RET-36609,NW-2026-02-H409,2026-04-14,2026-03-14,replacement,155.42,damaged,agent_002,approved
RET-96366,NW-2026-02-B187,2026-03-14,2026-04-25,store_credit,156.60,not_as_described,agent_001,escalated
RET-15317,NW-2026-03-H791,2026-03-11,2026-03-25,store_credit,28.34,not_as_described,supervisor_01,approved
RET-82974,NW-2026-02-A253,2026-04-13,2026-04-26,store_credit,27.19,damaged,agent_003,approved
RET-44455,NW-2026-03-I882,2026-03-14,2026-03-27,store_credit,300.13,not_as_described,supervisor_01,escalated
RET-37369,NW-2026-04-F970,2026-02-17,2026-02-12,repair,103.98,wrong_item,agent_003,approved
RET-22946,NW-2026-03-F825,2026-03-27,2026-03-27,store_credit,52.69,damaged,agent_003,approved
RET-24409,NW-2026-03-C556,2026-04-16,2026-04-26,replacement,270.83,wrong_item,agent_003,denied
RET-58566,NW-2026-03-H250,2026-02-15,2026-04-28,refund,353.74,never_received,agent_001,denied
RET-51105,NW-2026-02-A783,2026-04-06,2026-03-04,repair,13.21,damaged,agent_003,escalated
RET-89326,NW-2026-02-F125,2026-04-12,2026-03-01,refund,28.06,not_as_described,agent_002,escalated
RET-42496,NW-2026-02-H571,2026-03-04,2026-03-24,replacement,389.06,not_as_described,agent_002,escalated
RET-11061,NW-2026-03-A451,2026-04-01,2026-04-21,repair,112.94,not_as_described,agent_003,denied
RET-60394,NW-2026-02-J167,2026-03-22,2026-02-13,repair,294.80,never_received,agent_003,escalated
RET-48361,NW-2026-02-I319,2026-02-05,2026-04-03,replacement,309.19,unauthorized,supervisor_01,pending
RET-33717,NW-2026-04-A143,2026-03-25,2026-04-23,repair,143.03,damaged,agent_002,denied
RET-64850,NW-2026-04-A108,2026-02-22,2026-02-20,replacement,148.62,unauthorized,agent_001,escalated
RET-25248,NW-2026-02-I752,2026-02-03,2026-04-26,repair,324.51,never_received,agent_001,denied
RET-70602,NW-2026-03-G772,2026-03-19,2026-03-19,store_credit,383.92,not_as_described,agent_001,pending
RET-45432,NW-2026-04-D153,2026-03-09,2026-04-25,repair,191.36,damaged,agent_001,escalated
RET-25809,NW-2026-04-D403,2026-03-21,2026-03-04,store_credit,53.32,damaged,agent_001,approved
RET-69977,NW-2026-03-C283,2026-04-06,2026-04-25,store_credit,221.67,unauthorized,supervisor_01,approved
RET-82683,NW-2026-03-I432,2026-03-15,2026-02-24,replacement,371.84,damaged,agent_003,approved
RET-40994,NW-2026-03-J473,2026-03-22,2026-04-13,refund,187.70,not_as_described,agent_003,escalated
