paper_id	paper_doi	researcher_group	journal	year	fig_pair	similarity_score	verdict	method	review_status	notes
PID-0001	10.1038/nm.3867	Ghobrial	Leukemia	2000	Fig.5C-vs-Fig.5A	0.7596	DISTINCT	ImageTwin_v2.1	reviewed	Batch analysis #1, scan date 2024-01-15
PID-0002	10.1016/j.ccr.2007.02.015	Anderson	Science	2017	Fig.4B-vs-Fig.8B	0.7003	DISTINCT	ImageTwin_v2.1	disputed	Batch analysis #1, scan date 2024-02-15
PID-0003	10.1038/22780	Hahn	Nature Medicine	2010	Fig.3C-vs-Fig.8A	0.7986	DISTINCT	ImageTwin_v2.1	confirmed	Batch analysis #1, scan date 2024-03-15
PID-0004	10.1126/science.1123480	Glimcher	Science	2018	Fig.5A-vs-Fig.7C	0.9939	DUPLICATE	ImageTwin_v2.1	disputed	Batch analysis #1, scan date 2024-04-15
PID-0005	10.1038/nm.3867	Hahn	PNAS	2014	Fig.5C-vs-Fig.1C	0.8389	SIMILAR	ImageTwin_v2.1	confirmed	Batch analysis #1, scan date 2024-05-15
PID-0006	10.1126/science.1123480	Glimcher	Leukemia	2011	Fig.2B-vs-Fig.8A	0.9288	SIMILAR	ImageTwin_v2.1	disputed	Batch analysis #1, scan date 2024-06-15
PID-0007	10.1038/nm.3867	Glimcher	Nature Medicine	2019	Fig.6D-vs-Fig.4C	0.9829	DUPLICATE	ImageTwin_v2.1	confirmed	Batch analysis #1, scan date 2024-07-15
PID-0008	10.1182/blood-2008-10-186668	Ghobrial	Cancer Cell	2011	Fig.3B-vs-Fig.8B	0.6849	DISTINCT	ImageTwin_v2.1	disputed	Batch analysis #1, scan date 2024-08-15
PID-0009	10.1182/blood-2008-10-186668	Hahn	Nature Medicine	2005	Fig.4C-vs-Fig.4B	0.4553	DISTINCT	ImageTwin_v2.1	disputed	Batch analysis #1, scan date 2024-09-15
PID-0010	10.1038/nm.3867	Hahn	Cancer Cell	2001	Fig.8C-vs-Fig.4C	0.7367	DISTINCT	ImageTwin_v2.1	pending	Batch analysis #1, scan date 2024-10-15
PID-0011	10.1182/blood-2008-10-186668	Anderson	Oncogene	2013	Fig.4D-vs-Fig.7A	0.99	DUPLICATE	ImageTwin_v2.1	pending	Batch analysis #1, scan date 2024-11-15
PID-0012	10.1016/j.ccr.2007.02.015	Ghobrial	Blood	2016	Fig.2B-vs-Fig.7C	0.5837	DISTINCT	ImageTwin_v2.1	pending	Batch analysis #1, scan date 2024-12-15
PID-0013	10.1016/j.ccr.2007.02.015	Hahn	Oncogene	2018	Fig.7B-vs-Fig.5D	0.4773	DISTINCT	ImageTwin_v2.1	reviewed	Batch analysis #1, scan date 2024-01-15
PID-0014	10.1038/nm.3867	Ghobrial	Oncogene	2006	Fig.3A-vs-Fig.4D	0.5077	DISTINCT	ImageTwin_v2.1	reviewed	Batch analysis #1, scan date 2024-02-15
PID-0015	10.1126/science.1123480	Hahn	Leukemia	2002	Fig.7A-vs-Fig.7D	0.8354	SIMILAR	ImageTwin_v2.1	confirmed	Batch analysis #1, scan date 2024-03-15
PID-0016	10.1126/science.1123480	Glimcher	PNAS	2020	Fig.1D-vs-Fig.6B	0.6204	DISTINCT	ImageTwin_v2.1	pending	Batch analysis #1, scan date 2024-04-15
PID-0017	10.1182/blood-2008-10-186668	Ghobrial	Leukemia	2000	Fig.1A-vs-Fig.8A	0.9529	DUPLICATE	ImageTwin_v2.1	disputed	Batch analysis #1, scan date 2024-05-15
PID-0018	10.1038/nm.3867	Hahn	Oncogene	2001	Fig.1D-vs-Fig.4B	0.606	DISTINCT	ImageTwin_v2.1	confirmed	Batch analysis #1, scan date 2024-06-15
PID-0019	10.1038/nm.3867	Anderson	Oncogene	2017	Fig.1B-vs-Fig.5B	0.8727	SIMILAR	ImageTwin_v2.1	pending	Batch analysis #1, scan date 2024-07-15
PID-0020	10.1126/science.1123480	Hahn	Blood	1998	Fig.7C-vs-Fig.7B	0.8721	SIMILAR	ImageTwin_v2.1	disputed	Batch analysis #1, scan date 2024-08-15
PID-0021	10.1182/bld.9000020	Anderson	Science	2011	Fig.5C-vs-Fig.7D	0.6568	DISTINCT	ImageTwin_v2.1	confirmed	Batch analysis #1, scan date 2024-09-15
PID-0022	10.1182/bld.9000021	Anderson	PNAS	2022	Fig.6C-vs-Fig.7C	0.5052	DISTINCT	ImageTwin_v2.1	pending	Batch analysis #1, scan date 2024-10-15
PID-0023	10.1182/bld.9000022	Glimcher	PNAS	2007	Fig.2A-vs-Fig.6A	0.4725	DISTINCT	ImageTwin_v2.1	disputed	Batch analysis #1, scan date 2024-11-15
PID-0024	10.1182/bld.9000023	Glimcher	Molecular Cell	2017	Fig.6C-vs-Fig.4D	0.7683	DISTINCT	ImageTwin_v2.1	pending	Batch analysis #1, scan date 2024-12-15
PID-0025	10.1182/bld.9000024	Hahn	Leukemia	2005	Fig.8A-vs-Fig.2C	0.5567	DISTINCT	ImageTwin_v2.1	pending	Batch analysis #1, scan date 2024-01-15
PID-0026	10.1182/bld.9000025	Glimcher	Science	2006	Fig.8D-vs-Fig.8A	0.4669	DISTINCT	ImageTwin_v2.1	reviewed	Batch analysis #1, scan date 2024-02-15
PID-0027	10.1182/bld.9000026	Glimcher	Molecular Cell	2018	Fig.6B-vs-Fig.5D	0.8413	SIMILAR	ImageTwin_v2.1	confirmed	Batch analysis #1, scan date 2024-03-15
PID-0028	10.1182/bld.9000027	Anderson	PNAS	2007	Fig.6D-vs-Fig.4B	0.574	DISTINCT	ImageTwin_v2.1	reviewed	Batch analysis #1, scan date 2024-04-15
PID-0029	10.1182/bld.9000028	Ghobrial	PNAS	2014	Fig.8D-vs-Fig.6C	0.7778	DISTINCT	ImageTwin_v2.1	disputed	Batch analysis #1, scan date 2024-05-15
PID-0030	10.1182/bld.9000029	Hahn	Molecular Cell	2013	Fig.6A-vs-Fig.7B	0.9881	DUPLICATE	ImageTwin_v2.1	disputed	Batch analysis #1, scan date 2024-06-15
PID-0031	10.1182/bld.9000030	Glimcher	Blood	2008	Fig.8B-vs-Fig.4C	0.9901	DUPLICATE	ImageTwin_v2.1	pending	Batch analysis #1, scan date 2024-07-15
PID-0032	10.1182/bld.9000031	Anderson	PNAS	2006	Fig.2D-vs-Fig.3B	0.8541	SIMILAR	ImageTwin_v2.1	confirmed	Batch analysis #1, scan date 2024-08-15
PID-0033	10.1182/bld.9000032	Ghobrial	Molecular Cell	2010	Fig.6C-vs-Fig.3C	0.4792	DISTINCT	ImageTwin_v2.1	pending	Batch analysis #1, scan date 2024-09-15
PID-0034	10.1182/bld.9000033	Anderson	Molecular Cell	2022	Fig.5A-vs-Fig.4C	0.508	DISTINCT	ImageTwin_v2.1	confirmed	Batch analysis #1, scan date 2024-10-15
PID-0035	10.1182/bld.9000034	Hahn	Blood	2020	Fig.6A-vs-Fig.7B	0.6806	DISTINCT	ImageTwin_v2.1	reviewed	Batch analysis #1, scan date 2024-11-15
PID-0036	10.1182/bld.9000035	Hahn	Oncogene	2000	Fig.4A-vs-Fig.7D	0.8577	SIMILAR	ImageTwin_v2.1	reviewed	Batch analysis #1, scan date 2024-12-15
PID-0037	10.1182/bld.9000036	Ghobrial	Science	2012	Fig.3B-vs-Fig.3C	0.9873	DUPLICATE	ImageTwin_v2.1	pending	Batch analysis #1, scan date 2024-01-15
PID-0038	10.1182/bld.9000037	Anderson	PNAS	2007	Fig.8C-vs-Fig.4D	0.6329	DISTINCT	ImageTwin_v2.1	confirmed	Batch analysis #1, scan date 2024-02-15
PID-0039	10.1182/bld.9000038	Glimcher	Molecular Cell	2012	Fig.1D-vs-Fig.3B	0.8549	SIMILAR	ImageTwin_v2.1	reviewed	Batch analysis #1, scan date 2024-03-15
PID-0040	10.1182/bld.9000039	Anderson	Leukemia	2007	Fig.3D-vs-Fig.5A	0.6964	DISTINCT	ImageTwin_v2.1	reviewed	Batch analysis #1, scan date 2024-04-15
PID-0041	10.1182/bld.9000040	Ghobrial	Leukemia	2010	Fig.5B-vs-Fig.5C	0.5945	DISTINCT	ImageTwin_v2.1	confirmed	Batch analysis #1, scan date 2024-05-15
PID-0042	10.1182/bld.9000041	Hahn	Cancer Cell	2006	Fig.6C-vs-Fig.8C	0.6999	DISTINCT	ImageTwin_v2.1	reviewed	Batch analysis #1, scan date 2024-06-15
PID-0043	10.1182/bld.9000042	Ghobrial	Blood	2002	Fig.6B-vs-Fig.2D	0.9859	DUPLICATE	ImageTwin_v2.1	reviewed	Batch analysis #1, scan date 2024-07-15
PID-0044	10.1182/bld.9000043	Anderson	PNAS	2008	Fig.5C-vs-Fig.5C	0.7964	DISTINCT	ImageTwin_v2.1	confirmed	Batch analysis #1, scan date 2024-08-15
PID-0045	10.1182/bld.9000044	Hahn	Oncogene	2003	Fig.6D-vs-Fig.6C	0.558	DISTINCT	ImageTwin_v2.1	pending	Batch analysis #1, scan date 2024-09-15
PID-0046	10.1182/bld.9000045	Glimcher	PNAS	1998	Fig.8D-vs-Fig.7D	0.5766	DISTINCT	ImageTwin_v2.1	pending	Batch analysis #1, scan date 2024-10-15
PID-0047	10.1182/bld.9000046	Hahn	Leukemia	2021	Fig.8D-vs-Fig.2B	0.9052	SIMILAR	ImageTwin_v2.1	pending	Batch analysis #1, scan date 2024-11-15
PID-0048	10.1182/bld.9000047	Glimcher	Oncogene	1999	Fig.8C-vs-Fig.7B	0.9033	SIMILAR	ImageTwin_v2.1	confirmed	Batch analysis #1, scan date 2024-12-15
PID-0049	10.1182/bld.9000048	Ghobrial	Science	2014	Fig.5B-vs-Fig.5D	0.8764	SIMILAR	ImageTwin_v2.1	pending	Batch analysis #1, scan date 2024-01-15
PID-0050	10.1182/bld.9000049	Ghobrial	Oncogene	2009	Fig.6A-vs-Fig.2D	0.7861	DISTINCT	ImageTwin_v2.1	reviewed	Batch analysis #1, scan date 2024-02-15
PID-0051	10.1182/bld.9000050	Glimcher	Leukemia	2013	Fig.3C-vs-Fig.1C	0.4656	DISTINCT	ImageTwin_v2.1	pending	Batch analysis #2, scan date 2024-03-15
PID-0052	10.1182/bld.9000051	Anderson	Molecular Cell	2022	Fig.1A-vs-Fig.4D	0.9223	SIMILAR	ImageTwin_v2.1	pending	Batch analysis #2, scan date 2024-04-15
PID-0053	10.1182/bld.9000052	Ghobrial	Leukemia	2020	Fig.1B-vs-Fig.2D	0.5413	DISTINCT	ImageTwin_v2.1	reviewed	Batch analysis #2, scan date 2024-05-15
PID-0054	10.1182/bld.9000053	Glimcher	Oncogene	2016	Fig.3C-vs-Fig.8B	0.6316	DISTINCT	ImageTwin_v2.1	pending	Batch analysis #2, scan date 2024-06-15
PID-0055	10.1182/bld.9000054	Ghobrial	Cancer Cell	2013	Fig.5A-vs-Fig.2B	0.6161	DISTINCT	ImageTwin_v2.1	disputed	Batch analysis #2, scan date 2024-07-15
PID-0056	10.1182/bld.9000055	Glimcher	Science	2000	Fig.4A-vs-Fig.3A	0.4593	DISTINCT	ImageTwin_v2.1	confirmed	Batch analysis #2, scan date 2024-08-15
PID-0057	10.1182/bld.9000056	Ghobrial	Oncogene	1998	Fig.2B-vs-Fig.8A	0.8271	SIMILAR	ImageTwin_v2.1	confirmed	Batch analysis #2, scan date 2024-09-15
PID-0058	10.1182/bld.9000057	Ghobrial	Blood	2008	Fig.3B-vs-Fig.7B	0.5741	DISTINCT	ImageTwin_v2.1	confirmed	Batch analysis #2, scan date 2024-10-15
PID-0059	10.1182/bld.9000058	Anderson	Nature Medicine	2002	Fig.2C-vs-Fig.1B	0.8473	SIMILAR	ImageTwin_v2.1	confirmed	Batch analysis #2, scan date 2024-11-15
PID-0060	10.1182/bld.9000059	Glimcher	Blood	2014	Fig.6D-vs-Fig.7C	0.6796	DISTINCT	ImageTwin_v2.1	reviewed	Batch analysis #2, scan date 2024-12-15
PID-0061	10.1182/bld.9000060	Hahn	Cancer Cell	2000	Fig.8A-vs-Fig.1A	0.9698	DUPLICATE	ImageTwin_v2.1	pending	Batch analysis #2, scan date 2024-01-15
PID-0062	10.1182/bld.9000061	Glimcher	Nature Medicine	2006	Fig.7A-vs-Fig.2D	0.751	DISTINCT	ImageTwin_v2.1	pending	Batch analysis #2, scan date 2024-02-15
PID-0063	10.1182/bld.9000062	Anderson	Science	2004	Fig.5C-vs-Fig.6B	0.7885	DISTINCT	ImageTwin_v2.1	confirmed	Batch analysis #2, scan date 2024-03-15
PID-0064	10.1182/bld.9000063	Ghobrial	Oncogene	2005	Fig.6D-vs-Fig.2B	0.9049	SIMILAR	ImageTwin_v2.1	confirmed	Batch analysis #2, scan date 2024-04-15
PID-0065	10.1182/bld.9000064	Anderson	Nature Medicine	2021	Fig.7C-vs-Fig.3B	0.6788	DISTINCT	ImageTwin_v2.1	confirmed	Batch analysis #2, scan date 2024-05-15
PID-0066	10.1182/bld.9000065	Hahn	Science	2019	Fig.2D-vs-Fig.7B	0.4543	DISTINCT	ImageTwin_v2.1	pending	Batch analysis #2, scan date 2024-06-15
PID-0067	10.1182/bld.9000066	Anderson	Science	2000	Fig.7C-vs-Fig.2C	0.711	DISTINCT	ImageTwin_v2.1	confirmed	Batch analysis #2, scan date 2024-07-15
PID-0068	10.1182/bld.9000067	Hahn	Molecular Cell	2020	Fig.4C-vs-Fig.6A	0.6903	DISTINCT	ImageTwin_v2.1	reviewed	Batch analysis #2, scan date 2024-08-15
PID-0069	10.1182/bld.9000068	Ghobrial	Science	2018	Fig.7B-vs-Fig.4B	0.6341	DISTINCT	ImageTwin_v2.1	reviewed	Batch analysis #2, scan date 2024-09-15
PID-0070	10.1182/bld.9000069	Glimcher	Nature Medicine	2019	Fig.3A-vs-Fig.4C	0.6176	DISTINCT	ImageTwin_v2.1	disputed	Batch analysis #2, scan date 2024-10-15
PID-0071	10.1182/bld.9000070	Glimcher	Molecular Cell	2003	Fig.1D-vs-Fig.7B	0.9501	DUPLICATE	ImageTwin_v2.1	pending	Batch analysis #2, scan date 2024-11-15
PID-0072	10.1182/bld.9000071	Hahn	Oncogene	1999	Fig.4A-vs-Fig.3A	0.9504	DUPLICATE	ImageTwin_v2.1	reviewed	Batch analysis #2, scan date 2024-12-15
PID-0073	10.1182/bld.9000072	Anderson	PNAS	2018	Fig.4B-vs-Fig.3B	0.834	SIMILAR	ImageTwin_v2.1	confirmed	Batch analysis #2, scan date 2024-01-15
PID-0074	10.1182/bld.9000073	Glimcher	Nature Medicine	2008	Fig.1D-vs-Fig.5B	0.8757	SIMILAR	ImageTwin_v2.1	pending	Batch analysis #2, scan date 2024-02-15
PID-0075	10.1182/bld.9000074	Glimcher	Cancer Cell	2002	Fig.4A-vs-Fig.8D	0.6339	DISTINCT	ImageTwin_v2.1	confirmed	Batch analysis #2, scan date 2024-03-15
PID-0076	10.1182/bld.9000075	Ghobrial	Cancer Cell	2005	Fig.2A-vs-Fig.3B	0.9578	DUPLICATE	ImageTwin_v2.1	disputed	Batch analysis #2, scan date 2024-04-15
PID-0077	10.1182/bld.9000076	Hahn	PNAS	2007	Fig.5A-vs-Fig.3D	0.8344	SIMILAR	ImageTwin_v2.1	confirmed	Batch analysis #2, scan date 2024-05-15
PID-0078	10.1182/bld.9000077	Anderson	Leukemia	2016	Fig.5D-vs-Fig.3C	0.9901	DUPLICATE	ImageTwin_v2.1	disputed	Batch analysis #2, scan date 2024-06-15
PID-0079	10.1182/bld.9000078	Glimcher	PNAS	2003	Fig.2C-vs-Fig.1C	0.7494	DISTINCT	ImageTwin_v2.1	disputed	Batch analysis #2, scan date 2024-07-15
PID-0080	10.1182/bld.9000079	Glimcher	Cancer Cell	2016	Fig.5D-vs-Fig.5B	0.9971	DUPLICATE	ImageTwin_v2.1	reviewed	Batch analysis #2, scan date 2024-08-15
PID-0081	10.1182/bld.9000080	Anderson	PNAS	1998	Fig.3B-vs-Fig.1D	0.8556	SIMILAR	ImageTwin_v2.1	confirmed	Batch analysis #2, scan date 2024-09-15
PID-0082	10.1182/bld.9000081	Ghobrial	PNAS	2014	Fig.1A-vs-Fig.8D	0.6258	DISTINCT	ImageTwin_v2.1	confirmed	Batch analysis #2, scan date 2024-10-15
PID-0083	10.1182/bld.9000082	Anderson	Leukemia	2022	Fig.6D-vs-Fig.2C	0.6558	DISTINCT	ImageTwin_v2.1	disputed	Batch analysis #2, scan date 2024-11-15
PID-0084	10.1182/bld.9000083	Glimcher	Oncogene	2002	Fig.3C-vs-Fig.1C	0.6728	DISTINCT	ImageTwin_v2.1	disputed	Batch analysis #2, scan date 2024-12-15
PID-0085	10.1182/bld.9000084	Ghobrial	Blood	2008	Fig.5B-vs-Fig.2A	0.5881	DISTINCT	ImageTwin_v2.1	disputed	Batch analysis #2, scan date 2024-01-15
PID-0086	10.1182/bld.9000085	Ghobrial	Nature Medicine	1998	Fig.7D-vs-Fig.7C	0.8283	SIMILAR	ImageTwin_v2.1	confirmed	Batch analysis #2, scan date 2024-02-15
PID-0087	10.1182/bld.9000086	Hahn	PNAS	2010	Fig.2C-vs-Fig.5C	0.9551	DUPLICATE	ImageTwin_v2.1	confirmed	Batch analysis #2, scan date 2024-03-15
PID-0088	10.1182/bld.9000087	Glimcher	Molecular Cell	2002	Fig.2A-vs-Fig.6B	0.9893	DUPLICATE	ImageTwin_v2.1	confirmed	Batch analysis #2, scan date 2024-04-15
PID-0089	10.1182/bld.9000088	Hahn	PNAS	2002	Fig.5B-vs-Fig.1C	0.8949	SIMILAR	ImageTwin_v2.1	disputed	Batch analysis #2, scan date 2024-05-15
PID-0090	10.1182/bld.9000089	Ghobrial	Molecular Cell	2005	Fig.1C-vs-Fig.1D	0.5927	DISTINCT	ImageTwin_v2.1	pending	Batch analysis #2, scan date 2024-06-15
PID-0091	10.1182/bld.9000090	Anderson	Leukemia	2006	Fig.4A-vs-Fig.6D	0.6472	DISTINCT	ImageTwin_v2.1	confirmed	Batch analysis #2, scan date 2024-07-15
PID-0092	10.1182/bld.9000091	Anderson	Blood	2022	Fig.4D-vs-Fig.3C	0.9571	DUPLICATE	ImageTwin_v2.1	disputed	Batch analysis #2, scan date 2024-08-15
PID-0093	10.1182/bld.9000092	Glimcher	Leukemia	2020	Fig.6A-vs-Fig.8C	0.8453	SIMILAR	ImageTwin_v2.1	pending	Batch analysis #2, scan date 2024-09-15
PID-0094	10.1182/bld.9000093	Anderson	PNAS	1998	Fig.4B-vs-Fig.7C	0.9588	DUPLICATE	ImageTwin_v2.1	confirmed	Batch analysis #2, scan date 2024-10-15
PID-0095	10.1182/bld.9000094	Anderson	Cancer Cell	1999	Fig.2D-vs-Fig.4D	0.9468	SIMILAR	ImageTwin_v2.1	reviewed	Batch analysis #2, scan date 2024-11-15
PID-0096	10.1182/bld.9000095	Hahn	Cancer Cell	2011	Fig.3D-vs-Fig.7A	0.6158	DISTINCT	ImageTwin_v2.1	confirmed	Batch analysis #2, scan date 2024-12-15
PID-0097	10.1182/bld.9000096	Anderson	Nature Medicine	1998	Fig.2C-vs-Fig.1D	0.5028	DISTINCT	ImageTwin_v2.1	pending	Batch analysis #2, scan date 2024-01-15
PID-0098	10.1182/bld.9000097	Hahn	Nature Medicine	2001	Fig.2B-vs-Fig.4A	0.9506	DUPLICATE	ImageTwin_v2.1	confirmed	Batch analysis #2, scan date 2024-02-15
PID-0099	10.1182/bld.9000098	Ghobrial	Blood	2021	Fig.8C-vs-Fig.3A	0.8373	SIMILAR	ImageTwin_v2.1	confirmed	Batch analysis #2, scan date 2024-03-15
PID-0100	10.1182/bld.9000099	Glimcher	Blood	2022	Fig.8D-vs-Fig.1A	0.6841	DISTINCT	ImageTwin_v2.1	disputed	Batch analysis #2, scan date 2024-04-15
PID-0101	10.1182/bld.9000100	Hahn	Nature Medicine	2001	Fig.3D-vs-Fig.2C	0.861	SIMILAR	ImageTwin_v2.1	reviewed	Batch analysis #3, scan date 2024-05-15
PID-0102	10.1182/bld.9000101	Anderson	PNAS	2002	Fig.3B-vs-Fig.8B	0.8073	SIMILAR	ImageTwin_v2.1	pending	Batch analysis #3, scan date 2024-06-15
PID-0103	10.1182/bld.9000102	Anderson	Nature Medicine	2012	Fig.6C-vs-Fig.2D	0.6039	DISTINCT	ImageTwin_v2.1	disputed	Batch analysis #3, scan date 2024-07-15
PID-0104	10.1182/bld.9000103	Glimcher	Molecular Cell	2002	Fig.3B-vs-Fig.3D	0.9275	SIMILAR	ImageTwin_v2.1	pending	Batch analysis #3, scan date 2024-08-15
PID-0105	10.1182/bld.9000104	Glimcher	Blood	2019	Fig.7A-vs-Fig.6C	0.8873	SIMILAR	ImageTwin_v2.1	reviewed	Batch analysis #3, scan date 2024-09-15
PID-0106	10.1182/bld.9000105	Hahn	Blood	2012	Fig.3C-vs-Fig.7B	0.992	DUPLICATE	ImageTwin_v2.1	confirmed	Batch analysis #3, scan date 2024-10-15
PID-0107	10.1182/bld.9000106	Glimcher	Science	2016	Fig.3B-vs-Fig.6A	0.7916	DISTINCT	ImageTwin_v2.1	disputed	Batch analysis #3, scan date 2024-11-15
PID-0108	10.1182/bld.9000107	Anderson	PNAS	1999	Fig.1A-vs-Fig.6A	0.9007	SIMILAR	ImageTwin_v2.1	confirmed	Batch analysis #3, scan date 2024-12-15
PID-0109	10.1182/bld.9000108	Hahn	Molecular Cell	2001	Fig.8C-vs-Fig.6B	0.6034	DISTINCT	ImageTwin_v2.1	pending	Batch analysis #3, scan date 2024-01-15
PID-0110	10.1182/bld.9000109	Hahn	Oncogene	2018	Fig.2B-vs-Fig.4C	0.7285	DISTINCT	ImageTwin_v2.1	reviewed	Batch analysis #3, scan date 2024-02-15
PID-0111	10.1182/bld.9000110	Hahn	Blood	2008	Fig.5B-vs-Fig.6C	0.6193	DISTINCT	ImageTwin_v2.1	reviewed	Batch analysis #3, scan date 2024-03-15
PID-0112	10.1182/bld.9000111	Ghobrial	PNAS	2008	Fig.4A-vs-Fig.3B	0.8692	SIMILAR	ImageTwin_v2.1	reviewed	Batch analysis #3, scan date 2024-04-15
PID-0113	10.1182/bld.9000112	Ghobrial	Oncogene	2013	Fig.1B-vs-Fig.1B	0.6245	DISTINCT	ImageTwin_v2.1	disputed	Batch analysis #3, scan date 2024-05-15
PID-0114	10.1182/bld.9000113	Anderson	Cancer Cell	2011	Fig.5C-vs-Fig.6A	0.5111	DISTINCT	ImageTwin_v2.1	confirmed	Batch analysis #3, scan date 2024-06-15
PID-0115	10.1182/bld.9000114	Anderson	Cancer Cell	2017	Fig.6D-vs-Fig.6D	0.9706	DUPLICATE	ImageTwin_v2.1	confirmed	Batch analysis #3, scan date 2024-07-15
PID-0116	10.1182/bld.9000115	Ghobrial	Blood	2014	Fig.7A-vs-Fig.1A	0.6242	DISTINCT	ImageTwin_v2.1	pending	Batch analysis #3, scan date 2024-08-15
PID-0117	10.1182/bld.9000116	Glimcher	Science	2018	Fig.3C-vs-Fig.3D	0.7808	DISTINCT	ImageTwin_v2.1	pending	Batch analysis #3, scan date 2024-09-15
PID-0118	10.1182/bld.9000117	Glimcher	Leukemia	2007	Fig.5A-vs-Fig.7C	0.6088	DISTINCT	ImageTwin_v2.1	reviewed	Batch analysis #3, scan date 2024-10-15
PID-0119	10.1182/bld.9000118	Anderson	Cancer Cell	2015	Fig.8A-vs-Fig.1B	0.4744	DISTINCT	ImageTwin_v2.1	pending	Batch analysis #3, scan date 2024-11-15
PID-0120	10.1182/bld.9000119	Glimcher	Molecular Cell	2008	Fig.7D-vs-Fig.6D	0.9068	SIMILAR	ImageTwin_v2.1	pending	Batch analysis #3, scan date 2024-12-15
PID-0121	10.1182/bld.9000120	Anderson	Cancer Cell	2010	Fig.5D-vs-Fig.4B	0.9119	SIMILAR	ImageTwin_v2.1	reviewed	Batch analysis #3, scan date 2024-01-15
PID-0122	10.1182/bld.9000121	Ghobrial	Leukemia	2005	Fig.1A-vs-Fig.3D	0.509	DISTINCT	ImageTwin_v2.1	confirmed	Batch analysis #3, scan date 2024-02-15
PID-0123	10.1182/bld.9000122	Ghobrial	Science	2021	Fig.7A-vs-Fig.7C	0.5747	DISTINCT	ImageTwin_v2.1	confirmed	Batch analysis #3, scan date 2024-03-15
PID-0124	10.1182/bld.9000123	Glimcher	Leukemia	2004	Fig.3C-vs-Fig.7B	0.8115	SIMILAR	ImageTwin_v2.1	pending	Batch analysis #3, scan date 2024-04-15
PID-0125	10.1182/bld.9000124	Ghobrial	Science	2009	Fig.7D-vs-Fig.1B	0.808	SIMILAR	ImageTwin_v2.1	confirmed	Batch analysis #3, scan date 2024-05-15
PID-0126	10.1182/bld.9000125	Hahn	Molecular Cell	2020	Fig.8D-vs-Fig.3D	0.9924	DUPLICATE	ImageTwin_v2.1	disputed	Batch analysis #3, scan date 2024-06-15
PID-0127	10.1182/bld.9000126	Anderson	Leukemia	2022	Fig.2B-vs-Fig.7C	0.7263	DISTINCT	ImageTwin_v2.1	pending	Batch analysis #3, scan date 2024-07-15
PID-0128	10.1182/bld.9000127	Ghobrial	Oncogene	2002	Fig.5D-vs-Fig.6B	0.521	DISTINCT	ImageTwin_v2.1	reviewed	Batch analysis #3, scan date 2024-08-15
PID-0129	10.1182/bld.9000128	Anderson	Blood	2005	Fig.1A-vs-Fig.3B	0.675	DISTINCT	ImageTwin_v2.1	disputed	Batch analysis #3, scan date 2024-09-15
PID-0130	10.1182/bld.9000129	Hahn	Leukemia	2003	Fig.7C-vs-Fig.5D	0.5055	DISTINCT	ImageTwin_v2.1	pending	Batch analysis #3, scan date 2024-10-15
PID-0131	10.1182/bld.9000130	Hahn	Oncogene	1998	Fig.3A-vs-Fig.3B	0.4852	DISTINCT	ImageTwin_v2.1	confirmed	Batch analysis #3, scan date 2024-11-15
PID-0132	10.1182/bld.9000131	Ghobrial	PNAS	2009	Fig.1B-vs-Fig.8C	0.7934	DISTINCT	ImageTwin_v2.1	disputed	Batch analysis #3, scan date 2024-12-15
PID-0133	10.1182/bld.9000132	Anderson	Oncogene	2004	Fig.3B-vs-Fig.7D	0.7729	DISTINCT	ImageTwin_v2.1	pending	Batch analysis #3, scan date 2024-01-15
PID-0134	10.1182/bld.9000133	Anderson	PNAS	1999	Fig.5B-vs-Fig.6D	0.9014	SIMILAR	ImageTwin_v2.1	confirmed	Batch analysis #3, scan date 2024-02-15
PID-0135	10.1182/bld.9000134	Hahn	Leukemia	2017	Fig.7D-vs-Fig.3B	0.8797	SIMILAR	ImageTwin_v2.1	pending	Batch analysis #3, scan date 2024-03-15
PID-0136	10.1182/bld.9000135	Hahn	Leukemia	2014	Fig.2D-vs-Fig.2A	0.6712	DISTINCT	ImageTwin_v2.1	disputed	Batch analysis #3, scan date 2024-04-15
PID-0137	10.1182/bld.9000136	Glimcher	PNAS	2016	Fig.8D-vs-Fig.3A	0.6676	DISTINCT	ImageTwin_v2.1	reviewed	Batch analysis #3, scan date 2024-05-15
PID-0138	10.1182/bld.9000137	Hahn	Molecular Cell	1999	Fig.5B-vs-Fig.8B	0.583	DISTINCT	ImageTwin_v2.1	confirmed	Batch analysis #3, scan date 2024-06-15
PID-0139	10.1182/bld.9000138	Glimcher	Molecular Cell	2016	Fig.7A-vs-Fig.5C	0.5964	DISTINCT	ImageTwin_v2.1	disputed	Batch analysis #3, scan date 2024-07-15
PID-0140	10.1182/bld.9000139	Anderson	PNAS	1999	Fig.6A-vs-Fig.4B	0.889	SIMILAR	ImageTwin_v2.1	pending	Batch analysis #3, scan date 2024-08-15
PID-0141	10.1182/bld.9000140	Ghobrial	Blood	2018	Fig.5B-vs-Fig.2C	0.8097	SIMILAR	ImageTwin_v2.1	confirmed	Batch analysis #3, scan date 2024-09-15
PID-0142	10.1182/bld.9000141	Anderson	PNAS	2019	Fig.4D-vs-Fig.8C	0.9453	SIMILAR	ImageTwin_v2.1	reviewed	Batch analysis #3, scan date 2024-10-15
PID-0143	10.1182/bld.9000142	Ghobrial	Oncogene	2011	Fig.1D-vs-Fig.6A	0.8943	SIMILAR	ImageTwin_v2.1	disputed	Batch analysis #3, scan date 2024-11-15
PID-0144	10.1182/bld.9000143	Anderson	Molecular Cell	2003	Fig.1A-vs-Fig.3A	0.8962	SIMILAR	ImageTwin_v2.1	pending	Batch analysis #3, scan date 2024-12-15
PID-0145	10.1182/bld.9000144	Glimcher	Blood	2020	Fig.8A-vs-Fig.7C	0.8775	SIMILAR	ImageTwin_v2.1	pending	Batch analysis #3, scan date 2024-01-15
PID-0146	10.1182/bld.9000145	Glimcher	Science	2014	Fig.1C-vs-Fig.4C	0.4767	DISTINCT	ImageTwin_v2.1	confirmed	Batch analysis #3, scan date 2024-02-15
PID-0147	10.1182/bld.9000146	Ghobrial	Blood	2015	Fig.5D-vs-Fig.4D	0.5747	DISTINCT	ImageTwin_v2.1	confirmed	Batch analysis #3, scan date 2024-03-15
PID-0148	10.1182/bld.9000147	Anderson	Blood	1998	Fig.3B-vs-Fig.5D	0.5223	DISTINCT	ImageTwin_v2.1	disputed	Batch analysis #3, scan date 2024-04-15
PID-0149	10.1182/bld.9000148	Ghobrial	Leukemia	2017	Fig.1B-vs-Fig.7B	0.5275	DISTINCT	ImageTwin_v2.1	disputed	Batch analysis #3, scan date 2024-05-15
PID-0150	10.1182/bld.9000149	Glimcher	Molecular Cell	2004	Fig.7B-vs-Fig.7A	0.6001	DISTINCT	ImageTwin_v2.1	disputed	Batch analysis #3, scan date 2024-06-15
PID-0151	10.1182/bld.9000150	Anderson	Leukemia	2009	Fig.5A-vs-Fig.1A	0.869	SIMILAR	ImageTwin_v2.1	disputed	Batch analysis #4, scan date 2024-07-15
PID-0152	10.1182/bld.9000151	Glimcher	Leukemia	2013	Fig.1B-vs-Fig.4A	0.71	DISTINCT	ImageTwin_v2.1	reviewed	Batch analysis #4, scan date 2024-08-15
PID-0153	10.1182/bld.9000152	Ghobrial	Oncogene	2004	Fig.8A-vs-Fig.4D	0.7674	DISTINCT	ImageTwin_v2.1	confirmed	Batch analysis #4, scan date 2024-09-15
PID-0154	10.1182/bld.9000153	Glimcher	PNAS	2005	Fig.4D-vs-Fig.3D	0.8199	SIMILAR	ImageTwin_v2.1	reviewed	Batch analysis #4, scan date 2024-10-15
PID-0155	10.1182/bld.9000154	Anderson	Science	2019	Fig.4C-vs-Fig.6A	0.8994	SIMILAR	ImageTwin_v2.1	confirmed	Batch analysis #4, scan date 2024-11-15
PID-0156	10.1182/bld.9000155	Ghobrial	Cancer Cell	2014	Fig.6D-vs-Fig.5C	0.8587	SIMILAR	ImageTwin_v2.1	disputed	Batch analysis #4, scan date 2024-12-15
PID-0157	10.1182/bld.9000156	Anderson	PNAS	1999	Fig.7C-vs-Fig.7B	0.4826	DISTINCT	ImageTwin_v2.1	confirmed	Batch analysis #4, scan date 2024-01-15
PID-0158	10.1182/bld.9000157	Anderson	PNAS	2006	Fig.3D-vs-Fig.6C	0.5346	DISTINCT	ImageTwin_v2.1	confirmed	Batch analysis #4, scan date 2024-02-15
PID-0159	10.1182/bld.9000158	Anderson	PNAS	2017	Fig.2C-vs-Fig.3C	0.8278	SIMILAR	ImageTwin_v2.1	pending	Batch analysis #4, scan date 2024-03-15
PID-0160	10.1182/bld.9000159	Ghobrial	Science	2020	Fig.1A-vs-Fig.7D	0.9389	SIMILAR	ImageTwin_v2.1	confirmed	Batch analysis #4, scan date 2024-04-15
PID-0161	10.1182/bld.9000160	Ghobrial	Oncogene	2017	Fig.1C-vs-Fig.4D	0.9552	DUPLICATE	ImageTwin_v2.1	disputed	Batch analysis #4, scan date 2024-05-15
PID-0162	10.1182/bld.9000161	Hahn	Leukemia	2000	Fig.1C-vs-Fig.6B	0.5176	DISTINCT	ImageTwin_v2.1	disputed	Batch analysis #4, scan date 2024-06-15
PID-0163	10.1182/bld.9000162	Anderson	Science	2006	Fig.8A-vs-Fig.8B	0.5454	DISTINCT	ImageTwin_v2.1	disputed	Batch analysis #4, scan date 2024-07-15
PID-0164	10.1182/bld.9000163	Hahn	Nature Medicine	2017	Fig.6A-vs-Fig.6B	0.757	DISTINCT	ImageTwin_v2.1	disputed	Batch analysis #4, scan date 2024-08-15
PID-0165	10.1182/bld.9000164	Anderson	Nature Medicine	2004	Fig.3C-vs-Fig.2B	0.6619	DISTINCT	ImageTwin_v2.1	disputed	Batch analysis #4, scan date 2024-09-15
PID-0166	10.1182/bld.9000165	Anderson	Molecular Cell	2000	Fig.2A-vs-Fig.7C	0.6406	DISTINCT	ImageTwin_v2.1	disputed	Batch analysis #4, scan date 2024-10-15
PID-0167	10.1182/bld.9000166	Hahn	Leukemia	2012	Fig.4B-vs-Fig.6C	0.6743	DISTINCT	ImageTwin_v2.1	disputed	Batch analysis #4, scan date 2024-11-15
PID-0168	10.1182/bld.9000167	Ghobrial	Cancer Cell	2010	Fig.7A-vs-Fig.7A	0.7253	DISTINCT	ImageTwin_v2.1	pending	Batch analysis #4, scan date 2024-12-15
PID-0169	10.1182/bld.9000168	Hahn	Blood	2010	Fig.3A-vs-Fig.7D	0.6236	DISTINCT	ImageTwin_v2.1	reviewed	Batch analysis #4, scan date 2024-01-15
PID-0170	10.1182/bld.9000169	Hahn	Oncogene	2006	Fig.7B-vs-Fig.6C	0.5304	DISTINCT	ImageTwin_v2.1	reviewed	Batch analysis #4, scan date 2024-02-15
PID-0171	10.1182/bld.9000170	Anderson	Cancer Cell	1999	Fig.7A-vs-Fig.5A	0.7001	DISTINCT	ImageTwin_v2.1	reviewed	Batch analysis #4, scan date 2024-03-15
PID-0172	10.1182/bld.9000171	Glimcher	Cancer Cell	2016	Fig.2B-vs-Fig.1A	0.6067	DISTINCT	ImageTwin_v2.1	reviewed	Batch analysis #4, scan date 2024-04-15
PID-0173	10.1182/bld.9000172	Anderson	Blood	2002	Fig.8A-vs-Fig.7A	0.5133	DISTINCT	ImageTwin_v2.1	reviewed	Batch analysis #4, scan date 2024-05-15
PID-0174	10.1182/bld.9000173	Ghobrial	Cancer Cell	2009	Fig.4A-vs-Fig.2A	0.6874	DISTINCT	ImageTwin_v2.1	confirmed	Batch analysis #4, scan date 2024-06-15
PID-0175	10.1182/bld.9000174	Hahn	Cancer Cell	2022	Fig.2D-vs-Fig.5B	0.5509	DISTINCT	ImageTwin_v2.1	pending	Batch analysis #4, scan date 2024-07-15
PID-0176	10.1182/bld.9000175	Anderson	Cancer Cell	2018	Fig.2D-vs-Fig.4D	0.4866	DISTINCT	ImageTwin_v2.1	confirmed	Batch analysis #4, scan date 2024-08-15
PID-0177	10.1182/bld.9000176	Anderson	Leukemia	2007	Fig.6C-vs-Fig.1A	0.6595	DISTINCT	ImageTwin_v2.1	confirmed	Batch analysis #4, scan date 2024-09-15
PID-0178	10.1182/bld.9000177	Hahn	Blood	2014	Fig.3C-vs-Fig.3B	0.5822	DISTINCT	ImageTwin_v2.1	disputed	Batch analysis #4, scan date 2024-10-15
PID-0179	10.1182/bld.9000178	Hahn	Cancer Cell	2021	Fig.5C-vs-Fig.6B	0.6303	DISTINCT	ImageTwin_v2.1	pending	Batch analysis #4, scan date 2024-11-15
PID-0180	10.1182/bld.9000179	Ghobrial	Nature Medicine	2004	Fig.6B-vs-Fig.6C	0.9903	DUPLICATE	ImageTwin_v2.1	disputed	Batch analysis #4, scan date 2024-12-15
PID-0181	10.1182/bld.9000180	Anderson	PNAS	2002	Fig.5B-vs-Fig.2C	0.7652	DISTINCT	ImageTwin_v2.1	pending	Batch analysis #4, scan date 2024-01-15
PID-0182	10.1182/bld.9000181	Anderson	Nature Medicine	2003	Fig.1C-vs-Fig.8D	0.6163	DISTINCT	ImageTwin_v2.1	disputed	Batch analysis #4, scan date 2024-02-15
PID-0183	10.1182/bld.9000182	Hahn	Oncogene	2007	Fig.5B-vs-Fig.1D	0.7188	DISTINCT	ImageTwin_v2.1	confirmed	Batch analysis #4, scan date 2024-03-15
PID-0184	10.1182/bld.9000183	Hahn	PNAS	1998	Fig.6C-vs-Fig.6A	0.9283	SIMILAR	ImageTwin_v2.1	reviewed	Batch analysis #4, scan date 2024-04-15
PID-0185	10.1182/bld.9000184	Anderson	Leukemia	2014	Fig.1D-vs-Fig.4C	0.671	DISTINCT	ImageTwin_v2.1	pending	Batch analysis #4, scan date 2024-05-15
PID-0186	10.1182/bld.9000185	Hahn	Oncogene	2014	Fig.7D-vs-Fig.3C	0.8619	SIMILAR	ImageTwin_v2.1	disputed	Batch analysis #4, scan date 2024-06-15
PID-0187	10.1182/bld.9000186	Ghobrial	PNAS	1998	Fig.3A-vs-Fig.4A	0.4661	DISTINCT	ImageTwin_v2.1	confirmed	Batch analysis #4, scan date 2024-07-15
PID-0188	10.1182/bld.9000187	Hahn	Leukemia	2013	Fig.3C-vs-Fig.7A	0.6785	DISTINCT	ImageTwin_v2.1	reviewed	Batch analysis #4, scan date 2024-08-15
PID-0189	10.1182/bld.9000188	Anderson	Science	2010	Fig.8A-vs-Fig.1A	0.8257	SIMILAR	ImageTwin_v2.1	confirmed	Batch analysis #4, scan date 2024-09-15
PID-0190	10.1182/bld.9000189	Glimcher	Science	2010	Fig.7D-vs-Fig.3D	0.9936	DUPLICATE	ImageTwin_v2.1	pending	Batch analysis #4, scan date 2024-10-15
PID-0191	10.1182/bld.9000190	Anderson	Leukemia	2012	Fig.8A-vs-Fig.3D	0.7352	DISTINCT	ImageTwin_v2.1	reviewed	Batch analysis #4, scan date 2024-11-15
PID-0192	10.1182/bld.9000191	Ghobrial	PNAS	2013	Fig.1D-vs-Fig.1A	0.5996	DISTINCT	ImageTwin_v2.1	reviewed	Batch analysis #4, scan date 2024-12-15
PID-0193	10.1182/bld.9000192	Glimcher	Nature Medicine	2015	Fig.1A-vs-Fig.8D	0.7419	DISTINCT	ImageTwin_v2.1	confirmed	Batch analysis #4, scan date 2024-01-15
PID-0194	10.1182/bld.9000193	Ghobrial	Cancer Cell	2022	Fig.5D-vs-Fig.2C	0.8241	SIMILAR	ImageTwin_v2.1	confirmed	Batch analysis #4, scan date 2024-02-15
PID-0195	10.1182/bld.9000194	Hahn	PNAS	2004	Fig.6A-vs-Fig.5D	0.9375	SIMILAR	ImageTwin_v2.1	pending	Batch analysis #4, scan date 2024-03-15
PID-0196	10.1182/bld.9000195	Anderson	Science	2002	Fig.2A-vs-Fig.7B	0.9212	SIMILAR	ImageTwin_v2.1	confirmed	Batch analysis #4, scan date 2024-04-15
PID-0197	10.1182/bld.9000196	Glimcher	Cancer Cell	2006	Fig.7D-vs-Fig.8C	0.4857	DISTINCT	ImageTwin_v2.1	confirmed	Batch analysis #4, scan date 2024-05-15
PID-0198	10.1182/bld.9000197	Hahn	Blood	2006	Fig.2B-vs-Fig.1C	0.823	SIMILAR	ImageTwin_v2.1	reviewed	Batch analysis #4, scan date 2024-06-15
PID-0199	10.1182/bld.9000198	Hahn	Science	2009	Fig.5A-vs-Fig.2A	0.4705	DISTINCT	ImageTwin_v2.1	reviewed	Batch analysis #4, scan date 2024-07-15
PID-0200	10.1182/bld.9000199	Ghobrial	PNAS	2007	Fig.8C-vs-Fig.1D	0.8106	SIMILAR	ImageTwin_v2.1	reviewed	Batch analysis #4, scan date 2024-08-15
PID-0201	10.1182/bld.9000200	Ghobrial	Oncogene	2010	Fig.8A-vs-Fig.1C	0.8943	SIMILAR	ImageTwin_v2.1	pending	Batch analysis #5, scan date 2024-09-15
PID-0202	10.1182/bld.9000201	Glimcher	Nature Medicine	2014	Fig.2D-vs-Fig.3C	0.758	DISTINCT	ImageTwin_v2.1	disputed	Batch analysis #5, scan date 2024-10-15
PID-0203	10.1182/bld.9000202	Anderson	Oncogene	2011	Fig.8C-vs-Fig.3B	0.5071	DISTINCT	ImageTwin_v2.1	confirmed	Batch analysis #5, scan date 2024-11-15
PID-0204	10.1182/bld.9000203	Hahn	Leukemia	2015	Fig.4B-vs-Fig.8C	0.8356	SIMILAR	ImageTwin_v2.1	reviewed	Batch analysis #5, scan date 2024-12-15
PID-0205	10.1182/bld.9000204	Ghobrial	Nature Medicine	1998	Fig.6C-vs-Fig.6D	0.5001	DISTINCT	ImageTwin_v2.1	disputed	Batch analysis #5, scan date 2024-01-15
PID-0206	10.1182/bld.9000205	Ghobrial	Nature Medicine	2006	Fig.6A-vs-Fig.2A	0.9653	DUPLICATE	ImageTwin_v2.1	disputed	Batch analysis #5, scan date 2024-02-15
PID-0207	10.1182/bld.9000206	Ghobrial	Leukemia	2015	Fig.5D-vs-Fig.1A	0.5106	DISTINCT	ImageTwin_v2.1	pending	Batch analysis #5, scan date 2024-03-15
PID-0208	10.1182/bld.9000207	Glimcher	Leukemia	2017	Fig.1B-vs-Fig.7B	0.7659	DISTINCT	ImageTwin_v2.1	disputed	Batch analysis #5, scan date 2024-04-15
PID-0209	10.1182/bld.9000208	Anderson	Nature Medicine	2020	Fig.7D-vs-Fig.1D	0.6667	DISTINCT	ImageTwin_v2.1	confirmed	Batch analysis #5, scan date 2024-05-15
PID-0210	10.1182/bld.9000209	Glimcher	Oncogene	2011	Fig.6D-vs-Fig.8B	0.6356	DISTINCT	ImageTwin_v2.1	confirmed	Batch analysis #5, scan date 2024-06-15
PID-0211	10.1182/bld.9000210	Anderson	Molecular Cell	2001	Fig.7A-vs-Fig.3C	0.9069	SIMILAR	ImageTwin_v2.1	confirmed	Batch analysis #5, scan date 2024-07-15
PID-0212	10.1182/bld.9000211	Hahn	Cancer Cell	2022	Fig.7A-vs-Fig.5A	0.714	DISTINCT	ImageTwin_v2.1	reviewed	Batch analysis #5, scan date 2024-08-15
PID-0213	10.1182/bld.9000212	Glimcher	Nature Medicine	2017	Fig.4B-vs-Fig.2D	0.9251	SIMILAR	ImageTwin_v2.1	disputed	Batch analysis #5, scan date 2024-09-15
PID-0214	10.1182/bld.9000213	Ghobrial	Leukemia	2015	Fig.8B-vs-Fig.8A	0.9101	SIMILAR	ImageTwin_v2.1	pending	Batch analysis #5, scan date 2024-10-15
PID-0215	10.1182/bld.9000214	Anderson	Molecular Cell	1999	Fig.3D-vs-Fig.5A	0.7196	DISTINCT	ImageTwin_v2.1	disputed	Batch analysis #5, scan date 2024-11-15
PID-0216	10.1182/bld.9000215	Ghobrial	Cancer Cell	2019	Fig.7A-vs-Fig.7C	0.801	SIMILAR	ImageTwin_v2.1	confirmed	Batch analysis #5, scan date 2024-12-15
PID-0217	10.1182/bld.9000216	Glimcher	Leukemia	2000	Fig.5A-vs-Fig.7D	0.9362	SIMILAR	ImageTwin_v2.1	disputed	Batch analysis #5, scan date 2024-01-15
PID-0218	10.1182/bld.9000217	Ghobrial	Nature Medicine	2013	Fig.6B-vs-Fig.2D	0.7113	DISTINCT	ImageTwin_v2.1	pending	Batch analysis #5, scan date 2024-02-15
PID-0219	10.1182/bld.9000218	Ghobrial	Nature Medicine	2003	Fig.3D-vs-Fig.4B	0.4591	DISTINCT	ImageTwin_v2.1	disputed	Batch analysis #5, scan date 2024-03-15
PID-0220	10.1182/bld.9000219	Glimcher	Molecular Cell	1999	Fig.4A-vs-Fig.8C	0.475	DISTINCT	ImageTwin_v2.1	confirmed	Batch analysis #5, scan date 2024-04-15
PID-0221	10.1182/bld.9000220	Hahn	Molecular Cell	2016	Fig.6C-vs-Fig.4A	0.8944	SIMILAR	ImageTwin_v2.1	reviewed	Batch analysis #5, scan date 2024-05-15
PID-0222	10.1182/bld.9000221	Ghobrial	Molecular Cell	2004	Fig.1A-vs-Fig.7B	0.4918	DISTINCT	ImageTwin_v2.1	disputed	Batch analysis #5, scan date 2024-06-15
PID-0223	10.1182/bld.9000222	Hahn	Molecular Cell	2014	Fig.1C-vs-Fig.2B	0.7226	DISTINCT	ImageTwin_v2.1	reviewed	Batch analysis #5, scan date 2024-07-15
PID-0224	10.1182/bld.9000223	Glimcher	Nature Medicine	2022	Fig.3A-vs-Fig.4A	0.6607	DISTINCT	ImageTwin_v2.1	pending	Batch analysis #5, scan date 2024-08-15
PID-0225	10.1182/bld.9000224	Hahn	PNAS	2016	Fig.1A-vs-Fig.4A	0.5867	DISTINCT	ImageTwin_v2.1	disputed	Batch analysis #5, scan date 2024-09-15
PID-0226	10.1182/bld.9000225	Ghobrial	Oncogene	2014	Fig.3B-vs-Fig.8B	0.5306	DISTINCT	ImageTwin_v2.1	disputed	Batch analysis #5, scan date 2024-10-15
PID-0227	10.1182/bld.9000226	Anderson	Oncogene	1999	Fig.4A-vs-Fig.5C	0.9965	DUPLICATE	ImageTwin_v2.1	reviewed	Batch analysis #5, scan date 2024-11-15
PID-0228	10.1182/bld.9000227	Anderson	Molecular Cell	2001	Fig.1B-vs-Fig.6D	0.6231	DISTINCT	ImageTwin_v2.1	pending	Batch analysis #5, scan date 2024-12-15
PID-0229	10.1182/bld.9000228	Ghobrial	Leukemia	1998	Fig.8B-vs-Fig.4D	0.5011	DISTINCT	ImageTwin_v2.1	reviewed	Batch analysis #5, scan date 2024-01-15
PID-0230	10.1182/bld.9000229	Glimcher	Cancer Cell	2021	Fig.2A-vs-Fig.1C	0.8836	SIMILAR	ImageTwin_v2.1	disputed	Batch analysis #5, scan date 2024-02-15
PID-0231	10.1182/bld.9000230	Hahn	Molecular Cell	2019	Fig.1C-vs-Fig.3C	0.5411	DISTINCT	ImageTwin_v2.1	confirmed	Batch analysis #5, scan date 2024-03-15
PID-0232	10.1182/bld.9000231	Glimcher	Nature Medicine	2001	Fig.1C-vs-Fig.5C	0.4563	DISTINCT	ImageTwin_v2.1	confirmed	Batch analysis #5, scan date 2024-04-15
PID-0233	10.1182/bld.9000232	Ghobrial	Science	2010	Fig.6C-vs-Fig.5B	0.7866	DISTINCT	ImageTwin_v2.1	disputed	Batch analysis #5, scan date 2024-05-15
PID-0234	10.1182/bld.9000233	Anderson	Blood	2020	Fig.7B-vs-Fig.6C	0.6714	DISTINCT	ImageTwin_v2.1	pending	Batch analysis #5, scan date 2024-06-15
PID-0235	10.1182/bld.9000234	Anderson	Cancer Cell	2015	Fig.5C-vs-Fig.1B	0.83	SIMILAR	ImageTwin_v2.1	disputed	Batch analysis #5, scan date 2024-07-15
PID-0236	10.1182/bld.9000235	Anderson	Nature Medicine	2010	Fig.6C-vs-Fig.1A	0.8228	SIMILAR	ImageTwin_v2.1	confirmed	Batch analysis #5, scan date 2024-08-15
PID-0237	10.1182/bld.9000236	Hahn	PNAS	2017	Fig.8A-vs-Fig.2A	0.9903	DUPLICATE	ImageTwin_v2.1	reviewed	Batch analysis #5, scan date 2024-09-15
PID-0238	10.1182/bld.9000237	Glimcher	Leukemia	1998	Fig.2D-vs-Fig.5D	0.8962	SIMILAR	ImageTwin_v2.1	reviewed	Batch analysis #5, scan date 2024-10-15
PID-0239	10.1182/bld.9000238	Ghobrial	Nature Medicine	2002	Fig.5A-vs-Fig.8D	0.5772	DISTINCT	ImageTwin_v2.1	confirmed	Batch analysis #5, scan date 2024-11-15
PID-0240	10.1182/bld.9000239	Glimcher	Oncogene	2007	Fig.5D-vs-Fig.5A	0.5588	DISTINCT	ImageTwin_v2.1	reviewed	Batch analysis #5, scan date 2024-12-15
PID-0241	10.1182/bld.9000240	Hahn	Blood	2010	Fig.6A-vs-Fig.4D	0.5197	DISTINCT	ImageTwin_v2.1	disputed	Batch analysis #5, scan date 2024-01-15
PID-0242	10.1182/bld.9000241	Glimcher	PNAS	2010	Fig.6A-vs-Fig.8C	0.6903	DISTINCT	ImageTwin_v2.1	confirmed	Batch analysis #5, scan date 2024-02-15
PID-0243	10.1182/bld.9000242	Anderson	Oncogene	2003	Fig.7D-vs-Fig.6B	0.9327	SIMILAR	ImageTwin_v2.1	pending	Batch analysis #5, scan date 2024-03-15
PID-0244	10.1182/bld.9000243	Anderson	PNAS	2005	Fig.8C-vs-Fig.2D	0.529	DISTINCT	ImageTwin_v2.1	pending	Batch analysis #5, scan date 2024-04-15
PID-0245	10.1182/bld.9000244	Anderson	Cancer Cell	2006	Fig.3A-vs-Fig.8D	0.6619	DISTINCT	ImageTwin_v2.1	disputed	Batch analysis #5, scan date 2024-05-15
PID-0246	10.1182/bld.9000245	Hahn	Molecular Cell	2000	Fig.4D-vs-Fig.4C	0.8669	SIMILAR	ImageTwin_v2.1	confirmed	Batch analysis #5, scan date 2024-06-15
PID-0247	10.1182/bld.9000246	Anderson	Cancer Cell	2022	Fig.2C-vs-Fig.7B	0.6963	DISTINCT	ImageTwin_v2.1	pending	Batch analysis #5, scan date 2024-07-15
PID-0248	10.1182/bld.9000247	Hahn	Nature Medicine	2017	Fig.1C-vs-Fig.2A	0.9295	SIMILAR	ImageTwin_v2.1	pending	Batch analysis #5, scan date 2024-08-15
PID-0249	10.1182/bld.9000248	Anderson	Oncogene	2011	Fig.6A-vs-Fig.2D	0.9526	DUPLICATE	ImageTwin_v2.1	disputed	Batch analysis #5, scan date 2024-09-15
PID-0250	10.1182/bld.9000249	Hahn	Cancer Cell	2000	Fig.4D-vs-Fig.2B	0.9106	SIMILAR	ImageTwin_v2.1	reviewed	Batch analysis #5, scan date 2024-10-15
PID-0251	10.1182/bld.9000250	Anderson	Nature Medicine	2006	Fig.8B-vs-Fig.3A	0.7224	DISTINCT	ImageTwin_v2.1	pending	Batch analysis #6, scan date 2024-11-15
PID-0252	10.1182/bld.9000251	Anderson	Science	1998	Fig.6A-vs-Fig.3B	0.6322	DISTINCT	ImageTwin_v2.1	disputed	Batch analysis #6, scan date 2024-12-15
PID-0253	10.1182/bld.9000252	Anderson	Blood	2001	Fig.5B-vs-Fig.2C	0.6111	DISTINCT	ImageTwin_v2.1	reviewed	Batch analysis #6, scan date 2024-01-15
PID-0254	10.1182/bld.9000253	Glimcher	Blood	2006	Fig.8C-vs-Fig.4B	0.734	DISTINCT	ImageTwin_v2.1	disputed	Batch analysis #6, scan date 2024-02-15
PID-0255	10.1182/bld.9000254	Hahn	Nature Medicine	2008	Fig.3D-vs-Fig.3A	0.4919	DISTINCT	ImageTwin_v2.1	reviewed	Batch analysis #6, scan date 2024-03-15
PID-0256	10.1182/bld.9000255	Glimcher	Molecular Cell	2010	Fig.1D-vs-Fig.6B	0.5278	DISTINCT	ImageTwin_v2.1	pending	Batch analysis #6, scan date 2024-04-15
PID-0257	10.1182/bld.9000256	Ghobrial	Blood	2009	Fig.7C-vs-Fig.5A	0.6235	DISTINCT	ImageTwin_v2.1	pending	Batch analysis #6, scan date 2024-05-15
PID-0258	10.1182/bld.9000257	Anderson	Science	2006	Fig.2A-vs-Fig.2A	0.996	DUPLICATE	ImageTwin_v2.1	pending	Batch analysis #6, scan date 2024-06-15
PID-0259	10.1182/bld.9000258	Glimcher	Molecular Cell	2007	Fig.1A-vs-Fig.3D	0.7845	DISTINCT	ImageTwin_v2.1	disputed	Batch analysis #6, scan date 2024-07-15
PID-0260	10.1182/bld.9000259	Ghobrial	Cancer Cell	2014	Fig.4A-vs-Fig.7B	0.6285	DISTINCT	ImageTwin_v2.1	pending	Batch analysis #6, scan date 2024-08-15
PID-0261	10.1182/bld.9000260	Glimcher	Cancer Cell	2013	Fig.1D-vs-Fig.1A	0.954	DUPLICATE	ImageTwin_v2.1	reviewed	Batch analysis #6, scan date 2024-09-15
PID-0262	10.1182/bld.9000261	Ghobrial	Oncogene	2011	Fig.4D-vs-Fig.5B	0.553	DISTINCT	ImageTwin_v2.1	confirmed	Batch analysis #6, scan date 2024-10-15
PID-0263	10.1182/bld.9000262	Anderson	PNAS	2002	Fig.5C-vs-Fig.4D	0.6431	DISTINCT	ImageTwin_v2.1	disputed	Batch analysis #6, scan date 2024-11-15
PID-0264	10.1182/bld.9000263	Hahn	Molecular Cell	2017	Fig.2A-vs-Fig.3D	0.6665	DISTINCT	ImageTwin_v2.1	confirmed	Batch analysis #6, scan date 2024-12-15
PID-0265	10.1182/bld.9000264	Hahn	Blood	2019	Fig.5C-vs-Fig.3D	0.9611	DUPLICATE	ImageTwin_v2.1	reviewed	Batch analysis #6, scan date 2024-01-15
PID-0266	10.1182/bld.9000265	Glimcher	Leukemia	2019	Fig.6D-vs-Fig.6D	0.4799	DISTINCT	ImageTwin_v2.1	pending	Batch analysis #6, scan date 2024-02-15
PID-0267	10.1182/bld.9000266	Hahn	Oncogene	2001	Fig.6A-vs-Fig.5B	0.6662	DISTINCT	ImageTwin_v2.1	reviewed	Batch analysis #6, scan date 2024-03-15
PID-0268	10.1182/bld.9000267	Anderson	Leukemia	1999	Fig.5A-vs-Fig.5B	0.4505	DISTINCT	ImageTwin_v2.1	disputed	Batch analysis #6, scan date 2024-04-15
PID-0269	10.1182/bld.9000268	Hahn	Leukemia	2020	Fig.4A-vs-Fig.7A	0.7101	DISTINCT	ImageTwin_v2.1	disputed	Batch analysis #6, scan date 2024-05-15
PID-0270	10.1182/bld.9000269	Glimcher	Leukemia	2010	Fig.6C-vs-Fig.2C	0.5978	DISTINCT	ImageTwin_v2.1	pending	Batch analysis #6, scan date 2024-06-15
PID-0271	10.1182/bld.9000270	Ghobrial	Nature Medicine	2000	Fig.4A-vs-Fig.4D	0.6853	DISTINCT	ImageTwin_v2.1	reviewed	Batch analysis #6, scan date 2024-07-15
PID-0272	10.1182/bld.9000271	Ghobrial	PNAS	2022	Fig.2A-vs-Fig.1A	0.5994	DISTINCT	ImageTwin_v2.1	disputed	Batch analysis #6, scan date 2024-08-15
PID-0273	10.1182/bld.9000272	Glimcher	Leukemia	2005	Fig.4D-vs-Fig.1A	0.6391	DISTINCT	ImageTwin_v2.1	pending	Batch analysis #6, scan date 2024-09-15
PID-0274	10.1182/bld.9000273	Hahn	Nature Medicine	2022	Fig.7A-vs-Fig.6D	0.6827	DISTINCT	ImageTwin_v2.1	reviewed	Batch analysis #6, scan date 2024-10-15
PID-0275	10.1182/bld.9000274	Glimcher	Science	2017	Fig.2A-vs-Fig.5D	0.8744	SIMILAR	ImageTwin_v2.1	disputed	Batch analysis #6, scan date 2024-11-15
PID-0276	10.1182/bld.9000275	Ghobrial	Leukemia	2019	Fig.3A-vs-Fig.5B	0.527	DISTINCT	ImageTwin_v2.1	confirmed	Batch analysis #6, scan date 2024-12-15
PID-0277	10.1182/bld.9000276	Ghobrial	Blood	2020	Fig.5B-vs-Fig.2C	0.5324	DISTINCT	ImageTwin_v2.1	pending	Batch analysis #6, scan date 2024-01-15
PID-0278	10.1182/bld.9000277	Ghobrial	PNAS	2007	Fig.4C-vs-Fig.8C	0.6716	DISTINCT	ImageTwin_v2.1	pending	Batch analysis #6, scan date 2024-02-15
PID-0279	10.1182/bld.9000278	Ghobrial	Blood	2002	Fig.5D-vs-Fig.6A	0.948	SIMILAR	ImageTwin_v2.1	confirmed	Batch analysis #6, scan date 2024-03-15
PID-0280	10.1182/bld.9000279	Glimcher	Nature Medicine	2015	Fig.5D-vs-Fig.8D	0.9815	DUPLICATE	ImageTwin_v2.1	disputed	Batch analysis #6, scan date 2024-04-15
PID-0281	10.1182/bld.9000280	Anderson	Molecular Cell	2012	Fig.5C-vs-Fig.5D	0.7421	DISTINCT	ImageTwin_v2.1	disputed	Batch analysis #6, scan date 2024-05-15
PID-0282	10.1182/bld.9000281	Hahn	Oncogene	2012	Fig.5B-vs-Fig.7D	0.7604	DISTINCT	ImageTwin_v2.1	disputed	Batch analysis #6, scan date 2024-06-15
PID-0283	10.1182/bld.9000282	Anderson	Oncogene	2019	Fig.3D-vs-Fig.2A	0.8506	SIMILAR	ImageTwin_v2.1	reviewed	Batch analysis #6, scan date 2024-07-15
PID-0284	10.1182/bld.9000283	Anderson	Blood	1998	Fig.1D-vs-Fig.4A	0.5675	DISTINCT	ImageTwin_v2.1	reviewed	Batch analysis #6, scan date 2024-08-15
PID-0285	10.1182/bld.9000284	Ghobrial	Cancer Cell	2003	Fig.5B-vs-Fig.6D	0.5921	DISTINCT	ImageTwin_v2.1	pending	Batch analysis #6, scan date 2024-09-15
PID-0286	10.1182/bld.9000285	Glimcher	Blood	2008	Fig.7A-vs-Fig.6C	0.8242	SIMILAR	ImageTwin_v2.1	disputed	Batch analysis #6, scan date 2024-10-15
PID-0287	10.1182/bld.9000286	Glimcher	Nature Medicine	2010	Fig.2C-vs-Fig.7A	0.6617	DISTINCT	ImageTwin_v2.1	disputed	Batch analysis #6, scan date 2024-11-15
PID-0288	10.1182/bld.9000287	Glimcher	Molecular Cell	2009	Fig.5D-vs-Fig.3A	0.4963	DISTINCT	ImageTwin_v2.1	reviewed	Batch analysis #6, scan date 2024-12-15
PID-0289	10.1182/bld.9000288	Glimcher	Molecular Cell	2004	Fig.6D-vs-Fig.5B	0.9075	SIMILAR	ImageTwin_v2.1	reviewed	Batch analysis #6, scan date 2024-01-15
PID-0290	10.1182/bld.9000289	Anderson	Molecular Cell	2019	Fig.7B-vs-Fig.4B	0.7951	DISTINCT	ImageTwin_v2.1	disputed	Batch analysis #6, scan date 2024-02-15
PID-0291	10.1182/bld.9000290	Ghobrial	Cancer Cell	2016	Fig.2A-vs-Fig.5A	0.7826	DISTINCT	ImageTwin_v2.1	disputed	Batch analysis #6, scan date 2024-03-15
PID-0292	10.1182/bld.9000291	Glimcher	Nature Medicine	2022	Fig.4B-vs-Fig.4C	0.7016	DISTINCT	ImageTwin_v2.1	reviewed	Batch analysis #6, scan date 2024-04-15
PID-0293	10.1182/bld.9000292	Glimcher	Cancer Cell	2014	Fig.2A-vs-Fig.1C	0.7075	DISTINCT	ImageTwin_v2.1	confirmed	Batch analysis #6, scan date 2024-05-15
PID-0294	10.1182/bld.9000293	Ghobrial	Nature Medicine	1999	Fig.6B-vs-Fig.6B	0.5911	DISTINCT	ImageTwin_v2.1	reviewed	Batch analysis #6, scan date 2024-06-15
PID-0295	10.1182/bld.9000294	Hahn	Leukemia	2003	Fig.2D-vs-Fig.7C	0.8506	SIMILAR	ImageTwin_v2.1	reviewed	Batch analysis #6, scan date 2024-07-15
PID-0296	10.1182/bld.9000295	Anderson	Molecular Cell	2008	Fig.2B-vs-Fig.2A	0.4609	DISTINCT	ImageTwin_v2.1	pending	Batch analysis #6, scan date 2024-08-15
PID-0297	10.1182/bld.9000296	Anderson	PNAS	2018	Fig.3B-vs-Fig.6A	0.9041	SIMILAR	ImageTwin_v2.1	disputed	Batch analysis #6, scan date 2024-09-15
PID-0298	10.1182/bld.9000297	Glimcher	Nature Medicine	2015	Fig.6D-vs-Fig.5C	0.8125	SIMILAR	ImageTwin_v2.1	confirmed	Batch analysis #6, scan date 2024-10-15
PID-0299	10.1182/bld.9000298	Ghobrial	Nature Medicine	2010	Fig.7C-vs-Fig.3B	0.8784	SIMILAR	ImageTwin_v2.1	reviewed	Batch analysis #6, scan date 2024-11-15
PID-0300	10.1182/bld.9000299	Glimcher	Molecular Cell	2009	Fig.4B-vs-Fig.7A	0.9431	SIMILAR	ImageTwin_v2.1	pending	Batch analysis #6, scan date 2024-12-15
PID-0301	10.1182/bld.9000300	Ghobrial	PNAS	2006	Fig.3B-vs-Fig.5A	0.7175	DISTINCT	ImageTwin_v2.1	confirmed	Batch analysis #7, scan date 2024-01-15
PID-0302	10.1182/bld.9000301	Ghobrial	Science	2016	Fig.4D-vs-Fig.1D	0.5428	DISTINCT	ImageTwin_v2.1	confirmed	Batch analysis #7, scan date 2024-02-15
PID-0303	10.1182/bld.9000302	Glimcher	PNAS	2007	Fig.4A-vs-Fig.2D	0.6922	DISTINCT	ImageTwin_v2.1	confirmed	Batch analysis #7, scan date 2024-03-15
PID-0304	10.1182/bld.9000303	Anderson	Blood	1999	Fig.5A-vs-Fig.7B	0.4776	DISTINCT	ImageTwin_v2.1	pending	Batch analysis #7, scan date 2024-04-15
PID-0305	10.1182/bld.9000304	Anderson	Oncogene	2021	Fig.5D-vs-Fig.4A	0.8832	SIMILAR	ImageTwin_v2.1	disputed	Batch analysis #7, scan date 2024-05-15
PID-0306	10.1182/bld.9000305	Hahn	PNAS	2014	Fig.8D-vs-Fig.8C	0.8632	SIMILAR	ImageTwin_v2.1	disputed	Batch analysis #7, scan date 2024-06-15
PID-0307	10.1182/bld.9000306	Anderson	Oncogene	2002	Fig.2A-vs-Fig.3D	0.5256	DISTINCT	ImageTwin_v2.1	confirmed	Batch analysis #7, scan date 2024-07-15
PID-0308	10.1182/bld.9000307	Ghobrial	Cancer Cell	2016	Fig.5D-vs-Fig.1B	0.5881	DISTINCT	ImageTwin_v2.1	confirmed	Batch analysis #7, scan date 2024-08-15
PID-0309	10.1182/bld.9000308	Anderson	Cancer Cell	2017	Fig.7D-vs-Fig.5B	0.828	SIMILAR	ImageTwin_v2.1	pending	Batch analysis #7, scan date 2024-09-15
PID-0310	10.1182/bld.9000309	Ghobrial	Cancer Cell	2005	Fig.8C-vs-Fig.4A	0.9863	DUPLICATE	ImageTwin_v2.1	disputed	Batch analysis #7, scan date 2024-10-15
PID-0311	10.1182/bld.9000310	Anderson	Molecular Cell	2017	Fig.2C-vs-Fig.6A	0.6813	DISTINCT	ImageTwin_v2.1	reviewed	Batch analysis #7, scan date 2024-11-15
PID-0312	10.1182/bld.9000311	Hahn	Molecular Cell	2022	Fig.1B-vs-Fig.3D	0.5095	DISTINCT	ImageTwin_v2.1	confirmed	Batch analysis #7, scan date 2024-12-15
PID-0313	10.1182/bld.9000312	Anderson	Oncogene	2010	Fig.5C-vs-Fig.7C	0.615	DISTINCT	ImageTwin_v2.1	confirmed	Batch analysis #7, scan date 2024-01-15
PID-0314	10.1182/bld.9000313	Anderson	Nature Medicine	2019	Fig.5A-vs-Fig.1D	0.9553	DUPLICATE	ImageTwin_v2.1	pending	Batch analysis #7, scan date 2024-02-15
PID-0315	10.1182/bld.9000314	Glimcher	Blood	2019	Fig.8C-vs-Fig.2B	0.6368	DISTINCT	ImageTwin_v2.1	pending	Batch analysis #7, scan date 2024-03-15
PID-0316	10.1182/bld.9000315	Anderson	Blood	2014	Fig.2B-vs-Fig.8A	0.8482	SIMILAR	ImageTwin_v2.1	pending	Batch analysis #7, scan date 2024-04-15
PID-0317	10.1182/bld.9000316	Anderson	Cancer Cell	2018	Fig.1D-vs-Fig.5C	0.6003	DISTINCT	ImageTwin_v2.1	confirmed	Batch analysis #7, scan date 2024-05-15
PID-0318	10.1182/bld.9000317	Anderson	Oncogene	2006	Fig.2D-vs-Fig.7B	0.8159	SIMILAR	ImageTwin_v2.1	confirmed	Batch analysis #7, scan date 2024-06-15
PID-0319	10.1182/bld.9000318	Ghobrial	Blood	2014	Fig.2B-vs-Fig.5D	0.6611	DISTINCT	ImageTwin_v2.1	pending	Batch analysis #7, scan date 2024-07-15
PID-0320	10.1182/bld.9000319	Hahn	Leukemia	2005	Fig.4B-vs-Fig.2B	0.8052	SIMILAR	ImageTwin_v2.1	reviewed	Batch analysis #7, scan date 2024-08-15
PID-0321	10.1182/bld.9000320	Hahn	Blood	2021	Fig.6A-vs-Fig.2A	0.5891	DISTINCT	ImageTwin_v2.1	pending	Batch analysis #7, scan date 2024-09-15
PID-0322	10.1182/bld.9000321	Glimcher	Nature Medicine	2012	Fig.4A-vs-Fig.8C	0.7401	DISTINCT	ImageTwin_v2.1	reviewed	Batch analysis #7, scan date 2024-10-15
PID-0323	10.1182/bld.9000322	Hahn	Cancer Cell	2001	Fig.7C-vs-Fig.5B	0.876	SIMILAR	ImageTwin_v2.1	confirmed	Batch analysis #7, scan date 2024-11-15
PID-0324	10.1182/bld.9000323	Glimcher	PNAS	1999	Fig.8D-vs-Fig.7D	0.7852	DISTINCT	ImageTwin_v2.1	disputed	Batch analysis #7, scan date 2024-12-15
PID-0325	10.1182/bld.9000324	Glimcher	Molecular Cell	2012	Fig.1D-vs-Fig.4C	0.643	DISTINCT	ImageTwin_v2.1	pending	Batch analysis #7, scan date 2024-01-15
PID-0326	10.1182/bld.9000325	Ghobrial	PNAS	2014	Fig.5B-vs-Fig.4D	0.7294	DISTINCT	ImageTwin_v2.1	pending	Batch analysis #7, scan date 2024-02-15
PID-0327	10.1182/bld.9000326	Ghobrial	Leukemia	2004	Fig.5B-vs-Fig.7A	0.9402	SIMILAR	ImageTwin_v2.1	disputed	Batch analysis #7, scan date 2024-03-15
PID-0328	10.1182/bld.9000327	Ghobrial	Cancer Cell	2010	Fig.3B-vs-Fig.6C	0.5194	DISTINCT	ImageTwin_v2.1	disputed	Batch analysis #7, scan date 2024-04-15
PID-0329	10.1182/bld.9000328	Ghobrial	Oncogene	2001	Fig.6D-vs-Fig.6C	0.6826	DISTINCT	ImageTwin_v2.1	pending	Batch analysis #7, scan date 2024-05-15
PID-0330	10.1182/bld.9000329	Glimcher	Nature Medicine	2019	Fig.8D-vs-Fig.5B	0.9082	SIMILAR	ImageTwin_v2.1	disputed	Batch analysis #7, scan date 2024-06-15
PID-0331	10.1182/bld.9000330	Ghobrial	Blood	2014	Fig.1B-vs-Fig.1D	0.7618	DISTINCT	ImageTwin_v2.1	disputed	Batch analysis #7, scan date 2024-07-15
PID-0332	10.1182/bld.9000331	Anderson	PNAS	2020	Fig.4B-vs-Fig.6B	0.7674	DISTINCT	ImageTwin_v2.1	pending	Batch analysis #7, scan date 2024-08-15
PID-0333	10.1182/bld.9000332	Anderson	Molecular Cell	2008	Fig.8C-vs-Fig.8B	0.9253	SIMILAR	ImageTwin_v2.1	disputed	Batch analysis #7, scan date 2024-09-15
PID-0334	10.1182/bld.9000333	Hahn	Oncogene	2012	Fig.7C-vs-Fig.6D	0.7009	DISTINCT	ImageTwin_v2.1	reviewed	Batch analysis #7, scan date 2024-10-15
PID-0335	10.1182/bld.9000334	Anderson	PNAS	2011	Fig.4B-vs-Fig.2A	0.961	DUPLICATE	ImageTwin_v2.1	pending	Batch analysis #7, scan date 2024-11-15
PID-0336	10.1182/bld.9000335	Glimcher	Oncogene	2021	Fig.3A-vs-Fig.6D	0.7107	DISTINCT	ImageTwin_v2.1	confirmed	Batch analysis #7, scan date 2024-12-15
PID-0337	10.1182/bld.9000336	Glimcher	Leukemia	2021	Fig.4C-vs-Fig.2A	0.8078	SIMILAR	ImageTwin_v2.1	pending	Batch analysis #7, scan date 2024-01-15
PID-0338	10.1182/bld.9000337	Glimcher	Blood	2008	Fig.8D-vs-Fig.1D	0.6192	DISTINCT	ImageTwin_v2.1	disputed	Batch analysis #7, scan date 2024-02-15
PID-0339	10.1182/bld.9000338	Ghobrial	Science	2015	Fig.6A-vs-Fig.8B	0.5733	DISTINCT	ImageTwin_v2.1	disputed	Batch analysis #7, scan date 2024-03-15
PID-0340	10.1182/bld.9000339	Anderson	Leukemia	2011	Fig.6C-vs-Fig.6A	0.5271	DISTINCT	ImageTwin_v2.1	confirmed	Batch analysis #7, scan date 2024-04-15
PID-0341	10.1182/bld.9000340	Ghobrial	Molecular Cell	2020	Fig.2D-vs-Fig.6C	0.6412	DISTINCT	ImageTwin_v2.1	confirmed	Batch analysis #7, scan date 2024-05-15
PID-0342	10.1182/bld.9000341	Hahn	Blood	2015	Fig.6C-vs-Fig.1A	0.8949	SIMILAR	ImageTwin_v2.1	pending	Batch analysis #7, scan date 2024-06-15
PID-0343	10.1182/bld.9000342	Hahn	PNAS	2013	Fig.7A-vs-Fig.7B	0.6203	DISTINCT	ImageTwin_v2.1	pending	Batch analysis #7, scan date 2024-07-15
PID-0344	10.1182/bld.9000343	Glimcher	Blood	2003	Fig.8B-vs-Fig.3C	0.5079	DISTINCT	ImageTwin_v2.1	reviewed	Batch analysis #7, scan date 2024-08-15
PID-0345	10.1182/bld.9000344	Ghobrial	Science	2011	Fig.2C-vs-Fig.1B	0.4618	DISTINCT	ImageTwin_v2.1	pending	Batch analysis #7, scan date 2024-09-15
PID-0346	10.1182/bld.9000345	Hahn	Blood	2022	Fig.7C-vs-Fig.7C	0.9985	DUPLICATE	ImageTwin_v2.1	confirmed	Batch analysis #7, scan date 2024-10-15
PID-0347	10.1182/bld.9000346	Anderson	Oncogene	2016	Fig.4B-vs-Fig.6A	0.7444	DISTINCT	ImageTwin_v2.1	confirmed	Batch analysis #7, scan date 2024-11-15
PID-0348	10.1182/bld.9000347	Hahn	PNAS	2004	Fig.1A-vs-Fig.7C	0.522	DISTINCT	ImageTwin_v2.1	disputed	Batch analysis #7, scan date 2024-12-15
PID-0349	10.1182/bld.9000348	Anderson	Blood	2017	Fig.3C-vs-Fig.2B	0.897	SIMILAR	ImageTwin_v2.1	disputed	Batch analysis #7, scan date 2024-01-15
PID-0350	10.1182/bld.9000349	Hahn	Oncogene	2013	Fig.4A-vs-Fig.3A	0.9275	SIMILAR	ImageTwin_v2.1	reviewed	Batch analysis #7, scan date 2024-02-15
